{"type":"FeatureCollection","crs":{"type":"name","properties":{"name":"EPSG:4326"}},"features":[{"type":"Feature","id":1,"geometry":{"type":"MultiPolygon","coordinates":[[[[-1.7788745159065,55.6677306667552],[-1.80243892207113,55.6682838306086],[-1.81559116162826,55.6824100058206],[-1.84239488379303,55.6787148483227],[-1.85495547464103,55.6856300111647],[-1.79738617145307,55.687223511114],[-1.77921132996328,55.6856261085129],[-1.7788745159065,55.6677306667552]]],[[[-1.97005959181257,54.4515215419127],[-1.99676437249464,54.4669034501358],[-2.04472952149334,54.4751862741994],[-2.04319843418636,54.4835994484301],[-2.11659617374357,54.4622634788676],[-2.17021302341009,54.4581987864732],[-2.15899719522344,54.4720296362657],[-2.17239803091915,54.5324441170854],[-2.1975305681045,54.5327039668268],[-2.20948818801937,54.5517133732167],[-2.30451453732035,54.5961978460776],[-2.32493776754246,54.6316502370591],[-2.28797868798434,54.6504801050066],[-2.29287495116332,54.6638852920078],[-2.32728766379605,54.6707277204701],[-2.3517691141703,54.6859308518177],[-2.35574349126058,54.6976521803542],[-2.32574674352329,54.7266292314753],[-2.31208952139601,54.791015046825],[-2.32738520521004,54.8053324704389],[-2.34842858236682,54.8070792761441],[-2.38998545539512,54.8321552451471],[-2.41162383316527,54.8564307386828],[-2.42311358990481,54.8426357115832],[-2.46059555927453,54.8341708146448],[-2.49540931690248,54.8103066701864],[-2.52388156445319,54.806031664475],[-2.55830666783179,54.8167246166541],[-2.5826710473889,54.8458667833493],[-2.5733523421453,54.85354619717],[-2.60543022085515,54.8843823124885],[-2.576414043381,54.8967171106932],[-2.56622128213206,54.9192380646072],[-2.54527258594748,54.9291719631134],[-2.5676494601143,54.9408560229589],[-2.5684915407988,54.9583618188865],[-2.59556897269462,54.9634809328243],[-2.60142928962866,54.9713401712004],[-2.57331076701359,54.9876377877579],[-2.57285163624202,55.016398334339],[-2.48304985289922,55.0400190776244],[-2.50398494073629,55.0624298954354],[-2.48608636846351,55.0824435692357],[-2.50257438884046,55.0907586771773],[-2.56213639511457,55.0834621700379],[-2.56842600789086,55.0962614149744],[-2.59353940992697,55.1050960602838],[-2.59890282488408,55.1245757167589],[-2.65693941786684,55.1361318320617],[-2.67732441003321,55.1554875895197],[-2.67455532375496,55.175891468009],[-2.68979023468093,55.1889842117909],[-2.66681478936402,55.2215803917584],[-2.63141420723572,55.223698086694],[-2.63022898083156,55.2447914977189],[-2.61145085823106,55.247134430211],[-2.64677118122792,55.2600438647232],[-2.62665606674878,55.2622209394175],[-2.60923810325275,55.2832480274005],[-2.57336309653361,55.2968843981579],[-2.55900833851599,55.3178528230182],[-2.52026965851611,55.3230470920814],[-2.47539346393945,55.3547399208929],[-2.41499664354287,55.3589219038862],[-2.39950503983204,55.3482214019491],[-2.37891180668305,55.3491694380124],[-2.33752995734802,55.3671909676834],[-2.34623321175052,55.3730610542629],[-2.33002052064813,55.3812415681135],[-2.34494682160794,55.399313431888],[-2.33562914471265,55.4082080643391],[-2.31325356259941,55.4067893351075],[-2.26061128927204,55.4329339989058],[-2.23128191247239,55.4284292928826],[-2.1948582004813,55.4445902861233],[-2.18807797550291,55.4621152762314],[-2.16552123212146,55.4683818998743],[-2.2013358331861,55.4752675207087],[-2.20264927507781,55.4895412894695],[-2.2288455155222,55.5095187818005],[-2.24030650591668,55.555627170165],[-2.28881057092811,55.5803072667808],[-2.28923229505331,55.6037736976921],[-2.3160941125707,55.6204584689942],[-2.30862602968367,55.6288759781344],[-2.32431056016349,55.6261659078181],[-2.3360051012893,55.6324814837827],[-2.30578970416838,55.6470437745825],[-2.23436858586757,55.6410421018837],[-2.24834586160377,55.6521497554078],[-2.21845272805107,55.6642602692339],[-2.21865916071878,55.6759071381416],[-2.16723105928948,55.7060351656943],[-2.17651977447433,55.7188375136977],[-2.15057590272696,55.7231544092576],[-2.1440192719196,55.7393488758754],[-2.11763747623682,55.7387750010784],[-2.10764153176143,55.7598881515839],[-2.08563914903876,55.7620403339433],[-2.08612309427019,55.793045271488],[-2.03453334116231,55.8111957241053],[-2.00157810876404,55.7785457454667],[-1.98813656972887,55.7652103951086],[-1.99873368638965,55.7665205223272],[-1.96070707661268,55.7332266980585],[-1.91738034256312,55.7113181280615],[-1.88409332954301,55.6944591247616],[-1.88562738129918,55.6839524850602],[-1.87324686228725,55.6827839682908],[-1.87002498158015,55.6659138137329],[-1.85443095461984,55.6534433484442],[-1.84087288676687,55.6425929130727],[-1.81318622526472,55.6337046381363],[-1.78386930076396,55.64404603552],[-1.7647767256772,55.6259096424636],[-1.78633189999701,55.6160043786547],[-1.77078942058455,55.6034844025073],[-1.74233786376601,55.6185622152542],[-1.72281421421231,55.6168131275703],[-1.68418851396595,55.5989566667389],[-1.66683306376843,55.5909242500168],[-1.66202338347847,55.5869201741753],[-1.65095715069074,55.5835718812101],[-1.63942865021284,55.5782306230276],[-1.65216369147312,55.5712558804608],[-1.64566388503594,55.5741764997225],[-1.64209854106874,55.5711890442808],[-1.64212348887795,55.5711426694563],[-1.64027484115702,55.5697617195006],[-1.61882582003225,55.5521770871585],[-1.63146390681364,55.5483454574114],[-1.63147600977511,55.5448882341438],[-1.63833013500806,55.5409372766371],[-1.631506362554,55.5362115808131],[-1.6315073139839,55.5359395812057],[-1.6290999045133,55.5345446101286],[-1.61059329382314,55.5217182721004],[-1.61124793012512,55.5175298207859],[-1.61618368390528,55.5129295005628],[-1.61197937016232,55.5128489149128],[-1.61427439421223,55.4981543199888],[-1.59113326088631,55.492408361584],[-1.59195067890919,55.4731462715865],[-1.59334536153846,55.4402349554799],[-1.59050673596201,55.4387591617992],[-1.5905028666335,55.4377252677834],[-1.57545457980509,55.4304081585853],[-1.5782254028523,55.41693429048],[-1.57831966147886,55.4168308527894],[-1.57828908425265,55.4168020449667],[-1.58031703200177,55.4067569377337],[-1.61081263768571,55.3852774709458],[-1.62127361286657,55.3883061201646],[-1.60833182781801,55.3837843065926],[-1.60229623687177,55.3724796161573],[-1.60220538041895,55.3697332953562],[-1.59626837539355,55.3611826823802],[-1.58686984706486,55.3435552943682],[-1.58620952300406,55.3359493767671],[-1.57287239563033,55.3385746667167],[-1.56424891959739,55.3337606722125],[-1.54941968660041,55.3218385625153],[-1.56146459707831,55.2982412052313],[-1.56502514730016,55.2933431466824],[-1.5678900596076,55.2894010872128],[-1.5674378697523,55.2865280961],[-1.57313569990995,55.2753482694986],[-1.52227002912006,55.2137602586959],[-1.52217304794505,55.2098441775872],[-1.51522912555009,55.2052184956693],[-1.49914459927691,55.1856900028207],[-1.50868819717412,55.1840966534633],[-1.51171479560195,55.1836538501266],[-1.52507761098866,55.1626320452904],[-1.54003041425217,55.1613378574292],[-1.52493482293934,55.1605144052681],[-1.52003764213045,55.1546730282052],[-1.51939903799187,55.1492850898914],[-1.50885315474855,55.1413249822167],[-1.49862144354991,55.1291052931847],[-1.51613150363143,55.1360232906057],[-1.49653199916353,55.1236759027553],[-1.49734094159709,55.1133670262415],[-1.49775222518735,55.1081236612838],[-1.47866478468394,55.0791086019856],[-1.47256091722681,55.0842874618857],[-1.46449427908117,55.0775323766187],[-1.46179852131807,55.0743523283102],[-1.4499410257551,55.0585804132727],[-1.45053056692368,55.0551970721259],[-1.44423632400827,55.0509857117952],[-1.42067662295208,55.0195873236398],[-1.40316515544159,55.0146050970683],[-1.41678966933527,55.0165301479979],[-1.42184475334066,55.013605284937],[-1.42984160397748,55.0132284721176],[-1.45330357880934,54.9898153439475],[-1.52921092857056,54.9833414594432],[-1.44943213958568,54.9843513379793],[-1.42575452571394,55.0064542444513],[-1.42004180180867,55.0045567389097],[-1.41865785674012,55.0032629631643],[-1.41223226015833,55.0061645049837],[-1.41066110692229,54.9985768437269],[-1.37660160131053,54.9775455648772],[-1.35663012909279,54.9651987906574],[-1.36396963371884,54.9441195064483],[-1.36399878922394,54.9438746374466],[-1.3652899473725,54.9330273662184],[-1.36611379018477,54.9261028898172],[-1.35894579830935,54.9236318387718],[-1.35864322011341,54.9221365627065],[-1.36341118979104,54.9227431167075],[-1.37088122886461,54.9117678928286],[-1.35763882925126,54.9171723074099],[-1.35475454303076,54.9029098024569],[-1.36164017161025,54.898297515157],[-1.34744802833526,54.8606295970162],[-1.3472334910663,54.8604448648477],[-1.3234705485791,54.8399704008124],[-1.32082920429295,54.8375605422941],[-1.32934628775083,54.8379612993441],[-1.30075416408079,54.7698021380938],[-1.29846647612096,54.7679736476218],[-1.29838924476451,54.7677328155915],[-1.29506991677755,54.7652583984594],[-1.27951449423846,54.7528178308249],[-1.24224048927432,54.7229684576401],[-1.24193513699867,54.7227237059714],[-1.24251971578362,54.7224307998909],[-1.24283952058514,54.7222639004376],[-1.17763328632402,54.6991864060627],[-1.17408854153235,54.6918780587945],[-1.19632938053034,54.6985649676233],[-1.18750965082326,54.6939094540718],[-1.18881024829703,54.6924104562349],[-1.1921059840871,54.6925293699222],[-1.1944053868378,54.6859600376227],[-1.19909662652752,54.6805499355793],[-1.18279969615044,54.6588044069678],[-1.17385872960596,54.655013525951],[-1.17379529969732,54.6549911048115],[-1.15772382873222,54.6481937616094],[-1.16844628689693,54.645620252678],[-1.17320740840331,54.6334571776513],[-1.18876265284135,54.6326511071376],[-1.19319052119843,54.6290521251708],[-1.20017548819034,54.6234987401545],[-1.16207680193101,54.6226475756817],[-1.16044352463709,54.6104915098874],[-1.19860430524571,54.5828681330573],[-1.16025484618792,54.604540133614],[-1.1491305479414,54.6143317553151],[-1.15462417112669,54.6275034995929],[-1.13544641947666,54.6296319313814],[-1.13698135239308,54.6432122052832],[-1.12994147130931,54.6400277361592],[-1.11881251870773,54.6288614434356],[-1.07234092064147,54.6201909500615],[-1.05411779142493,54.6167850848953],[-1.04048299223319,54.6107808557181],[-0.999991565447083,54.5929366722177],[-0.962802243715658,54.5851610196721],[-0.946460451072389,54.5874498075733],[-0.936410983574409,54.5880998936671],[-0.896030320054748,54.571400739644],[-0.853009737827306,54.5717439974542],[-0.84406745469557,54.5697083654142],[-0.79425172360061,54.5583524626791],[-0.791891321596222,54.5582385432237],[-0.800419189624358,54.5510109262824],[-0.826984924884237,54.5485751010628],[-0.848647296999422,54.5300038306061],[-0.848530740669528,54.4879729385557],[-0.880825023321811,54.4970468612461],[-0.95295159878879,54.4880355498999],[-1.00340105302893,54.5030121011784],[-1.03685145507171,54.4940440614211],[-1.0945238497457,54.5067598362799],[-1.118380006568,54.498198571484],[-1.14619694918505,54.5028216123635],[-1.2348659056463,54.5103160454452],[-1.25667466779605,54.5011079136759],[-1.25740307369374,54.4873218309269],[-1.28097851344655,54.4904431192227],[-1.30033745632526,54.4758498843291],[-1.3436289617262,54.4641554130233],[-1.3449150344902,54.472408010152],[-1.36441713757231,54.4659524105724],[-1.37256157634613,54.4723074627125],[-1.38101055095849,54.4940289315591],[-1.39505004776972,54.4856799730286],[-1.4070888004288,54.4935296390409],[-1.4127863622095,54.4771953992089],[-1.43211777207152,54.4794545660635],[-1.43490529222604,54.4874931719167],[-1.45850783643192,54.5039188906345],[-1.47455794258184,54.5007110845137],[-1.45919258759602,54.4942680219315],[-1.46379873424317,54.4735508542539],[-1.45341385015051,54.4660154362826],[-1.46279137012721,54.4613922624054],[-1.45615000928909,54.452449254975],[-1.47205221947318,54.4555996013609],[-1.47537275450978,54.4738451797951],[-1.49905229172371,54.4756782321308],[-1.49177548205142,54.4862004935071],[-1.51134080603032,54.475012262557],[-1.51413191898829,54.4837750930397],[-1.52883695101345,54.4848137395141],[-1.51983281094641,54.4710470177264],[-1.54567271781715,54.4712384767645],[-1.55519520906131,54.4849781916841],[-1.58298032825201,54.4971007337083],[-1.57921485379812,54.5051876862763],[-1.5918807025688,54.5043008614548],[-1.5810685374162,54.512845659506],[-1.60263741568541,54.5105816522225],[-1.61148472705544,54.5200007887423],[-1.63332908641843,54.5141114041705],[-1.63377378148266,54.5253643798481],[-1.65467519936764,54.5246500979569],[-1.65793716561516,54.5345889230914],[-1.69692636354541,54.5360064306057],[-1.7213108898176,54.5423017252838],[-1.73309136190534,54.5277364132304],[-1.77969652860646,54.5318729957081],[-1.77613231485781,54.5067285050585],[-1.7929764841409,54.4844924296004],[-1.83943329268703,54.5084372373878],[-1.85780051144888,54.5035397952873],[-1.85912998437976,54.4818579042154],[-1.94254323626911,54.453395355892],[-1.97005959181257,54.4515215419127]]]]},"properties":{"OBJECTID":1,"ITL121CD":"TLC","ITL121NM":"North East (England)","BNG_E":417314,"BNG_N":600356,"LONG":-1.72888,"LAT":55.29701,"Shape__Area":8605837803.8382263,"Shape__Length":646536.0252565823,"GlobalID":"3a1e31b6-4e91-4e6b-a212-43ce7594007d"}},{"type":"Feature","id":2,"geometry":{"type":"MultiPolygon","coordinates":[[[[-3.17306640460304,54.0470712511459],[-3.20969137925507,54.0475232385705],[-3.22374215452021,54.0618310393009],[-3.2685431990135,54.1073731458773],[-3.27644330368993,54.1427739245926],[-3.25214695221851,54.1505800131863],[-3.2657150309032,54.1440817418912],[-3.24547526112795,54.1096516436952],[-3.2515169017192,54.0963469466508],[-3.22434460901049,54.0822678830856],[-3.22092612696938,54.0804955165545],[-3.22337695772183,54.0670155235895],[-3.21016264823821,54.065092871925],[-3.20491061822776,54.05168871008],[-3.17853351091223,54.0552939096333],[-3.17413830784553,54.0483056152373],[-3.17286653371012,54.0552585869661],[-3.17306640460304,54.0470712511459]]],[[[-2.52951582206291,52.9471648775005],[-2.56126288258472,52.9649521051142],[-2.58641372797688,52.9553790887172],[-2.59769347128031,52.9630059899653],[-2.59488906784906,52.979607147503],[-2.63265093997599,52.9966707881013],[-2.67466228547344,52.9856628103872],[-2.69929243706707,52.9954387986715],[-2.7268406065337,52.9832729462979],[-2.75994017907759,52.9864196664708],[-2.76827535226212,52.9948605050911],[-2.80331096845295,52.9895941862689],[-2.83599558998031,52.9971501477239],[-2.84406201375565,53.0176683679723],[-2.86104429459501,53.0228486549975],[-2.85571506743296,53.0372559051516],[-2.87011791103359,53.0453605941227],[-2.85924038438121,53.0542555278963],[-2.87255483685911,53.0586155397175],[-2.86147506312264,53.0606604010825],[-2.88164358493241,53.0743920840043],[-2.87572225444001,53.0815220294324],[-2.90207396485116,53.0920394250029],[-2.88109940909981,53.1216037184015],[-2.91023233565262,53.1126389642335],[-2.96381312520353,53.1327575259659],[-2.97949802680966,53.1506216460487],[-2.99508831011407,53.1541959628634],[-2.92783850918184,53.1714114107239],[-2.92229929319045,53.1892926726237],[-2.9983782407184,53.2358586442707],[-3.03602413178741,53.2518049844468],[-3.07849710120561,53.2560493839223],[-3.08992632051612,53.2595277738838],[-3.09466315631888,53.2628465075583],[-3.09969394935142,53.2705731207757],[-3.08244748959804,53.2714958747395],[-3.0917236135272,53.278376210391],[-3.07724116308013,53.2778648326394],[-3.08388136361547,53.2794509291581],[-3.08686453612373,53.2889055540118],[-3.09328010293345,53.2844161447185],[-3.10402538878584,53.2880557635029],[-3.10373302503565,53.2999982492732],[-3.10901471665782,53.2972575074564],[-3.11663410974724,53.3117186580135],[-3.12234023238004,53.3225416740621],[-3.18627704194037,53.3644468407128],[-3.20037654033884,53.3875016780633],[-3.04123796139626,53.4429299025684],[-3.00252063441103,53.3747324575536],[-2.93416686940746,53.3132880607901],[-2.92875517067703,53.3084140557647],[-2.92857185484133,53.3082489292371],[-2.90165102634795,53.2954401361611],[-2.88947026293911,53.2896400301159],[-2.90053434199195,53.2970099245805],[-2.85556823597894,53.2920219419778],[-2.85728106185468,53.2869075058869],[-2.83960109528606,53.2987369187389],[-2.84638341427147,53.3069445085307],[-2.81595602193589,53.3061631550092],[-2.78879575682534,53.2954088619423],[-2.75278930962497,53.314569610108],[-2.75248009287821,53.3147340379009],[-2.76305805408539,53.3309217412094],[-2.75324999879397,53.3435995570505],[-2.74020277745822,53.3450648988112],[-2.73819144575323,53.3479364637467],[-2.759133575721,53.3496073959202],[-2.77822048538136,53.3326260444568],[-2.78428779480983,53.3364309497612],[-2.77769098803628,53.3292802782324],[-2.78863138810546,53.3225395773714],[-2.82666108253203,53.3316567922678],[-2.82795234956314,53.3314589549111],[-2.85442768254741,53.3273991325323],[-2.87815840321049,53.3341988138049],[-2.90270834299597,53.345556925027],[-2.97465151939054,53.3787774641337],[-3.00184540968684,53.4103255854949],[-3.00863194236089,53.4378809959021],[-3.00875530418757,53.4383815421642],[-3.02653011797526,53.4531481415705],[-3.02629543120782,53.4540608109102],[-3.03820410962348,53.4628394099234],[-3.04141347475124,53.4655027479079],[-3.05737817659579,53.4920389699388],[-3.06506183006108,53.5047971873254],[-3.06248233293205,53.5295750807606],[-3.07190951752182,53.5216158589669],[-3.10003494701199,53.5397288395841],[-3.10445245054277,53.5588206991641],[-3.04272333876981,53.6363293800141],[-2.99897348764793,53.6723144926613],[-2.9671418349254,53.6984478763779],[-2.97148810101294,53.692163169498],[-2.95621899267667,53.6974877504909],[-2.94152892556939,53.6965385688847],[-2.95510573115786,53.7044380076446],[-2.93364863522966,53.7042456330371],[-2.94817072222544,53.7115856742061],[-2.93828310335846,53.7249364740234],[-2.91550650829471,53.7133397809798],[-2.9293482374125,53.7241612106601],[-2.91085816286212,53.7269510663948],[-2.86806789131897,53.7333954259141],[-2.84831612217011,53.7300131291511],[-2.85491008369852,53.7352587753293],[-2.82551831064558,53.7443358351762],[-2.82765397957907,53.7438869356895],[-2.85574032052246,53.738519212182],[-2.85682566732856,53.7382130160201],[-2.90357576992716,53.732502021704],[-2.910979506621,53.7325678086253],[-2.95301519670699,53.7329330837558],[-2.94166056928297,53.7362829033471],[-2.97656746403366,53.7340388754514],[-3.03884162124274,53.7472425348165],[-3.05684619508057,53.7765826254856],[-3.05011615378036,53.8516443429951],[-3.04806280311269,53.8744799967958],[-3.04795018872981,53.8757317272637],[-3.04974587073514,53.9200184213077],[-3.00796836863459,53.9286645514017],[-3.00693525378847,53.9015760694798],[-2.9993278661555,53.9285767631454],[-2.92374356174751,53.9511297176186],[-2.91561648985077,53.9457227577164],[-2.90476456086632,53.9384998736685],[-2.88664897158637,53.9416776480834],[-2.89432661972382,53.9465412930192],[-2.88520312722604,53.9484663120006],[-2.87043151885361,53.951581197095],[-2.88677863851504,53.9583911440691],[-2.87144059785945,53.9566693091669],[-2.8619323184321,53.9646091841083],[-2.84500555609973,53.9653802188156],[-2.87183764786366,53.9702584531968],[-2.87925462558509,53.9791130177534],[-2.85608726993117,53.9995800772018],[-2.83274199668418,53.9985182142673],[-2.83218697687556,54.0094317198619],[-2.86053240158165,54.0038525562642],[-2.87145099439061,54.0046590238402],[-2.88104026035682,53.9894528395905],[-2.88397839595715,53.9947340594748],[-2.89793355319997,53.9911029182047],[-2.90341859421464,54.0205632920916],[-2.91742711661011,54.0280903105987],[-2.92426216683014,54.0317612371643],[-2.9227330034073,54.0324210218653],[-2.92248334821455,54.0324535058715],[-2.91753730179893,54.0330969217327],[-2.91241947642681,54.0337623754679],[-2.91755260654238,54.033789625481],[-2.91953651295226,54.0338000774798],[-2.91757156209447,54.0346477106877],[-2.90607856282582,54.0396041091783],[-2.88244898798301,54.0723720108795],[-2.87017326945177,54.0762289422635],[-2.84718123157456,54.0775427546716],[-2.81958801106523,54.0887961881058],[-2.81435960548865,54.094903228212],[-2.82561070732241,54.087596561246],[-2.82694730401757,54.099976939441],[-2.78498802504197,54.1349992713138],[-2.82003318116081,54.1226400380229],[-2.83631187682557,54.15067137598],[-2.86391493513039,54.1564819635056],[-2.86948703408624,54.1766691537113],[-2.85743296885839,54.178985905942],[-2.86411906206232,54.1920402798671],[-2.84247353495541,54.2055178713719],[-2.9050042850695,54.1947264963947],[-2.92079576903843,54.1802358113193],[-2.93523626039889,54.1669741005926],[-2.93186222923333,54.1513920411918],[-3.01362125913996,54.1315711015089],[-3.00007059075305,54.1526098696201],[-3.00217718460236,54.1664759029298],[-3.03876706696742,54.1972039241316],[-3.03241933889021,54.2113156616678],[-3.06338579985564,54.1862107722955],[-3.06085586244679,54.161998212743],[-3.10570957680404,54.1191210082036],[-3.1491101955651,54.0935323997655],[-3.17239860228322,54.0817840932474],[-3.15071074269097,54.0647853259487],[-3.17143439584738,54.0796282902983],[-3.1779998179255,54.074899330702],[-3.17368733081194,54.0833030679684],[-3.19404943084951,54.1042601891736],[-3.22021852359831,54.0897082013504],[-3.22468164542907,54.0937088077695],[-3.24212030980976,54.1093312151482],[-3.23701633985702,54.1547406748333],[-3.24941249202574,54.1546980247532],[-3.25711251685852,54.1672821625955],[-3.22708416211791,54.1749349400244],[-3.21715247543481,54.1774638258444],[-3.22299022376768,54.1877903350444],[-3.21475777672518,54.1856590248126],[-3.21305795556074,54.2071924613385],[-3.20586051167866,54.2097031155446],[-3.2026478876853,54.2108235239697],[-3.20181685631588,54.2111133240878],[-3.17973849012581,54.2389973238267],[-3.19756443719732,54.2287980994783],[-3.2103521449224,54.2539732392663],[-3.22904062116441,54.2599049907791],[-3.22780656700531,54.2776756459478],[-3.2299477637096,54.271302937514],[-3.23048024437649,54.2697178444145],[-3.23370326983796,54.2601206927836],[-3.22951660309903,54.2568168059115],[-3.22290710382575,54.2515995590947],[-3.22931400204313,54.2500114022728],[-3.24371221256454,54.2464406610367],[-3.2293075392732,54.2497943163878],[-3.22563797533963,54.2398200232727],[-3.22894558878855,54.2376393178638],[-3.26576918176485,54.2133399730401],[-3.25401132932396,54.2103332215305],[-3.25146671737491,54.2158316181241],[-3.24519314158425,54.2093026917692],[-3.23926053888442,54.2031264331456],[-3.26300184428729,54.1903163844157],[-3.28761980211988,54.1970513433596],[-3.29936610307597,54.1884098889743],[-3.32239183677713,54.1905339834654],[-3.34228735379021,54.2082606332159],[-3.39421568711067,54.2544402207594],[-3.42140381405054,54.2844021354466],[-3.41402530612644,54.3579319805024],[-3.43528528972723,54.3433826122152],[-3.47952144260291,54.3864165814353],[-3.50961620608353,54.4156320081065],[-3.54342312949987,54.4408649104256],[-3.63885961368888,54.5118763234355],[-3.60732414964278,54.5308763846158],[-3.60482111593214,54.5374494915716],[-3.59789604687706,54.5525578934265],[-3.58978014916802,54.5498055768035],[-3.58470563696414,54.564840994852],[-3.57258938366536,54.600696586541],[-3.56588930976735,54.6122756807922],[-3.58004670656464,54.6522464658427],[-3.57174440789781,54.6509137131655],[-3.55197577357907,54.6666398249346],[-3.51934588693345,54.6925637906769],[-3.51344175194216,54.7082000304047],[-3.50764168882994,54.7168809378574],[-3.4941864891392,54.71241899074],[-3.50712873863076,54.7176216618908],[-3.45689250893301,54.7461993584845],[-3.43901715320327,54.7563536406734],[-3.43769382482379,54.8020048530965],[-3.39984215974276,54.8674638203826],[-3.37773584583331,54.8840957609121],[-3.33884600103387,54.9002339788036],[-3.33975763510812,54.8962695814905],[-3.30220359786018,54.885130644305],[-3.28185568841979,54.8749770009028],[-3.28854072201698,54.8920400437582],[-3.27536860162599,54.8918807490573],[-3.26645760261626,54.8917142688829],[-3.24909668904512,54.9017904762181],[-3.24857148359066,54.9020951870048],[-3.24913251490371,54.9029474346437],[-3.25434436260258,54.9108627365112],[-3.27490805773485,54.9030635638214],[-3.30815877544831,54.9114911800827],[-3.31327046250826,54.919198143804],[-3.30258973507405,54.9276976855922],[-3.28517845096317,54.9415436520089],[-3.26533730559232,54.9430343295852],[-3.26893828532358,54.937073522635],[-3.25044269376829,54.9452057655089],[-3.23220190324312,54.9532200164452],[-3.20439217458803,54.9538753136407],[-3.14610633411414,54.9344450368019],[-3.13379197808665,54.930333802676],[-3.13104366544651,54.9294159716341],[-3.11928404352911,54.9254875344688],[-3.11887035942689,54.9253493029207],[-3.1030150569388,54.9296741936684],[-3.07361916114678,54.9376846537343],[-3.1297849995885,54.9344049034928],[-3.13111868505205,54.9476102225377],[-3.10873070167648,54.9491150648882],[-3.11626886093718,54.9606623011],[-3.1040230149421,54.9713739064015],[-3.07568371668851,54.9675974119312],[-3.05841740623838,54.9830657811795],[-3.0565984490646,54.9828263605182],[-3.05432366136423,54.9900402142059],[-3.02587493164119,55.0364588169844],[-3.05341969197789,55.0472840389931],[-3.05092854163158,55.052803598944],[-2.95859356801057,55.0492945929747],[-2.93640742375777,55.0595859281934],[-2.9404291160665,55.0691281621337],[-2.89687924721878,55.0779496478708],[-2.88629245338615,55.0948098956192],[-2.8585400590392,55.1083488051245],[-2.82760794396968,55.124836869601],[-2.82550257522398,55.138314073192],[-2.78487492211834,55.1417752174784],[-2.70340462668595,55.1732113018482],[-2.68979023468094,55.1889842117909],[-2.67455532375497,55.175891468009],[-2.67732441003321,55.1554875895197],[-2.65693941786685,55.1361318320617],[-2.59890282488408,55.1245757167589],[-2.59353940992698,55.1050960602838],[-2.56842600789087,55.0962614149744],[-2.56213639511458,55.0834621700379],[-2.50257438884047,55.0907586771773],[-2.48608636846352,55.0824435692357],[-2.50398494073629,55.0624298954354],[-2.48304985289923,55.0400190776244],[-2.57285163624203,55.016398334339],[-2.5733107670136,54.9876377877579],[-2.60142928962867,54.9713401712004],[-2.59556897269462,54.9634809328243],[-2.56849154079881,54.9583618188865],[-2.5676494601143,54.9408560229589],[-2.54527258594749,54.9291719631133],[-2.56622128213207,54.9192380646072],[-2.57641404338101,54.8967171106932],[-2.60543022085515,54.8843823124884],[-2.57335234214531,54.85354619717],[-2.58267104738891,54.8458667833493],[-2.5583066678318,54.8167246166541],[-2.5238815644532,54.806031664475],[-2.49540931690249,54.8103066701863],[-2.46059555927454,54.8341708146448],[-2.42311358990482,54.8426357115832],[-2.41162383316527,54.8564307386827],[-2.38998545539513,54.8321552451471],[-2.34842858236683,54.8070792761441],[-2.32738520521005,54.8053324704389],[-2.31208952139602,54.791015046825],[-2.32574674352329,54.7266292314753],[-2.35574349126059,54.6976521803542],[-2.35176911417031,54.6859308518177],[-2.32728766379606,54.6707277204701],[-2.29287495116333,54.6638852920078],[-2.28797868798435,54.6504801050066],[-2.32493776754246,54.6316502370591],[-2.30451453732035,54.5961978460776],[-2.20948818801937,54.5517133732167],[-2.19753056810451,54.5327039668268],[-2.17239803091915,54.5324441170854],[-2.15899719522345,54.4720296362657],[-2.1702130234101,54.4581987864732],[-2.17750847989616,54.461625676532],[-2.18931554536681,54.4489784740485],[-2.24953922329874,54.4519434362394],[-2.29286520125923,54.4393074927418],[-2.30814588995346,54.4197937733518],[-2.30550673679387,54.3971200662175],[-2.29178388191965,54.3909045162932],[-2.2974404079777,54.3768987662328],[-2.31704255658939,54.3763105194623],[-2.34464790841351,54.3596285107861],[-2.36771223911442,54.3560706161425],[-2.30984140863991,54.3243149783909],[-2.32452246432532,54.3031836238842],[-2.31909631950562,54.257155831978],[-2.33765745304191,54.2375990723234],[-2.36231711509247,54.2497526297027],[-2.37302060410943,54.2400989052763],[-2.39677965225249,54.239381080598],[-2.40563193680719,54.2249151698974],[-2.46086273483392,54.2267161360628],[-2.53397895530311,54.1576927137726],[-2.56050449737638,54.1530521184271],[-2.56474072529231,54.1270377060958],[-2.52400965395697,54.0946224810841],[-2.50952601849528,54.0954253307687],[-2.46434741774283,54.0752794330057],[-2.46954984635631,54.0462122439982],[-2.42582648983288,54.0380949111887],[-2.37407297715972,54.0490890623622],[-2.35732329416741,54.019117094779],[-2.33956003668189,54.0094333184968],[-2.35231031317863,54.0105389058883],[-2.35235757481312,53.9946737870053],[-2.33992318436833,53.9894277144668],[-2.31915123811881,53.9938420182061],[-2.29431971644754,53.9744329558643],[-2.23034529433425,53.9815303435187],[-2.22106275404289,53.9779275819344],[-2.23201544739717,53.9712299768724],[-2.22573625585147,53.9610994528667],[-2.19601836749843,53.9695758464151],[-2.18452239163842,53.9522641300986],[-2.18228142410805,53.9353902727911],[-2.13222410690242,53.9265088521185],[-2.11334616135293,53.9156268553796],[-2.10301894796253,53.8909412971485],[-2.08144705819635,53.8756803214603],[-2.08991499194819,53.8681819729435],[-2.04613032171359,53.8501412473565],[-2.04692463706631,53.8295102819506],[-2.06125057169866,53.8256354828624],[-2.11227899053225,53.8057083900237],[-2.12835851818789,53.7990313038972],[-2.12481550059185,53.7880553433953],[-2.13636274882185,53.7801044595242],[-2.13117443618115,53.7515444483757],[-2.17329358668748,53.7230116839111],[-2.14632807589891,53.682231530348],[-2.14225755110584,53.678005809863],[-2.13412727234523,53.6857340290757],[-2.1180850077117,53.6712452241623],[-2.09290647551828,53.6701611248315],[-2.05124217318887,53.6836917595451],[-2.02681574056412,53.6241671461057],[-2.02303595762635,53.615839477808],[-2.00947078713126,53.616779512038],[-1.94272585126574,53.5616412950107],[-1.91288464279927,53.5516436158541],[-1.90962083195551,53.5383909865468],[-1.92678065560871,53.5209487505885],[-1.92197284577496,53.5099546848918],[-1.95133267475732,53.5041988397893],[-1.96338598925946,53.5098272615678],[-1.98781957548828,53.4811104002816],[-1.98579237816015,53.4552267730594],[-2.00823485273611,53.4415492995151],[-2.00421605197447,53.4359217858561],[-2.01422750540755,53.43976275466],[-2.02625541753986,53.4298651623274],[-2.01369718203069,53.415890110701],[-1.99232947055909,53.4151931330374],[-2.00464286724203,53.3863272783999],[-2.03377543264394,53.3755415697783],[-2.03105846324365,53.3702623870083],[-2.00678505242821,53.3545721125535],[-2.00948185124733,53.2606524558872],[-1.97485875420975,53.2310610534684],[-1.9902645357302,53.222998900002],[-1.98740775867029,53.2135858487147],[-2.00020198978734,53.1937374986988],[-2.04652710695863,53.19264765637],[-2.07023261967513,53.1716862930232],[-2.11207676340303,53.168659809964],[-2.14043876356931,53.1838127686142],[-2.14141084525576,53.156652393008],[-2.15564486007666,53.1596189582844],[-2.2113149262639,53.1158244641231],[-2.24740691732389,53.089849848389],[-2.25324849091567,53.0939769935289],[-2.29337580823439,53.078326389092],[-2.31805098764275,53.0813587580181],[-2.34758567134111,53.05617029333],[-2.38124882130521,53.052551319548],[-2.38422739108901,53.0261675790632],[-2.37046780521562,53.0145758528387],[-2.38304468514478,53.0077867863604],[-2.38079367937619,52.9984110631538],[-2.43676051036816,52.9862560844501],[-2.43461402319895,52.9695213483091],[-2.48115277115678,52.958817888278],[-2.52142791358165,52.9742651290167],[-2.52951582206291,52.9471648775005]]]]},"properties":{"OBJECTID":2,"ITL121CD":"TLD","ITL121NM":"North West (England)","BNG_E":350014,"BNG_N":506279,"LONG":-2.77239,"LAT":54.44944,"Shape__Area":14177525703.721703,"Shape__Length":1080433.4976518126,"GlobalID":"56b13394-e084-4944-b932-0389824ef943"}},{"type":"Feature","id":3,"geometry":{"type":"MultiPolygon","coordinates":[[[[-0.535747773376906,53.68125643185],[-0.555487222748656,53.690516558007],[-0.520689554622809,53.6854083975217],[-0.535747773376906,53.68125643185]]],[[[-1.2438683827737,53.301569792195],[-1.28201141322668,53.3094625911187],[-1.29567816421913,53.3150369724564],[-1.28858902652611,53.3262280558026],[-1.29902301015447,53.3325116373731],[-1.32466917492842,53.3288100139839],[-1.33775105196129,53.315848052015],[-1.38673871273592,53.3176321354686],[-1.38657154604559,53.3349025072696],[-1.41103390673647,53.3419924929698],[-1.42086649612999,53.334567952456],[-1.441972114612,53.3374924899731],[-1.45988027916358,53.3306893691217],[-1.45522358181242,53.3218691420997],[-1.46791283272852,53.3171200566703],[-1.50213193955502,53.3175820772993],[-1.53676886220669,53.3047486744278],[-1.56172989361094,53.3064113177333],[-1.56173104513261,53.3159708929528],[-1.58053389587109,53.311738090128],[-1.58490201019108,53.3215879523677],[-1.59909327897251,53.3113181996876],[-1.60920158448498,53.3226639619616],[-1.62549374451369,53.3164239788115],[-1.63272698676963,53.3208392138642],[-1.61230306160511,53.3432186697883],[-1.5905479543638,53.345920985244],[-1.66354854039896,53.3665951663589],[-1.65381782187414,53.3919108271105],[-1.7049653208772,53.4050559748573],[-1.70853223310301,53.4173394742133],[-1.7397619621026,53.420987916439],[-1.74532296726172,53.4621753961118],[-1.76843734147338,53.4647669327866],[-1.80147063244521,53.4809917616493],[-1.79628821898354,53.503152990572],[-1.82222878111608,53.5210909227011],[-1.84182082823364,53.5199087802658],[-1.87349262570147,53.5404296517177],[-1.89410949217377,53.5336117793005],[-1.9096208319555,53.5383909865468],[-1.91288464279926,53.5516436158541],[-1.94272585126573,53.5616412950107],[-2.00947078713125,53.616779512038],[-2.02303595762634,53.615839477808],[-2.02681574056411,53.6241671461057],[-2.05124217318886,53.6836917595451],[-2.09290647551826,53.6701611248315],[-2.11808500771169,53.6712452241623],[-2.13412727234522,53.6857340290757],[-2.14225755110582,53.678005809863],[-2.1463280758989,53.682231530348],[-2.17329358668747,53.7230116839111],[-2.13117443618115,53.7515444483757],[-2.13636274882184,53.7801044595242],[-2.12481550059183,53.7880553433953],[-2.12835851818788,53.7990313038972],[-2.11227899053224,53.8057083900237],[-2.06125057169865,53.8256354828623],[-2.0469246370663,53.8295102819506],[-2.04613032171358,53.8501412473565],[-2.08991499194818,53.8681819729435],[-2.08144705819634,53.8756803214603],[-2.10301894796253,53.8909412971485],[-2.11334616135292,53.9156268553796],[-2.13222410690241,53.9265088521185],[-2.18228142410804,53.9353902727911],[-2.18452239163841,53.9522641300986],[-2.19601836749842,53.9695758464151],[-2.22573625585146,53.9610994528667],[-2.23201544739716,53.9712299768724],[-2.22106275404289,53.9779275819344],[-2.23034529433423,53.9815303435187],[-2.29431971644753,53.9744329558643],[-2.3191512381188,53.9938420182061],[-2.33992318436832,53.9894277144668],[-2.3523575748131,53.9946737870053],[-2.35231031317862,54.0105389058883],[-2.33956003668188,54.0094333184968],[-2.3573232941674,54.019117094779],[-2.37407297715971,54.0490890623622],[-2.42582648983287,54.0380949111887],[-2.46954984635629,54.0462122439982],[-2.46434741774282,54.0752794330057],[-2.50952601849527,54.0954253307687],[-2.52400965395695,54.0946224810841],[-2.5647407252923,54.1270377060958],[-2.56050449737637,54.1530521184271],[-2.5339789553031,54.1576927137726],[-2.46086273483391,54.2267161360628],[-2.40563193680718,54.2249151698974],[-2.39677965225248,54.239381080598],[-2.37302060410942,54.2400989052763],[-2.36231711509246,54.2497526297027],[-2.3376574530419,54.2375990723234],[-2.31909631950561,54.257155831978],[-2.32452246432531,54.3031836238842],[-2.3098414086399,54.3243149783909],[-2.36771223911441,54.3560706161425],[-2.3446479084135,54.3596285107861],[-2.31704255658938,54.3763105194623],[-2.29744040797769,54.3768987662328],[-2.29178388191964,54.3909045162931],[-2.30550673679387,54.3971200662175],[-2.30814588995345,54.4197937733518],[-2.29286520125922,54.4393074927418],[-2.24953922329873,54.4519434362394],[-2.18931554536681,54.4489784740485],[-2.17750847989615,54.461625676532],[-2.17021302341008,54.4581987864732],[-2.11659617374357,54.4622634788675],[-2.04319843418636,54.4835994484301],[-2.04472952149334,54.4751862741994],[-1.99676437249463,54.4669034501358],[-1.97005959181257,54.4515215419127],[-1.9425432362691,54.453395355892],[-1.85912998437976,54.4818579042154],[-1.85780051144887,54.5035397952873],[-1.83943329268703,54.5084372373877],[-1.7929764841409,54.4844924296004],[-1.77613231485781,54.5067285050585],[-1.77969652860646,54.5318729957081],[-1.73309136190533,54.5277364132303],[-1.72131088981759,54.5423017252838],[-1.6969263635454,54.5360064306057],[-1.65793716561515,54.5345889230914],[-1.65467519936763,54.5246500979569],[-1.63377378148265,54.5253643798481],[-1.63332908641842,54.5141114041704],[-1.61148472705543,54.5200007887423],[-1.60263741568541,54.5105816522225],[-1.5810685374162,54.512845659506],[-1.59188070256879,54.5043008614548],[-1.57921485379811,54.5051876862763],[-1.582980328252,54.4971007337083],[-1.5551952090613,54.484978191684],[-1.54567271781714,54.4712384767644],[-1.51983281094641,54.4710470177264],[-1.52883695101344,54.4848137395141],[-1.51413191898828,54.4837750930397],[-1.51134080603032,54.475012262557],[-1.49177548205142,54.4862004935071],[-1.4990522917237,54.4756782321308],[-1.47537275450977,54.4738451797951],[-1.47205221947317,54.4555996013609],[-1.45615000928908,54.452449254975],[-1.4627913701272,54.4613922624054],[-1.4534138501505,54.4660154362826],[-1.46379873424316,54.4735508542539],[-1.45919258759601,54.4942680219315],[-1.47455794258184,54.5007110845137],[-1.45850783643191,54.5039188906345],[-1.43490529222603,54.4874931719167],[-1.4321177720715,54.4794545660635],[-1.41278636220949,54.4771953992089],[-1.4070888004288,54.4935296390409],[-1.39505004776971,54.4856799730286],[-1.38101055095847,54.4940289315591],[-1.37256157634611,54.4723074627125],[-1.3644171375723,54.4659524105724],[-1.34491503449019,54.472408010152],[-1.3436289617262,54.4641554130233],[-1.30033745632525,54.4758498843291],[-1.28097851344654,54.4904431192227],[-1.25740307369372,54.4873218309269],[-1.25667466779604,54.5011079136759],[-1.23486590564629,54.5103160454452],[-1.14619694918505,54.5028216123635],[-1.118380006568,54.498198571484],[-1.0945238497457,54.5067598362799],[-1.03685145507171,54.4940440614211],[-1.00340105302893,54.5030121011784],[-0.952951598788793,54.4880355498999],[-0.880825023321811,54.4970468612461],[-0.848530740669523,54.4879729385557],[-0.848647296999417,54.5300038306061],[-0.826984924884236,54.5485751010628],[-0.800419189624364,54.5510109262824],[-0.791891321596221,54.5582385432237],[-0.784481460161822,54.5578806167795],[-0.767244017061428,54.550360738744],[-0.764784901601211,54.547986356024],[-0.744657289649001,54.5285401642298],[-0.707978094919793,54.5316482847955],[-0.698675776968137,54.526611713377],[-0.692782844303639,54.5206925009792],[-0.68723496831047,54.5204146194469],[-0.67266948395587,54.5125207410111],[-0.670278678886381,54.5007549178771],[-0.626130442364555,54.4957919123232],[-0.613101199640284,54.4939093664105],[-0.614392814234764,54.4881288248218],[-0.610796543936672,54.4935023648269],[-0.573552726557604,54.4812736714906],[-0.554100979020027,54.4694583629133],[-0.520960526407231,54.4464051531964],[-0.532679086378565,54.4336117463281],[-0.528470048480066,54.4253855653221],[-0.528715067819315,54.4248604958338],[-0.527939331080676,54.4243480846292],[-0.524577628167804,54.4177751635655],[-0.463695608189432,54.389181062275],[-0.461666827847792,54.3859799182789],[-0.461484076515295,54.38569153568],[-0.432690785457322,54.3402017290799],[-0.417052817319866,54.33146523902],[-0.40750104314394,54.2939268553615],[-0.384816002233078,54.2881545702848],[-0.385459692028942,54.2872285212197],[-0.396684670551918,54.2745478135142],[-0.36874486830648,54.2485206439623],[-0.366269560388506,54.2477848619568],[-0.365826894598658,54.2473646171819],[-0.327271717842475,54.2361826296639],[-0.259297815463188,54.215914053903],[-0.28229368935252,54.2123127176865],[-0.28070206095449,54.2034867731405],[-0.277801477336712,54.1873944760252],[-0.212708585964607,54.157670082926],[-0.212625412467697,54.157632051057],[-0.164355386055062,54.146018627916],[-0.102767479736671,54.1311867337905],[-0.0763612613417873,54.1163557269544],[-0.105149133873368,54.1040103547529],[-0.166442902434847,54.0987516437959],[-0.167293083703783,54.0986784740899],[-0.198424021765178,54.0779186383578],[-0.212979436107238,54.053741698933],[-0.213111921705651,54.0227273170429],[-0.213174579820481,54.0079991942363],[-0.173626037823378,53.9350130780895],[-0.155535521248165,53.9015381548865],[-0.0920462789980697,53.8410829983241],[-0.0419937851415017,53.7932770691133],[0.116999388453674,53.6622591258011],[0.117248469432829,53.6618008125042],[0.119456789673925,53.657737033732],[0.138435313627676,53.622779596487],[0.147951600290129,53.6041740878302],[0.146211723414335,53.6005607119552],[0.112908858869543,53.5749796462134],[0.111234889937765,53.5736926906158],[0.111401370416242,53.5740614555432],[0.112927556913629,53.5753550616101],[0.146278672444529,53.6035977187563],[0.142233511495842,53.6116866075267],[0.115376649019534,53.6243986054961],[0.0812834858323093,53.6405163311797],[0.0337013992099202,53.6492774239356],[0.0194766198184856,53.6452506903111],[0.000576480566653821,53.6548606853263],[0.0173273887381688,53.6449156458149],[-0.0537892168706443,53.6290013658487],[-0.103546755789535,53.6353418774972],[-0.148867888895606,53.6621853735776],[-0.184535110636394,53.6832751378632],[-0.227254981722304,53.708493820634],[-0.244392975615784,53.7308318104495],[-0.2516888730188,53.7328529478499],[-0.286747839722258,53.7425561986882],[-0.33263510155298,53.7382895946972],[-0.419116391215718,53.7195962994844],[-0.486294814449268,53.7135378358371],[-0.542564628121345,53.7084428384764],[-0.583338034059434,53.7266004416168],[-0.630217958676937,53.73399352647],[-0.63724894592265,53.7288934519703],[-0.618534439066886,53.7305102293875],[-0.671611925277971,53.7218427376872],[-0.695979869577716,53.7043619717427],[-0.725134203664438,53.7068578793096],[-0.698498575350607,53.6976540002872],[-0.702454598764477,53.6774937638738],[-0.702316100421155,53.6777418908323],[-0.698493610813827,53.6846112510452],[-0.685346896089636,53.6767470032592],[-0.694219157767236,53.6952245662186],[-0.639504084494356,53.7101692156293],[-0.61065500169065,53.7144582506383],[-0.586254450924245,53.6933387517271],[-0.523512673390399,53.6769937310816],[-0.487082687603296,53.6915818877909],[-0.470491491336247,53.6982186748616],[-0.393535097418694,53.6968748642286],[-0.294218607169809,53.7141462493799],[-0.245662160691312,53.6729585145516],[-0.237855982165028,53.6635711532267],[-0.237784544462014,53.6635266370441],[-0.225686327795006,53.6559855898347],[-0.204640343744846,53.6380851723513],[-0.204422800569951,53.63790004551],[-0.18686646411017,53.6289471212396],[-0.0930117552274066,53.5809782257426],[-0.079457731104463,53.5769301928812],[-0.071450831928092,53.5841001127708],[-0.0608067710875595,53.5820754022731],[0.0141674717588003,53.5276206064073],[-0.0147992888545245,53.5153685728982],[-0.0650454106098399,53.5187396577703],[-0.0752620038904972,53.4893357399272],[-0.0954884502706104,53.4859889974557],[-0.0898037354971991,53.4776824161989],[-0.107820632411388,53.4698627577246],[-0.0822093450306981,53.4511510072802],[-0.120343715760134,53.4335649233719],[-0.131879272038792,53.4359393973431],[-0.149227746736439,53.4466996653901],[-0.153680016923718,53.4656777580012],[-0.181804717702129,53.4686494131508],[-0.188565229273779,53.4845380584939],[-0.210604976147158,53.4862884751414],[-0.204086448752071,53.51176734371],[-0.210589579218058,53.5317064650029],[-0.219882527179818,53.5326064925718],[-0.18934088994502,53.5659225885263],[-0.195185374970212,53.5716193575954],[-0.222558901292087,53.5680169291619],[-0.234668675193633,53.586250419398],[-0.251395553372751,53.5846530778864],[-0.248476049036474,53.5936636934871],[-0.292115129161193,53.6132674321171],[-0.3085552467752,53.6143287578592],[-0.300743140905219,53.5952836318747],[-0.335938821059419,53.5586265931359],[-0.416962972953905,53.5632146907941],[-0.429001046046788,53.5745247151217],[-0.467018371405413,53.5489606932834],[-0.490926930370783,53.5458749246768],[-0.501229125365113,53.5374612174719],[-0.430664749887907,53.5463371573553],[-0.408145080459693,53.5321088685983],[-0.405074524830149,53.5176169033637],[-0.488383657790034,53.5048602254027],[-0.486630004695371,53.4804701686814],[-0.471749465254696,53.4748729017697],[-0.55178863116679,53.4595199872907],[-0.629752674949087,53.45821899336],[-0.624491104400134,53.5128392157564],[-0.739591684091957,53.5199359499765],[-0.75211386045377,53.5005306095547],[-0.76810960605802,53.4989256092398],[-0.771568244935177,53.4792015606648],[-0.784388777567042,53.4766692157187],[-0.784364875033281,53.4633795465991],[-0.797483349511761,53.4550644478099],[-0.871919281432211,53.4663108039549],[-0.916249020700274,53.4602956906142],[-0.920246794224173,53.4655076514691],[-0.900470627059384,53.4751558681779],[-0.935564625265692,53.5025165302896],[-0.953259205565059,53.4844235301879],[-0.985978085087804,53.471673371995],[-0.995669798894027,53.4369266843309],[-1.01434673953332,53.4262954974649],[-1.03051529483494,53.425195311293],[-1.03094981877621,53.4309795264014],[-1.08043943279743,53.4268678599403],[-1.11604100600924,53.4073493546955],[-1.11557938042578,53.3971857507994],[-1.13460768886107,53.3900315653234],[-1.13053708983095,53.3755712204104],[-1.14603291441165,53.3690411457852],[-1.13853968201421,53.3559075151151],[-1.16261328765896,53.3568438620231],[-1.15684339220656,53.344969500268],[-1.14100746085659,53.3467476789062],[-1.13871810210377,53.3413828117799],[-1.19974282859,53.3114401853799],[-1.20323904686049,53.3042232414828],[-1.23068793445143,53.3085597359764],[-1.2438683827737,53.301569792195]]]]},"properties":{"OBJECTID":3,"ITL121CD":"TLE","ITL121NM":"Yorkshire and The Humber","BNG_E":446902,"BNG_N":448736,"LONG":-1.28714,"LAT":53.93264,"Shape__Area":15426738686.978516,"Shape__Length":874153.2499830192,"GlobalID":"20941612-4116-473f-826e-5ceddf012f6e"}},{"type":"Feature","id":4,"geometry":{"type":"Polygon","coordinates":[[[-0.248476049036473,53.5936636934871],[-0.251395553372754,53.5846530778864],[-0.234668675193634,53.586250419398],[-0.22255890129209,53.5680169291619],[-0.195185374970214,53.5716193575954],[-0.189340889945024,53.5659225885263],[-0.219882527179817,53.5326064925718],[-0.210589579218055,53.5317064650029],[-0.204086448752073,53.51176734371],[-0.210604976147154,53.4862884751414],[-0.188565229273785,53.4845380584939],[-0.181804717702127,53.4686494131508],[-0.153680016923717,53.4656777580012],[-0.149227746736442,53.4466996653901],[-0.131879272038797,53.4359393973431],[-0.120343715760136,53.4335649233719],[-0.0822093450307037,53.4511510072802],[-0.10782063241139,53.4698627577246],[-0.0898037354971995,53.4776824161989],[-0.0954884502706073,53.4859889974557],[-0.0752620038904992,53.4893357399272],[-0.0650454106098383,53.5187396577703],[-0.0147992888545281,53.5153685728982],[0.0141674717588015,53.5276206064073],[0.0172744329779295,53.5253599631766],[0.0473833504052355,53.5146596665997],[0.0377642211156085,53.5267195914887],[0.0882370246656575,53.5148921223607],[0.0796103811413397,53.5033250122403],[0.0931366725505819,53.4939611536201],[0.108625325609473,53.4888080404226],[0.113319476190877,53.4872456459917],[0.11785076165703,53.4932361185049],[0.109367130370583,53.5037713051178],[0.10894675234592,53.5042931920239],[0.10938616980767,53.5041552447183],[0.136308052055378,53.4956988580309],[0.128575543473365,53.4845929388969],[0.143836825404672,53.4819654764698],[0.147475863120263,53.4941276138551],[0.163571804938618,53.482138152077],[0.167623003860775,53.4770723468628],[0.168030735927565,53.4765624266313],[0.165564675686365,53.4771097496836],[0.157359154015883,53.4789304827321],[0.159329928887439,53.4772228595728],[0.191420166589855,53.4493940554531],[0.185045514388302,53.4435044599508],[0.20072508765381,53.4363200299575],[0.187804612702328,53.4377082520006],[0.212471923780209,53.421393837272],[0.189536114641344,53.4173197640094],[0.210577797765362,53.4169688123803],[0.201353547606644,53.4151488228948],[0.206353273049812,53.4099859614636],[0.211927578170489,53.4160088003525],[0.208109331207884,53.4105108648528],[0.217540155073582,53.4134512081586],[0.228357498701452,53.4058668664877],[0.242546726011529,53.3729603631836],[0.288478299162668,53.3127733794637],[0.301455441394787,53.2947571279156],[0.321325718965155,53.2671395588718],[0.355627376956714,53.1920584293745],[0.342653301484478,53.1141355471574],[0.339855341391462,53.0972852924694],[0.328343142928009,53.0894540140215],[0.312468365641145,53.0891607322252],[0.240999545475965,53.0467647923851],[0.199579762381451,53.0326491275556],[0.151425050200805,53.0081071211682],[0.0840411479757883,52.9391264347454],[0.0816974408157522,52.936722474397],[0.0790274145814466,52.9339834273632],[0.0418884116099277,52.9327113512802],[0.0783789398117855,52.9320329388233],[0.0455851764078294,52.9157070939152],[0.0271251525027322,52.8984941395634],[0.0685508565604842,52.9187349204807],[0.0650898500084878,52.9046071968219],[0.0800031176518236,52.9013685047766],[0.113723835053579,52.8940367868695],[0.176331510149807,52.874116224234],[0.214268020679957,52.8289513668578],[0.197208554482618,52.8297493831614],[0.215079923732144,52.828480393868],[0.214918316317624,52.822849258403],[0.204372826517713,52.7815678004385],[0.216813149607298,52.820883401607],[0.267202495238873,52.8159785066473],[0.245084460578009,52.7845238068033],[0.272208555801162,52.7728063624083],[0.186323197484379,52.7353486313374],[0.171626068464837,52.738031703374],[0.132975309410502,52.7393044781051],[0.0890116953988098,52.723630166001],[0.0636266193630833,52.7273915104029],[0.0441494760292555,52.7143823505291],[0.0485664016375671,52.6814016602111],[0.0215003524692502,52.6648872893631],[-0.0312706832247115,52.6615327448838],[-0.0637138143765743,52.6752330946213],[-0.087752503198597,52.6667860926836],[-0.102195958173317,52.6722061962838],[-0.14106199482318,52.6515074247825],[-0.180020104938366,52.6605611594456],[-0.192867813968712,52.652438511053],[-0.212501332962663,52.6666794930237],[-0.260753908763581,52.6514179787743],[-0.289240338532188,52.6702761885072],[-0.335037147761973,52.6748659736262],[-0.350222338938467,52.6616146854671],[-0.405681264519019,52.6480460971361],[-0.452694588690005,52.6542776648339],[-0.494773452922292,52.6403140735863],[-0.470921180908155,52.6235593380481],[-0.492664861377967,52.5819002642884],[-0.478814868225147,52.573645147065],[-0.415381402678347,52.5787426397479],[-0.407290921081085,52.5640548557156],[-0.419593787297949,52.558961955942],[-0.401283297154244,52.5386846834208],[-0.413602640818525,52.5256796137016],[-0.354345203263394,52.5064950723187],[-0.359399580926936,52.4898590700279],[-0.34159049244011,52.4669426282489],[-0.370217036825639,52.4399302714173],[-0.3624080409748,52.433531278927],[-0.417072832109141,52.4115991118495],[-0.441509864468212,52.3849964344035],[-0.495946267784952,52.3795155311782],[-0.488518815815111,52.3740235428337],[-0.498699838187518,52.3600958388278],[-0.477682425519724,52.3489199926159],[-0.483264192761938,52.3409032974573],[-0.466656737588569,52.3389275772987],[-0.465365756514023,52.3229532821358],[-0.519829880170178,52.3176925680897],[-0.514051195755829,52.3146970761678],[-0.541969414284237,52.2899424469085],[-0.531190184899749,52.2704024312682],[-0.541971909007148,52.2560727494552],[-0.565693055104,52.2534682273423],[-0.603337324928295,52.2788024391008],[-0.653655470981071,52.2682893071709],[-0.637331621538754,52.2273176326183],[-0.668135637658982,52.1950341117758],[-0.70545558404611,52.1915707016846],[-0.749734768697029,52.166876769342],[-0.777975100551023,52.1687324938897],[-0.792091270533438,52.1513294604513],[-0.807587882658753,52.1569790143848],[-0.814041227969753,52.1424723427489],[-0.831966629448279,52.1436835096163],[-0.828204674516664,52.1326105528126],[-0.880720326962998,52.126331782706],[-0.887015710928942,52.1142093381565],[-0.871450101645923,52.1117534347483],[-0.869530890808297,52.1000376612261],[-0.846712543468591,52.0915087043707],[-0.8314182458155,52.0719470001652],[-0.839500488570763,52.0638277803285],[-0.862678645799945,52.0609340396562],[-0.852446930044217,52.0507050939995],[-0.871325629151714,52.0402518525726],[-0.877468741341909,52.029971598807],[-0.89011820920139,52.0315605659891],[-0.906030231113269,52.0212211091716],[-0.951872932630787,52.0815336222521],[-0.967805300640562,52.0709109290594],[-1.02631761574624,52.0756821106272],[-1.04232729762762,52.0737102723463],[-1.02766844665035,52.0637342663437],[-1.0620650201658,52.0627354088617],[-1.12198746602418,52.045147243769],[-1.13666519177378,52.0222431393199],[-1.11808639727987,52.015426172984],[-1.13432869833779,51.997296387881],[-1.16382348465592,51.993412226747],[-1.19625975033443,51.9774314432067],[-1.24161223468245,51.9862933638439],[-1.28339696571849,51.9795473076353],[-1.27816401885651,52.0142726693672],[-1.31292004347286,52.0514526634399],[-1.29750881413832,52.0780566948102],[-1.31815993117564,52.0799212576787],[-1.32116486414435,52.0870189284444],[-1.2480850615276,52.0971607928128],[-1.3318971346503,52.168485056197],[-1.31313453207951,52.1904676302914],[-1.25498199737381,52.1978310719947],[-1.28464415628084,52.2385772956551],[-1.2668910685646,52.2352423788113],[-1.23299880379763,52.2532588499543],[-1.21573028064432,52.2663781656665],[-1.23378294833003,52.290328106844],[-1.20923383157379,52.3152040805732],[-1.26535489040084,52.3283606829397],[-1.23338985998341,52.3465160426244],[-1.17497303439446,52.3562898088571],[-1.20161328230779,52.3967317959132],[-1.30594754119146,52.4933952814595],[-1.32508812135485,52.5010423245412],[-1.41734425186395,52.5344553070612],[-1.45999402368206,52.5515899282171],[-1.52286777646333,52.5706005994426],[-1.5271552279268,52.5827378316751],[-1.5607567684263,52.5961562437638],[-1.55445434226879,52.6147614160257],[-1.57135417977794,52.635271630829],[-1.54451698665084,52.6446078773277],[-1.55177141577137,52.6674551064611],[-1.58964518519528,52.6872608090774],[-1.59754104512465,52.7004217669502],[-1.65504156780193,52.6987985807042],[-1.65660772698321,52.721748473808],[-1.70415800106741,52.7320787781291],[-1.66653674722927,52.7847230331646],[-1.61112950153712,52.7814035608609],[-1.61434537916919,52.7882740484933],[-1.58887036628345,52.7998659863949],[-1.591826860462,52.8094905920773],[-1.61049453726407,52.8164043102864],[-1.58535204002871,52.8317146214221],[-1.62675456354445,52.8544371746234],[-1.69027182016724,52.8644693782085],[-1.70060876645597,52.8605835245081],[-1.70434504999011,52.8666805928212],[-1.72532205465213,52.8596631847173],[-1.74600328186458,52.8686931604978],[-1.77722065071375,52.8838147408519],[-1.82820959492548,52.8844277555441],[-1.85657559960001,52.9233909607947],[-1.82979931674887,52.945705986156],[-1.82678096538611,52.9770857598312],[-1.76240468835541,52.9998576830648],[-1.758931442407,53.037315773926],[-1.77898129669606,53.0448443750082],[-1.77565273132824,53.0593546434457],[-1.79423901989172,53.0883940579139],[-1.7837258959914,53.1028279820508],[-1.82187637070365,53.136704070198],[-1.81254009047435,53.1543431162395],[-1.86073152880754,53.1884255657892],[-1.89863293086045,53.1999569799675],[-1.95670722983117,53.213747610256],[-1.96236461007043,53.2262417365393],[-1.98740775867029,53.2135858487146],[-1.99026453573021,53.222998900002],[-1.97485875420975,53.2310610534684],[-2.00948185124733,53.2606524558872],[-2.00678505242821,53.3545721125535],[-2.03105846324365,53.3702623870083],[-2.03377543264394,53.3755415697783],[-2.00464286724203,53.3863272783999],[-1.99232947055908,53.4151931330374],[-2.01369718203069,53.415890110701],[-2.02625541753986,53.4298651623274],[-2.01422750540755,53.43976275466],[-2.00421605197447,53.4359217858561],[-2.00823485273611,53.4415492995151],[-1.98579237816015,53.4552267730594],[-1.98781957548828,53.4811104002816],[-1.96338598925946,53.5098272615678],[-1.95133267475732,53.5041988397893],[-1.92197284577495,53.5099546848918],[-1.92678065560871,53.5209487505885],[-1.90962083195551,53.5383909865468],[-1.89410949217378,53.5336117793005],[-1.87349262570148,53.5404296517177],[-1.84182082823365,53.5199087802658],[-1.82222878111609,53.5210909227011],[-1.79628821898355,53.503152990572],[-1.80147063244522,53.4809917616493],[-1.76843734147339,53.4647669327866],[-1.74532296726174,53.4621753961118],[-1.73976196210261,53.420987916439],[-1.70853223310302,53.4173394742133],[-1.70496532087721,53.4050559748573],[-1.65381782187416,53.3919108271105],[-1.66354854039897,53.3665951663589],[-1.59054795436381,53.345920985244],[-1.61230306160512,53.3432186697883],[-1.63272698676964,53.3208392138642],[-1.6254937445137,53.3164239788115],[-1.60920158448499,53.3226639619616],[-1.59909327897252,53.3113181996876],[-1.58490201019108,53.3215879523676],[-1.5805338958711,53.311738090128],[-1.56173104513262,53.3159708929528],[-1.56172989361096,53.3064113177333],[-1.5367688622067,53.3047486744278],[-1.50213193955503,53.3175820772993],[-1.46791283272853,53.3171200566703],[-1.45522358181243,53.3218691420997],[-1.45988027916359,53.3306893691217],[-1.44197211461201,53.3374924899731],[-1.42086649613,53.334567952456],[-1.41103390673647,53.3419924929698],[-1.3865715460456,53.3349025072696],[-1.38673871273592,53.3176321354686],[-1.3377510519613,53.315848052015],[-1.32466917492843,53.3288100139839],[-1.29902301015448,53.3325116373731],[-1.28858902652612,53.3262280558026],[-1.29567816421914,53.3150369724564],[-1.28201141322669,53.3094625911187],[-1.2438683827737,53.301569792195],[-1.23068793445144,53.3085597359764],[-1.20323904686049,53.3042232414828],[-1.19974282859,53.3114401853799],[-1.13871810210376,53.3413828117799],[-1.14100746085659,53.3467476789062],[-1.15684339220656,53.344969500268],[-1.16261328765896,53.356843862023],[-1.13853968201421,53.3559075151151],[-1.14603291441165,53.3690411457852],[-1.13053708983096,53.3755712204104],[-1.13460768886107,53.3900315653233],[-1.11557938042578,53.3971857507994],[-1.11604100600924,53.4073493546955],[-1.08043943279743,53.4268678599403],[-1.0309498187762,53.4309795264014],[-1.03051529483494,53.425195311293],[-1.01434673953332,53.4262954974649],[-0.995669798894032,53.4369266843309],[-0.985978085087804,53.471673371995],[-0.953259205565056,53.4844235301879],[-0.935564625265696,53.5025165302896],[-0.90047062705938,53.4751558681779],[-0.920246794224176,53.4655076514691],[-0.91624902070027,53.4602956906142],[-0.871919281432214,53.4663108039549],[-0.797483349511765,53.4550644478099],[-0.784364875033277,53.4633795465991],[-0.784388777567045,53.4766692157187],[-0.771568244935175,53.4792015606648],[-0.768109606058024,53.4989256092398],[-0.752113860453769,53.5005306095547],[-0.739591684091954,53.5199359499765],[-0.624491104400131,53.5128392157564],[-0.629752674949085,53.45821899336],[-0.551788631166795,53.4595199872907],[-0.471749465254693,53.4748729017697],[-0.486630004695371,53.4804701686814],[-0.488383657790031,53.5048602254027],[-0.405074524830151,53.5176169033637],[-0.408145080459695,53.5321088685983],[-0.430664749887905,53.5463371573553],[-0.501229125365113,53.5374612174719],[-0.490926930370781,53.5458749246768],[-0.467018371405413,53.5489606932834],[-0.429001046046789,53.5745247151217],[-0.416962972953907,53.5632146907941],[-0.335938821059424,53.5586265931359],[-0.300743140905217,53.5952836318747],[-0.308555246775199,53.6143287578592],[-0.292115129161193,53.6132674321171],[-0.248476049036473,53.5936636934871]]]},"properties":{"OBJECTID":4,"ITL121CD":"TLF","ITL121NM":"East Midlands (England)","BNG_E":477659,"BNG_N":322635,"LONG":-0.84969,"LAT":52.79572,"Shape__Area":15660645091.826141,"Shape__Length":896139.614916543,"GlobalID":"b0bf35e7-2d8f-4aad-a7c8-65c1dfe3fa3e"}},{"type":"Feature","id":5,"geometry":{"type":"Polygon","coordinates":[[[-1.86073152880754,53.1884255657892],[-1.81254009047435,53.1543431162395],[-1.82187637070365,53.136704070198],[-1.7837258959914,53.1028279820508],[-1.79423901989172,53.0883940579139],[-1.77565273132824,53.0593546434457],[-1.77898129669606,53.0448443750082],[-1.758931442407,53.037315773926],[-1.76240468835541,52.9998576830648],[-1.82678096538611,52.9770857598312],[-1.82979931674887,52.945705986156],[-1.85657559960001,52.9233909607947],[-1.82820959492548,52.8844277555441],[-1.77722065071375,52.8838147408519],[-1.74600328186458,52.8686931604978],[-1.72532205465213,52.8596631847173],[-1.70434504999011,52.8666805928212],[-1.70060876645597,52.8605835245081],[-1.69027182016724,52.8644693782085],[-1.62675456354445,52.8544371746234],[-1.58535204002871,52.8317146214221],[-1.61049453726407,52.8164043102864],[-1.591826860462,52.8094905920773],[-1.58887036628345,52.7998659863949],[-1.61434537916919,52.7882740484933],[-1.61112950153712,52.7814035608609],[-1.66653674722927,52.7847230331646],[-1.70415800106741,52.7320787781291],[-1.65660772698321,52.721748473808],[-1.65504156780193,52.6987985807042],[-1.59754104512465,52.7004217669502],[-1.58964518519528,52.6872608090774],[-1.55177141577137,52.6674551064611],[-1.54451698665084,52.6446078773277],[-1.57135417977794,52.635271630829],[-1.55445434226879,52.6147614160257],[-1.5607567684263,52.5961562437638],[-1.5271552279268,52.5827378316751],[-1.52286777646333,52.5706005994426],[-1.45999402368206,52.5515899282171],[-1.41734425186395,52.5344553070612],[-1.32508812135485,52.5010423245412],[-1.30594754119146,52.4933952814595],[-1.20161328230779,52.3967317959132],[-1.17497303439446,52.3562898088571],[-1.23338985998341,52.3465160426244],[-1.26535489040084,52.3283606829397],[-1.20923383157379,52.3152040805732],[-1.23378294833003,52.290328106844],[-1.21573028064432,52.2663781656665],[-1.23299880379763,52.2532588499543],[-1.2668910685646,52.2352423788113],[-1.28464415628084,52.2385772956551],[-1.25498199737381,52.1978310719947],[-1.31313453207951,52.1904676302914],[-1.3318971346503,52.168485056197],[-1.34870798028103,52.135132199429],[-1.36614709693504,52.136075239314],[-1.39330253063035,52.1189629058388],[-1.37084214070605,52.1175341843904],[-1.35776965526573,52.101310424564],[-1.38539981246728,52.0941455730689],[-1.42585527138437,52.1182494977188],[-1.45345845223963,52.1130088180441],[-1.44718785165916,52.0976250329561],[-1.47730164801721,52.1013509449693],[-1.48780444308751,52.0939574339411],[-1.52282569381325,51.9968433232583],[-1.55722360987893,51.9916576656612],[-1.5496712341503,51.9808596590458],[-1.56353907898642,51.977040370489],[-1.60030155962325,51.9769415571358],[-1.5916338243768,51.9704499714443],[-1.61234247849182,51.9554034180772],[-1.66575430454193,51.9874888228855],[-1.66617341865268,51.9969179723384],[-1.61753263743062,52.0334370271078],[-1.62441776102982,52.0389813530353],[-1.66386648239531,52.0312766505834],[-1.69398075503951,52.0395278998007],[-1.6886364810542,52.0518332046415],[-1.70514106701073,52.0597066239695],[-1.70173137601056,52.0728093041732],[-1.71295296232755,52.0665849047502],[-1.73067148453295,52.073399302297],[-1.72856052811281,52.1001203055535],[-1.7460219368056,52.0929601729445],[-1.76764874769465,52.1125925601067],[-1.80228873761846,52.0969414704009],[-1.81273665650442,52.0787440023697],[-1.81894341275964,52.0854041160202],[-1.83175334172358,52.0727693542685],[-1.84661960637358,52.079421096562],[-1.8744060768091,52.0699909124942],[-1.86344917989937,52.053417723062],[-1.83458881407799,52.0437330176173],[-1.82502288166439,52.0309334144559],[-1.8390503071396,52.0067831293907],[-1.91344602070236,52.0444612415145],[-1.93173022075562,52.029959284328],[-1.95138760292186,52.0377252744284],[-1.98413574037062,52.0358792744237],[-2.03835621126196,52.0046006244219],[-2.04951417600297,52.0037962194796],[-2.06078374065176,52.0146805603219],[-2.08487319407462,52.0104785855214],[-2.11219762720392,52.0153447349971],[-2.14068698320867,51.9994641977066],[-2.1496553088823,52.0112561695773],[-2.13939720724878,52.027891849687],[-2.11721985481813,52.0336144288962],[-2.1183837199463,52.0421086149382],[-2.1713809335344,52.0475735020315],[-2.18067935413282,52.0417281247772],[-2.17690606521886,52.0225592309137],[-2.18768330302699,52.0190801585702],[-2.16463014560033,51.9961432550504],[-2.1807485360373,51.9996151713198],[-2.18508403441562,51.9905609788574],[-2.2206132435217,51.9954966448483],[-2.25135998124533,51.9665649351148],[-2.27055558557873,51.9689390809737],[-2.30043302609668,51.9667752654999],[-2.31261970069762,51.9765049754751],[-2.32653883120796,51.9757909468963],[-2.32470967818414,52.0035672783312],[-2.35254266830478,52.0135353111839],[-2.35137852244174,52.0213590290394],[-2.39289223172115,52.0129587709415],[-2.3990184898963,51.9961459478794],[-2.41319627508468,51.9940903087107],[-2.43729372315389,51.9971670443278],[-2.4365473513555,52.01479580575],[-2.46325568884128,52.0143402791943],[-2.46407938641861,52.0232741858453],[-2.47893230092191,52.02253041104],[-2.49198479935107,52.0076618755015],[-2.47099259338281,51.994736074007],[-2.49491293332375,51.9810752068267],[-2.49224484623915,51.9641287773142],[-2.50090645407367,51.9606091442864],[-2.46548701733239,51.9516964081468],[-2.4660430007031,51.9279745044363],[-2.44818479289518,51.9186682331362],[-2.43935797872739,51.8973957283352],[-2.48779469275628,51.8804175468076],[-2.50862440110433,51.8851690578444],[-2.53162394038636,51.8607715478008],[-2.58064096043347,51.8616713773361],[-2.58281688241695,51.849577352947],[-2.60121663305923,51.8562162653077],[-2.62546695815918,51.8389640024544],[-2.63671005341688,51.8430952612886],[-2.65040070567432,51.8261246889383],[-2.66619753963782,51.8356235570426],[-2.69329553822647,51.8338410121663],[-2.69730211579747,51.844809127665],[-2.71512837058452,51.840243927709],[-2.71960515392901,51.8489192770021],[-2.73884858636236,51.8366165112784],[-2.77879887553984,51.8658590675969],[-2.76842830786665,51.8805409992424],[-2.83610068001895,51.9060450000692],[-2.84190837020532,51.9177264823441],[-2.86191985469077,51.9140181546114],[-2.8449348932244,51.9220259985486],[-2.87783522765839,51.9338143770327],[-2.97184633089059,51.9049816276871],[-2.97666533447377,51.9274901991849],[-3.00812331566293,51.9271305475725],[-3.02594450044892,51.95728228813],[-3.06736793858508,51.9831427888391],[-3.09919890693024,52.0226858085701],[-3.08628664345927,52.0401943744894],[-3.09058811273154,52.0505132879254],[-3.12589561706265,52.0783108225188],[-3.12271516989117,52.103157931779],[-3.10546572555448,52.105386239037],[-3.10498507712928,52.1167276176329],[-3.14192072487181,52.1278671863232],[-3.13587330510568,52.1379083931516],[-3.09369007605061,52.144305996423],[-3.07253826591566,52.1557732356862],[-3.0825431809881,52.1630471617836],[-3.09889603996449,52.1547338860874],[-3.12243047087079,52.1634196055799],[-3.09465104889233,52.1837422730342],[-3.10208187078616,52.2027204256414],[-3.07209180395111,52.2130872885439],[-3.07303671186312,52.235876921522],[-3.04421511843317,52.2379274562371],[-3.04831809735968,52.2502329092591],[-3.03586088954314,52.2567570188263],[-3.00577598466957,52.2642595027327],[-2.97718162694566,52.2596861481048],[-2.9496347558264,52.2694682351223],[-3.01260808725634,52.2791690028117],[-3.00086604667812,52.3217658062582],[-2.96680116369793,52.3294490755367],[-2.95465135626995,52.3491547637487],[-2.97450325780244,52.3547007728913],[-3.04017440614788,52.3443264504579],[-3.06066441923135,52.3482395306024],[-3.11060650814314,52.3771928595191],[-3.15444662965246,52.3877151721652],[-3.17883654919065,52.4093973306139],[-3.21954450562745,52.4212529854221],[-3.23554290740389,52.4425036043898],[-3.19724017301225,52.4759894045068],[-3.18021448080757,52.4739344867693],[-3.11101713481874,52.4989348292799],[-3.02920220000926,52.5012680267969],[-3.03237893924736,52.5237313442287],[-3.0038736477802,52.5198330380465],[-2.99416397610144,52.5529108742502],[-3.01423044769974,52.575496544676],[-3.08727582526502,52.5513315082532],[-3.08541228712571,52.5345027028164],[-3.13306437914072,52.5274706108688],[-3.1370447146752,52.5340448107619],[-3.11149542442852,52.5413637657388],[-3.1395007657394,52.5857198089716],[-3.11741414901734,52.5857631484331],[-3.08955816273604,52.5995062989202],[-3.09362257367579,52.6093390885553],[-3.07318689675018,52.6289626632482],[-3.05979890383027,52.6307211853121],[-3.08356627754316,52.6412925211006],[-3.05111254306174,52.6473655591618],[-3.03858027693696,52.6753731677328],[-3.04704782422812,52.691265841825],[-3.0224859512498,52.7066679421564],[-3.02035717507642,52.7251022420807],[-3.00055465557069,52.720275310728],[-2.97759195389928,52.7265916760122],[-2.97810302519235,52.7153573267897],[-2.96107942399414,52.7164656946471],[-2.96506569361931,52.7322680648372],[-2.99131975670734,52.7338180025913],[-2.99199278314477,52.7437560394477],[-3.02180979863464,52.7519407818244],[-3.01079020650279,52.7585637000165],[-3.01719942628447,52.7676641820712],[-3.03509432692543,52.7640087036871],[-3.0389768046804,52.7704007776031],[-3.05257974036193,52.7686895440271],[-3.04778942055586,52.7726426121134],[-3.07951607132088,52.7715139126723],[-3.09168246700516,52.7866629804929],[-3.08663218444956,52.7955931576508],[-3.11828683788929,52.7835824218734],[-3.16085535746191,52.795745086062],[-3.15319003440369,52.8063686267333],[-3.16820515656899,52.807328443007],[-3.16788753046969,52.8192666796899],[-3.15126038173658,52.8425648891907],[-3.16301475133285,52.8474909461529],[-3.12771287517068,52.8671030337093],[-3.15241672487316,52.8787478871554],[-3.13552413220342,52.8850136669707],[-3.14750393985477,52.8901693466999],[-3.11416217690352,52.8939782174086],[-3.09595322236249,52.9302818603715],[-3.07651316775201,52.9254793449257],[-3.03507944191704,52.9294813957865],[-3.00964949707879,52.9561994732342],[-2.98202234589558,52.9591982546682],[-2.9750299981498,52.9689845250283],[-2.9598133204483,52.9511695556905],[-2.9288886576968,52.9386788302752],[-2.88743132917765,52.952529891782],[-2.88353939739913,52.9466392170532],[-2.84101496067848,52.9426237150063],[-2.79884789455756,52.8957587642381],[-2.75532645759698,52.9246280381643],[-2.72843937386261,52.9253018642916],[-2.72417751071701,52.9571216556058],[-2.73529356518204,52.9699461900541],[-2.7268406065337,52.9832729462979],[-2.69929243706707,52.9954387986715],[-2.67466228547344,52.9856628103872],[-2.63265093997599,52.9966707881013],[-2.59488906784906,52.979607147503],[-2.59769347128031,52.9630059899653],[-2.58641372797688,52.9553790887172],[-2.56126288258472,52.9649521051142],[-2.52951582206291,52.9471648775005],[-2.52142791358165,52.9742651290166],[-2.48115277115678,52.958817888278],[-2.43461402319895,52.969521348309],[-2.43676051036816,52.9862560844501],[-2.38079367937619,52.9984110631538],[-2.38304468514478,53.0077867863604],[-2.37046780521562,53.0145758528387],[-2.38422739108902,53.0261675790632],[-2.38124882130521,53.052551319548],[-2.34758567134112,53.05617029333],[-2.31805098764274,53.0813587580181],[-2.2933758082344,53.078326389092],[-2.25324849091567,53.0939769935289],[-2.24740691732389,53.089849848389],[-2.2113149262639,53.1158244641231],[-2.15564486007666,53.1596189582844],[-2.14141084525576,53.156652393008],[-2.14043876356931,53.1838127686142],[-2.11207676340303,53.168659809964],[-2.07023261967513,53.1716862930231],[-2.04652710695863,53.19264765637],[-2.00020198978734,53.1937374986988],[-1.98740775867029,53.2135858487146],[-1.96236461007043,53.2262417365393],[-1.95670722983117,53.213747610256],[-1.89863293086045,53.1999569799675],[-1.86073152880754,53.1884255657892]]]},"properties":{"OBJECTID":5,"ITL121CD":"TLG","ITL121NM":"West Midlands (England)","BNG_E":386294,"BNG_N":295477,"LONG":-2.20358,"LAT":52.55697,"Shape__Area":13001535233.299202,"Shape__Length":774634.4829409552,"GlobalID":"e3cc7186-60d2-4f59-832e-5312bc33173b"}},{"type":"Feature","id":6,"geometry":{"type":"MultiPolygon","coordinates":[[[[0.681327900115896,52.977458603544],[0.683502846274774,52.9859874477131],[0.680030948501691,52.9859944508022],[0.66225732920733,52.9860287419782],[0.680084899460119,52.9868670439494],[0.690484589193244,52.9873548471937],[0.705934458880668,52.9859837873569],[0.75109116190631,52.9784032922688],[0.714497792355087,52.9770498193174],[0.698375896375988,52.9841016764278],[0.681327900115896,52.977458603544]]],[[[0.852402947113729,52.958124130519],[0.867462022811088,52.9794065081211],[0.911242378846393,52.965438297676],[0.901060890459606,52.9616901485103],[0.873120030163217,52.9610367453478],[0.869928864881532,52.9580684145304],[0.852402947113729,52.958124130519]]],[[[1.27209246804206,51.8769672829092],[1.26369001181489,51.886212760323],[1.27779014590611,51.8793444133148],[1.27209246804206,51.8769672829092]]],[[[1.26353529000147,51.8729897626272],[1.25511288305315,51.8745283807352],[1.26221459646618,51.8806942109996],[1.26353529000147,51.8729897626272]]],[[[1.24455757601823,51.8688379901674],[1.22591119747255,51.8750671360654],[1.22942460331462,51.8814277954966],[1.25703538940433,51.8837322419273],[1.24455757601823,51.8688379901674]]],[[[1.2647002661543,51.8639620034045],[1.25141346172304,51.8709466052629],[1.26011591795129,51.8723218639472],[1.26454817726233,51.8722699782189],[1.2647002661543,51.8639620034045]]],[[[0.902246805353056,51.7743722030166],[0.898098914665594,51.7797306584828],[0.942773993136246,51.8067462367157],[0.967656003445263,51.8086676282766],[1.00584611507954,51.7994568835307],[0.996613666695183,51.7912454923754],[0.945791283144598,51.7747258196167],[0.902246805353056,51.7743722030166]]],[[[0.772328635331593,51.7186612821124],[0.754509028470429,51.7245450574268],[0.777960799135976,51.7265677847928],[0.787745310755871,51.7223400568743],[0.772328635331593,51.7186612821124]]],[[[0.7104618525979,51.7185643659089],[0.721897837323276,51.7305250990684],[0.729067482659209,51.7183476207095],[0.7104618525979,51.7185643659089]]],[[[0.822949654700652,51.5648819686342],[0.808066084563748,51.5856266738987],[0.830143841716862,51.5959662795814],[0.837491462529435,51.5851768204942],[0.822949654700652,51.5648819686342]]],[[[0.866370064454006,51.5589408427057],[0.825779682464895,51.5644666816426],[0.846459621390415,51.5814329961567],[0.83799748353139,51.5936189646791],[0.866825807789831,51.5951863625849],[0.874374641083865,51.614150861476],[0.887428868519268,51.6151568404599],[0.957516615757856,51.6205323093189],[0.929866927769685,51.592446367997],[0.884470369933993,51.5685005442637],[0.866370064454006,51.5589408427057]]],[[[0.340845314551097,51.4523277384814],[0.318544569175506,51.4741291236697],[0.30237981384601,51.4726117856612],[0.297806227744562,51.4721820609378],[0.281402126034445,51.4613984606746],[0.211788229754265,51.4897412792734],[0.214156929139676,51.4960396116976],[0.229965349544142,51.4993659196352],[0.226597286350546,51.5065632436345],[0.241919319205926,51.5079601287124],[0.237176009587622,51.5193344353076],[0.248964774167095,51.5286740306447],[0.25383431823153,51.5178858734001],[0.263682923643189,51.517869793022],[0.265347272043968,51.5321502659796],[0.334024218375917,51.5405038055835],[0.313035079986321,51.5658181337016],[0.290289733958929,51.5642993941368],[0.269878875477997,51.5995747943814],[0.254008700235295,51.6015982016854],[0.264561965570589,51.6083206617928],[0.252194314498084,51.6177694067079],[0.224087730411808,51.6317377623678],[0.200311572516932,51.6249357576146],[0.138184235513395,51.6235453978727],[0.0728322280068323,51.6046873846398],[0.0218190353843285,51.6288327879267],[0.0227195417369724,51.6411154947011],[-0.0122596870153898,51.6462286980882],[-0.0119186759727101,51.6808778155788],[-0.10577913980119,51.6918756460166],[-0.163493271974558,51.6881150796651],[-0.181960815257967,51.6686831956154],[-0.19106669932515,51.6638967062225],[-0.2033529286764,51.6701264989751],[-0.212135030723734,51.6613535283696],[-0.25058258947732,51.6560573522745],[-0.25733265801818,51.6418318488053],[-0.304449971011882,51.6363487201659],[-0.316672244970346,51.6405355675681],[-0.362621257698228,51.623504817498],[-0.404003977858517,51.6131839744414],[-0.440575301248606,51.6200732402001],[-0.457130755473725,51.6122938899877],[-0.4968462693467,51.6317330374601],[-0.500595886707707,51.5996899004626],[-0.520594814225518,51.6018435785492],[-0.539260817248424,51.6380393912766],[-0.536891506831166,51.6606244728575],[-0.522777811355681,51.6583975699818],[-0.520994789975876,51.6680453795662],[-0.505107856294701,51.673076894457],[-0.52427278976249,51.6821126557481],[-0.548696117263046,51.6826712828346],[-0.544017145197102,51.6968174726995],[-0.563209678148724,51.7118798644661],[-0.550413609644399,51.7230428902595],[-0.553645081612153,51.7340179577892],[-0.574878745827129,51.7369685259414],[-0.586379726948014,51.7521159512938],[-0.612935985356927,51.7474272560625],[-0.669663645804392,51.7661601158171],[-0.69019099901065,51.7923392108272],[-0.685394264623354,51.8001859221154],[-0.709295276518444,51.8205395970026],[-0.723653476773249,51.8177730671437],[-0.745248592325213,51.8383764603453],[-0.720268145520096,51.8561471020586],[-0.696389209393909,51.8581374686728],[-0.686767774184944,51.8492402554097],[-0.695451174098336,51.8411104930067],[-0.667186881146863,51.8158037319664],[-0.632939595687138,51.8199461883714],[-0.581825667306604,51.8069054436194],[-0.560656237503432,51.830082630502],[-0.553628614528136,51.8267126753008],[-0.543650555088764,51.8245178244047],[-0.537628502352063,51.8314108511261],[-0.583563578497728,51.8703238406752],[-0.620089156301972,51.8854855186799],[-0.651979972895776,51.8867905129487],[-0.672969117918537,51.9017527155225],[-0.692702688447138,51.9001506745719],[-0.702156753839247,51.9091191143679],[-0.652978332552358,51.9692289650499],[-0.645680806107927,51.9722283113145],[-0.661689665349635,51.999736386245],[-0.643476890185539,52.0108547046231],[-0.651023980545732,52.0184860776976],[-0.640200287309747,52.0240657835318],[-0.643047384421442,52.03724943846],[-0.668975977177071,52.0487168407765],[-0.591810331093188,52.1106918889987],[-0.607249381383546,52.1338687526829],[-0.635451654748942,52.1392536217861],[-0.640781511339944,52.1527722744294],[-0.63067085292806,52.154923976628],[-0.62744665276046,52.1815454692193],[-0.668135637658971,52.1950341117758],[-0.637331621538749,52.2273176326183],[-0.653655470981067,52.2682893071709],[-0.603337324928285,52.2788024391008],[-0.565693055103992,52.2534682273423],[-0.541971909007139,52.2560727494552],[-0.531190184899743,52.2704024312682],[-0.541969414284232,52.2899424469085],[-0.514051195755822,52.3146970761678],[-0.519829880170172,52.3176925680897],[-0.465365756514013,52.3229532821358],[-0.466656737588564,52.3389275772987],[-0.483264192761929,52.3409032974573],[-0.477682425519712,52.3489199926159],[-0.49869983818751,52.3600958388278],[-0.488518815815104,52.3740235428337],[-0.495946267784941,52.3795155311782],[-0.441509864468201,52.3849964344035],[-0.417072832109132,52.4115991118495],[-0.362408040974795,52.433531278927],[-0.370217036825628,52.4399302714173],[-0.341590492440105,52.4669426282489],[-0.359399580926926,52.4898590700279],[-0.354345203263385,52.5064950723187],[-0.413602640818515,52.5256796137016],[-0.401283297154237,52.5386846834208],[-0.419593787297937,52.558961955942],[-0.407290921081073,52.5640548557156],[-0.415381402678342,52.5787426397479],[-0.478814868225142,52.573645147065],[-0.492664861377957,52.5819002642884],[-0.47092118090815,52.6235593380481],[-0.494773452922285,52.6403140735863],[-0.452694588689993,52.6542776648339],[-0.405681264519011,52.6480460971361],[-0.350222338938458,52.6616146854671],[-0.335037147761961,52.6748659736262],[-0.289240338532178,52.6702761885072],[-0.260753908763574,52.6514179787743],[-0.212501332962653,52.6666794930237],[-0.192867813968707,52.652438511053],[-0.180020104938355,52.6605611594456],[-0.141061994823173,52.6515074247825],[-0.102195958173305,52.6722061962838],[-0.0877525031985883,52.6667860926836],[-0.0637138143765656,52.6752330946213],[-0.0312706832247044,52.6615327448838],[0.0215003524692589,52.6648872893631],[0.0485664016375723,52.6814016602111],[0.0441494760292623,52.7143823505291],[0.0636266193630956,52.7273915104029],[0.0890116953988165,52.723630166001],[0.132975309410511,52.7393044781051],[0.171626068464843,52.738031703374],[0.186323197484387,52.7353486313374],[0.27220855580117,52.7728063624083],[0.24508446057802,52.7845238068033],[0.267202495238882,52.8159785066473],[0.268754370160793,52.8158270843777],[0.331642243071915,52.818006989078],[0.351260210465714,52.8098187766673],[0.366635715084635,52.7911197548306],[0.370988272041458,52.783886477422],[0.37430328784066,52.7783759086299],[0.371115697348758,52.7862299560923],[0.367079087639451,52.7961723057717],[0.357429019781099,52.8117195078011],[0.372903765403553,52.8190779871635],[0.444915921558601,52.8532607613126],[0.445457944511956,52.8739018094377],[0.48033379660059,52.9315138357286],[0.49050116539688,52.9482778290013],[0.541665954874532,52.9758692136925],[0.562666434372034,52.9765926286555],[0.571485149450072,52.9679084345988],[0.586419008661194,52.973172789302],[0.60401200032319,52.9675940010856],[0.58932204613076,52.9767593826442],[0.617857088312113,52.9736335801811],[0.616287627755551,52.968511293506],[0.619921251747934,52.9737751560566],[0.674037486782244,52.9761598981465],[0.667567381005657,52.9701512456319],[0.679261147300382,52.973554972805],[0.695141897905427,52.9781747050659],[0.70870396152363,52.9740949542215],[0.731653441710388,52.9722448708911],[0.737357998598963,52.964321494132],[0.757875478594679,52.9693463949263],[0.76133290770603,52.9758250318897],[0.751646967408224,52.9771395793821],[0.781378464686656,52.9766857081126],[0.78189023848715,52.9765773266809],[0.813782607431816,52.9698179109362],[0.81378548152713,52.9773840007136],[0.851728268939878,52.9734202269077],[0.850992503753588,52.9577794243737],[0.870476587068994,52.9549325972513],[0.875247677888797,52.9601886120786],[0.917779113539185,52.9604284177405],[0.919698873763483,52.9656464381126],[0.93539197221876,52.9588416481291],[0.976467172003389,52.9630326583871],[0.98398594788299,52.9637981727965],[1.01450755993171,52.962999667153],[1.01537033237577,52.9554796568017],[1.01859498930205,52.9641055062146],[1.03576948365905,52.9671068072465],[0.991192905084565,52.9763182879688],[0.977268437219926,52.9746829567444],[0.95781409321668,52.9723953704161],[0.977626594697955,52.9798917653942],[1.12461667032645,52.9512654386865],[1.2722913147221,52.9358571675516],[1.30106648259715,52.9328320522943],[1.36093212366609,52.9098565639902],[1.42871219333837,52.8837777877323],[1.56012611240663,52.8155133053323],[1.58671256096868,52.8016594826067],[1.67515092541235,52.7426470140252],[1.69756952029172,52.7235391919583],[1.69946045293605,52.7198939229344],[1.73703918995162,52.6473233217331],[1.73986413568505,52.5730539076773],[1.73006906037372,52.5819935358945],[1.73250643605888,52.5720638982536],[1.73865478399609,52.5719758464401],[1.73179428577798,52.5647142680484],[1.73371878020109,52.5574764573507],[1.73314975602231,52.5565691581282],[1.73840211283154,52.5387740259891],[1.74037086165864,52.5321004532068],[1.74087263185543,52.5312053902356],[1.76357118981522,52.4816350668861],[1.75764488705136,52.4769276931525],[1.75619826236595,52.4715532630885],[1.73734530307381,52.4507549572832],[1.7345727294939,52.4479683439194],[1.73452948184,52.4476465781687],[1.73425650618193,52.4473452144853],[1.72805676059337,52.4003667267998],[1.71474421772152,52.377333523983],[1.70406949013301,52.3599568300765],[1.6755267816256,52.313418753663],[1.66718952949072,52.3116669600516],[1.66104956474806,52.3052886561429],[1.64997060805831,52.3001890918486],[1.63450274018159,52.2790199229837],[1.63431487777089,52.2774902111981],[1.63291584771641,52.2760343684471],[1.62246654016176,52.1867268614345],[1.62065373224238,52.1826457510136],[1.58010284399161,52.0911453276196],[1.49979131055122,52.0612624056402],[1.48628114234227,52.0562258326301],[1.49983364030653,52.0618040033462],[1.5421215291904,52.0791900472204],[1.51795666716782,52.0758736797178],[1.51051560612363,52.0695621253273],[1.50131802636999,52.070685030641],[1.50048495415032,52.0701334985044],[1.46784254868552,52.0485071178678],[1.46249723334774,52.0466426792767],[1.43290292758741,52.0083688247945],[1.4301737229319,52.0048354072551],[1.3942079958038,51.9872535481904],[1.38853631290389,51.9993970091953],[1.36157574979604,52.0061919043514],[1.39146705805036,51.9893249484338],[1.38876750236975,51.9793394260395],[1.344921726115,51.9569230567128],[1.31995224916845,51.9332464236795],[1.31632042126336,51.9486651507176],[1.31589643272566,51.9511942520874],[1.31570427197097,51.9512800359253],[1.31567357188503,51.9514103183507],[1.31484524922309,51.9516635139256],[1.28591820064354,51.9645692000684],[1.28446943570779,51.9652151558667],[1.28257035583894,51.9660618372783],[1.28231495226015,51.9692718189585],[1.28217107472601,51.9710798174362],[1.28041975900796,51.9930853285958],[1.21544879166983,52.0065143601235],[1.2043564983581,52.0110979327022],[1.19473098656884,52.0150738129229],[1.18158129312601,52.0205030003366],[1.17718507552127,52.0223174787701],[1.1602141106821,52.0306974619909],[1.15350995215038,52.0340063459591],[1.17090480579929,52.015717622607],[1.17236379897585,52.0141828795518],[1.20357642572164,52.0001906576347],[1.21153239785712,51.9966214107074],[1.26738918929722,51.9878289517024],[1.27553962997433,51.9576303810672],[1.27202142157509,51.9570970484964],[1.24297691332575,51.9614136011279],[1.2196573782818,51.9528639037292],[1.20032338654216,51.9545960859658],[1.18733528346985,51.9557578358707],[1.16354272634354,51.9705251544888],[1.13041806735074,51.9535559014161],[1.08613212137412,51.9589331263093],[1.0688156204552,51.9503641232196],[1.06605086534423,51.9489954506621],[1.06116810441525,51.9536749663159],[1.05881360719528,51.9559310459757],[1.05992197646715,51.9542143611953],[1.063638807763,51.9484565961466],[1.05391970035633,51.9529993971053],[1.06187679912398,51.9459455151635],[1.11943852820877,51.9400398134487],[1.17028902030793,51.9480058057781],[1.18739976127137,51.9407493443885],[1.19944989830376,51.9423341537797],[1.21909627137827,51.9449150188961],[1.22741295232269,51.9394740893814],[1.24619957713146,51.9484938520146],[1.27721938424382,51.939317918195],[1.29083265364094,51.9487432791781],[1.29611978976527,51.9369853322259],[1.29660137109661,51.9355886629394],[1.28466872282144,51.9366735083532],[1.25342052093349,51.9178692228537],[1.24662778202509,51.8913101619634],[1.23164841284205,51.8874261984788],[1.22601240655666,51.9037402876787],[1.21207631051526,51.896579139749],[1.22830911849722,51.8905382626348],[1.2125165477982,51.8903844140551],[1.19901633339974,51.8847874879632],[1.20978643625341,51.8784946603093],[1.19467405431066,51.875124459053],[1.17820699760417,51.8714493319392],[1.19439138030997,51.8711371565036],[1.20778053508532,51.8708772008326],[1.22442418817438,51.8805810763402],[1.21275752370025,51.8699489115482],[1.22849430213928,51.8726082480725],[1.2324077673325,51.8550740677333],[1.23715283568906,51.8619716254013],[1.24929372049842,51.8623067611673],[1.24992517945818,51.8561137313525],[1.25255379804489,51.8637590996196],[1.2699719106123,51.8636571964965],[1.26778863269748,51.8770989884705],[1.29058993735975,51.8729733879171],[1.2880042299028,51.8624159173247],[1.27466723603143,51.850841481469],[1.24913142484896,51.8336970086614],[1.21482911570481,51.8106368996736],[1.18937340552266,51.8002217980237],[1.14093599501135,51.7803748921636],[1.13215996155794,51.7771380249699],[1.05500672319537,51.7695736077829],[1.04337631558113,51.7697081505209],[1.02924384001904,51.7886911109346],[1.03624306073503,51.7826453840293],[1.03762413894643,51.7900145682692],[1.01775023830239,51.8012852265776],[1.04939535906897,51.8014057797139],[1.0630252002298,51.8109412799927],[1.06621860050088,51.8164861789058],[1.06779719326358,51.8210873238028],[1.06358472493912,51.8177209245066],[1.06457662933151,51.8163183473523],[1.05861869055361,51.8112730212793],[1.02616698858225,51.8046160819562],[0.994185511676856,51.815949017097],[0.98382789944861,51.8283903026478],[0.99149019230313,51.8384047044795],[0.986929629813986,51.8406523664502],[0.980295649775809,51.8439207383421],[0.980532766256432,51.8408147370421],[0.982322645310722,51.8173587219362],[0.952979580671108,51.8243115462738],[0.981848747059572,51.8119729513171],[0.929700245522959,51.807828320825],[0.937152457961571,51.8058597753311],[0.907323579451684,51.7992150197217],[0.898484598230436,51.7884137965823],[0.889912502231058,51.7779329955699],[0.86503601367986,51.7842715460323],[0.867290989646401,51.7829021242478],[0.894608810887654,51.7663024244143],[0.860358560247458,51.7688527054442],[0.857433247672873,51.7750000963672],[0.842443020717821,51.7729091508595],[0.882708038120848,51.7576810977666],[0.856248301306461,51.743801341981],[0.847764320491223,51.7403036212819],[0.813690923492033,51.73852189236],[0.792287589833156,51.7451635899014],[0.788632320847144,51.7366533046088],[0.776743356259109,51.7439832731457],[0.735922824177571,51.7294177433572],[0.713446491774977,51.7375997664358],[0.705450830740664,51.7238530358978],[0.686968004176382,51.7310854401633],[0.711207719553797,51.713486376644],[0.769185517779271,51.7083592430127],[0.737834658474667,51.6872043993569],[0.756936726241297,51.690726396231],[0.766957965202768,51.7027447546432],[0.795624584916018,51.7081485507128],[0.793478911669236,51.7180783705809],[0.819724651511236,51.7210811878703],[0.837023190565696,51.7157573317782],[0.868682660192407,51.7223057728167],[0.894084615648782,51.7430002964733],[0.895588312188696,51.743196230139],[0.92159809063366,51.7465820151309],[0.931352588244862,51.7460057112392],[0.950578969572106,51.730778738175],[0.939342426607602,51.6619712996566],[0.934586257292761,51.6327750755985],[0.90433153513984,51.6224226101825],[0.88786311078825,51.621995052837],[0.859078181371393,51.6212421544752],[0.794569526408497,51.625541804832],[0.765755652560949,51.637949557554],[0.771405630048234,51.6338165840955],[0.784418833216517,51.6242963749623],[0.86574703955064,51.6155698108333],[0.866138124777887,51.5992163419479],[0.820139598005633,51.5989979670987],[0.806099225639926,51.6089679720982],[0.819085879754683,51.597584269768],[0.776154758214074,51.5833478458496],[0.805932493229432,51.5861220093585],[0.793474656621211,51.5763344081255],[0.808062448680493,51.5787320083504],[0.817822952433954,51.5619967453247],[0.850680728608657,51.556320106259],[0.821184544640139,51.5406270676916],[0.821148469933385,51.5406089078058],[0.78272101628897,51.5212505784204],[0.670165222600288,51.5383438640384],[0.643059566027392,51.5410876375611],[0.627203425407395,51.5380388380086],[0.626828064587986,51.5379762181837],[0.610351482575617,51.5352260828876],[0.594112347720684,51.5382062975775],[0.560714815299678,51.5443271182441],[0.593733167815536,51.5315423396332],[0.598785229133425,51.5295847676379],[0.631588925211054,51.5252405740425],[0.618845492085396,51.5198472907844],[0.636880210232047,51.5219712143311],[0.592630201201831,51.5121286715338],[0.57333041757727,51.5078289934012],[0.553567185916566,51.509935532909],[0.548576155769906,51.5138062739611],[0.548377938444985,51.5139599813512],[0.546353413498724,51.5155298257326],[0.546051497463467,51.5157639231466],[0.539864514279402,51.5205604570386],[0.528761485890219,51.5182920084418],[0.517361570593801,51.5298265763801],[0.522193879480496,51.5159664821137],[0.541334904602341,51.512613325892],[0.508165292117869,51.5051961439584],[0.455596748191597,51.5068435908517],[0.445602650721781,51.4981794208235],[0.444188670872356,51.4934554410947],[0.438320869149381,51.4738409518626],[0.43041136487733,51.4592892567937],[0.404913223365524,51.4539291983964],[0.340845314551097,51.4523277384814]]]]},"properties":{"OBJECTID":6,"ITL121CD":"TLH","ITL121NM":"East","BNG_E":571078,"BNG_N":263235,"LONG":0.504207,"LAT":52.24073,"Shape__Area":19150107178.869179,"Shape__Length":1081711.8504371697,"GlobalID":"c4b25724-234c-4398-a09c-d1466dda31a0"}},{"type":"Feature","id":7,"geometry":{"type":"Polygon","coordinates":[[[-0.011918675972722,51.6808778155788],[-0.0122596870154022,51.6462286980882],[0.0227195417369585,51.6411154947011],[0.0218190353843213,51.6288327879267],[0.0728322280068223,51.6046873846398],[0.138184235513389,51.6235453978727],[0.200311572516926,51.6249357576146],[0.224087730411796,51.6317377623678],[0.252194314498076,51.6177694067079],[0.26456196557058,51.6083206617928],[0.254008700235285,51.6015982016854],[0.269878875477987,51.5995747943814],[0.290289733958918,51.5642993941368],[0.313035079986312,51.5658181337016],[0.334024218375905,51.5405038055835],[0.265347272043956,51.5321502659796],[0.263682923643184,51.517869793022],[0.25383431823152,51.5178858734001],[0.248964774167084,51.5286740306447],[0.23717600958761,51.5193344353076],[0.241919319205915,51.5079601287124],[0.226597286350539,51.5065632436345],[0.229965349544136,51.4993659196352],[0.214156929139668,51.4960396116976],[0.211788229754255,51.4897412792734],[0.210553951469516,51.4902431073138],[0.187684066854566,51.4878588743526],[0.18205827466809,51.498626898443],[0.178579552338734,51.5052828274227],[0.160070433447086,51.5117180687103],[0.158721674353943,51.5121868037474],[0.127174719390063,51.5194438180819],[0.0981235234370036,51.514948979275],[0.0657301416748321,51.5007336325903],[0.0603530510383987,51.4983722936561],[0.0203123102542816,51.4994126263162],[0.0164678190712487,51.5015912012079],[0.0156794482898565,51.5020379139321],[0.00550198796636781,51.5078035449561],[0.00456249606948157,51.508335663972],[-0.00571053079481539,51.5051084208278],[-0.00616959191253631,51.5019784279724],[-0.00835204151615706,51.4870914265041],[-0.00842626347200854,51.4865849416834],[-0.0107790596985122,51.487045008731],[-0.0249261115879089,51.4898102071022],[-0.0292339127584592,51.5023682074221],[-0.0312450475415669,51.5082286520727],[-0.0454934206186031,51.5093949362899],[-0.0612067977791973,51.5029019702357],[-0.0739980061300342,51.5064038121682],[-0.0746629685532788,51.5054596252533],[-0.0753409725848945,51.5044968724155],[-0.0706960478939298,51.5030584649584],[-0.0629539512210729,51.5006603803221],[-0.0598854937943233,51.5016755842291],[-0.0565128817388922,51.5028242835727],[-0.0443406946294275,51.5069120478321],[-0.0414152391586924,51.5065762430284],[-0.0349554373518265,51.5058344600814],[-0.0334124364026298,51.505657214861],[-0.0331499255811245,51.5024341156335],[-0.033050113499948,51.5012085114603],[-0.0323446068577172,51.4930148776834],[-0.0323028875982802,51.4929734743406],[-0.0248209130048979,51.4855466869121],[-0.0220224578939452,51.483687340372],[-0.0170903180449492,51.4804097986413],[-0.019574557846535,51.4781875457555],[-0.0227415564966814,51.4753541721059],[-0.0191589319605109,51.477253606318],[0.00198910838619466,51.4884607053535],[0.00159166619080429,51.5018461636424],[0.00152003165441884,51.5042583359731],[0.00150698872386104,51.5046974964933],[0.00210311720250397,51.50438074129],[0.00704825833232711,51.5017528496616],[0.0154689842566118,51.4972769294655],[0.021603259899357,51.4940154391145],[0.0580550441412564,51.4940592298271],[0.0767242003442003,51.4959503606347],[0.0819998586586594,51.5004456071487],[0.0907286947453919,51.5078810541512],[0.0920521298111928,51.5090081180973],[0.0935310221486465,51.5091361596761],[0.118677581865831,51.5113102808034],[0.120239031684623,51.5114451021843],[0.162739294485144,51.5046017239175],[0.165106118862449,51.5042201171508],[0.1693496162239,51.4988982797298],[0.169378544693525,51.4988619930468],[0.183561825342217,51.4810640392001],[0.217626605727214,51.4804723127929],[0.221175204172689,51.4788020768018],[0.2033528880422,51.4543284780564],[0.172854347046178,51.4432451868752],[0.164328170821928,51.4285849613143],[0.155875040956964,51.430876583241],[0.152932433214569,51.4087084831943],[0.148869410536534,51.4084291298333],[0.162384150043184,51.3924903029428],[0.147741030714359,51.3928010027283],[0.152057738933261,51.3696937056142],[0.136958108498101,51.3441746066996],[0.118456303441167,51.3441477832474],[0.117903913733224,51.3296632287001],[0.085029299988601,51.3160232052895],[0.085693083414603,51.2930842274768],[0.0423964974700414,51.2926730485403],[0.0329094179322316,51.3075209115003],[0.0150093785072876,51.2917860709615],[0.00225531196317318,51.329134835933],[-0.0378922709023185,51.3387044848688],[-0.0513070785090949,51.322447895544],[-0.0789238675088782,51.3197692498194],[-0.0911679398157873,51.3014725414055],[-0.124292859195443,51.2867586590943],[-0.137313517553181,51.3007809063632],[-0.155317700345265,51.3012743946668],[-0.156523624561657,51.3214852871721],[-0.197319340394251,51.3435951607866],[-0.220942481455045,51.3298630694449],[-0.229822682312355,51.3365228063842],[-0.217264425499336,51.3433870926208],[-0.222736428276271,51.3570860741789],[-0.245404841013276,51.3668454415984],[-0.245030254723365,51.3800339655478],[-0.261148561767934,51.3795998029734],[-0.285437834424782,51.3642491759094],[-0.306191996647397,51.3350844135712],[-0.330655551869037,51.329009639034],[-0.330510146339287,51.3484194369633],[-0.307365443600095,51.378383546907],[-0.317697879461912,51.3936670802519],[-0.327817849592096,51.3918371435321],[-0.359139332112005,51.4119031622355],[-0.38335002664952,51.4085382969075],[-0.39131707100993,51.422315412796],[-0.456467559255402,51.4381066815039],[-0.45864873646856,51.4563047644809],[-0.509701400845035,51.4691759477034],[-0.490024731134688,51.4947476361937],[-0.48316229005727,51.5071277176694],[-0.495487343898738,51.5385452318338],[-0.476620654263602,51.5591888387122],[-0.500595886707713,51.5996899004626],[-0.496846269346709,51.6317330374601],[-0.457130755473738,51.6122938899877],[-0.440575301248618,51.6200732402001],[-0.404003977858523,51.6131839744414],[-0.362621257698241,51.623504817498],[-0.316672244970353,51.6405355675681],[-0.304449971011893,51.6363487201659],[-0.257332658018192,51.6418318488053],[-0.250582589477333,51.6560573522745],[-0.212135030723747,51.6613535283696],[-0.203352928676407,51.6701264989751],[-0.191066699325158,51.6638967062225],[-0.181960815257973,51.6686831956154],[-0.163493271974568,51.6881150796651],[-0.105779139801201,51.6918756460165],[-0.011918675972722,51.6808778155788]]]},"properties":{"OBJECTID":7,"ITL121CD":"TLI","ITL121NM":"London","BNG_E":517515,"BNG_N":178392,"LONG":-0.30866,"LAT":51.49227,"Shape__Area":1584124702.2163696,"Shape__Length":271231.41720218654,"GlobalID":"c08a2b08-dad0-479a-ac17-eccfc336a348"}},{"type":"Feature","id":8,"geometry":{"type":"MultiPolygon","coordinates":[[[[0.687828097054806,51.4143462399168],[0.660113688487653,51.4175876632414],[0.667001839987761,51.4239086025443],[0.686969928853899,51.4222752201882],[0.687828097054806,51.4143462399168]]],[[[0.561520430520507,51.4022334232223],[0.564435834379174,51.4079545436261],[0.582572584427446,51.4031341871899],[0.561520430520507,51.4022334232223]]],[[[0.694536882870419,51.3966268958522],[0.672639129291644,51.3984055096318],[0.66592851913054,51.4062823352872],[0.682969207499151,51.4126452829497],[0.694536882870419,51.3966268958522]]],[[[0.615324178551403,51.3953841238209],[0.597014785868647,51.396079791584],[0.608113907189034,51.4015436391241],[0.615324178551403,51.3953841238209]]],[[[0.897167768339266,51.3543359768916],[0.871407546544993,51.3609828692044],[0.858344453048903,51.3643506817287],[0.843784912252012,51.3635637600316],[0.806285518209497,51.3721779165912],[0.766184454376079,51.369769548133],[0.76426482343719,51.3882320571207],[0.732612479893691,51.4003447099279],[0.721502840083334,51.414470317728],[0.732135030122886,51.4090261656546],[0.741097254450324,51.4134582379802],[0.735471190343091,51.4242904339433],[0.749570548724971,51.4459626383257],[0.82448596580794,51.4256181002921],[0.875085160749728,51.4196677009224],[0.902019423826623,51.4164905093793],[0.950391333112795,51.3722075914241],[0.897167768339266,51.3543359768916]]],[[[-1.10164342829466,50.8136706119743],[-1.09712776047336,50.8206081559357],[-1.09369640163748,50.8150264948138],[-1.10164342829466,50.8136706119743]]],[[[-0.911075386322441,50.8033054219083],[-0.942576239176279,50.8153971838409],[-0.939485198313108,50.8302983203622],[-0.912066861461991,50.827368070577],[-0.907846679423375,50.8169013945908],[-0.911075386322441,50.8033054219083]]],[[[-0.937418296982659,50.7775856377763],[-1.02156303335332,50.7862615409991],[-1.02480208015476,50.7954762409172],[-1.02495287031773,50.7959051226267],[-0.994896275649857,50.7981358990826],[-0.986768415302602,50.8269492878066],[-0.969104657757552,50.8345330285317],[-0.951007030234857,50.8237565912859],[-0.957057022429923,50.8073429352482],[-0.960861204194,50.8115945746117],[-0.970203755184695,50.8103157146969],[-0.961788987659867,50.8078552979293],[-0.973369385839959,50.8090629970639],[-0.968970769284517,50.8027408981764],[-0.952726202122985,50.8010145244945],[-0.959144422056492,50.7949090924109],[-0.966806227057249,50.787618142444],[-0.951307489653724,50.7869062523989],[-0.958887117696131,50.7811664462494],[-0.936761630046192,50.7867972062998],[-0.937418296982659,50.7775856377763]]],[[[-1.55148444190279,50.7072072737418],[-1.6410525004474,50.7322365757959],[-1.69188450709924,50.7372870657452],[-1.68181880175401,50.7518500466082],[-1.74416871755392,50.7474553896597],[-1.73895962345847,50.7632705334556],[-1.74884631723822,50.7794943884105],[-1.78549590627056,50.7647520328101],[-1.80390495992449,50.7959652097351],[-1.81189346961124,50.8086420534346],[-1.80340083464536,50.8303392092789],[-1.7906149204402,50.8363141203295],[-1.80247295729264,50.842962530858],[-1.80711024689225,50.8633153681174],[-1.83000872916911,50.855273798656],[-1.8535388347258,50.8634601115405],[-1.8485555321841,50.8898873570296],[-1.81654192681066,50.9039481467113],[-1.81065808966909,50.9272033833848],[-1.84184002606037,50.9316803752063],[-1.87364432144719,50.9172258906858],[-1.9208410101265,50.9614073112474],[-1.9554655807148,50.9782663327053],[-1.95682089498008,50.9898299342128],[-1.94993597428247,50.982310587126],[-1.92787590068119,50.9976972362559],[-1.88674132170855,50.9995277371895],[-1.8744816293703,51.0063305730385],[-1.87398355229608,50.9844410369728],[-1.85338113087344,51.0046795408065],[-1.83581261898952,51.0094222637972],[-1.81542176154032,50.9859226506618],[-1.80031396441253,50.9913948004776],[-1.75440191299908,50.9778920957637],[-1.71961730874583,50.9767804611932],[-1.66165999760024,50.9452778934545],[-1.63496498191181,50.959242203305],[-1.61975086537249,50.9585669234653],[-1.60292295662184,50.9785219284271],[-1.61964214747431,50.9829964296162],[-1.62888498210166,50.9990317656901],[-1.59733922744134,51.0097526013444],[-1.59939671455142,51.0237293759632],[-1.63237574994687,51.0327797089411],[-1.63494006258513,51.0405607803365],[-1.62772853177309,51.0780113479755],[-1.63731080993167,51.092165472254],[-1.62624982084855,51.11733837822],[-1.66297542061048,51.1271919942693],[-1.65404416769889,51.156282560471],[-1.67236777184945,51.178543907232],[-1.66883538878167,51.1907722680738],[-1.69409695142509,51.2040432407122],[-1.68969464697295,51.2148276716545],[-1.63354082449385,51.2175159574141],[-1.60742610679952,51.2527700655058],[-1.57763603597238,51.255631065046],[-1.54515980285838,51.2450984934626],[-1.53603492233473,51.248530040519],[-1.52982022727526,51.2605141208764],[-1.54051263214594,51.2608334795592],[-1.54258390870932,51.2812507368809],[-1.52280740170923,51.2870580082431],[-1.51951108456222,51.295938582609],[-1.53356185391501,51.3162235803486],[-1.52750728243898,51.3384659578415],[-1.49829892339599,51.3293760932154],[-1.48571137940254,51.3476828433187],[-1.50060847866419,51.3562679618628],[-1.49544914388952,51.3696644487562],[-1.5556028314987,51.3955841265919],[-1.552988021182,51.4100439121537],[-1.57105280217898,51.4155776058972],[-1.56511865145831,51.4220434340803],[-1.52661427052153,51.4239307454944],[-1.52399091948743,51.4474805555279],[-1.58229087126477,51.4941117975012],[-1.5847080110675,51.5249121201564],[-1.60281227577575,51.5182950573493],[-1.64769133240667,51.5719518965806],[-1.6550445515445,51.576506273878],[-1.67653981704139,51.5694390418873],[-1.69111065937934,51.5835237286231],[-1.69061673406564,51.6054499290187],[-1.66700965139021,51.6162644740119],[-1.67373615893661,51.6228498674626],[-1.65995432000085,51.634990873526],[-1.69193809183811,51.652164588372],[-1.70018909588817,51.6707416649703],[-1.68305860763382,51.6901103608739],[-1.6684586013836,51.6804375707807],[-1.6482537434206,51.6840870667632],[-1.68800012551326,51.7120447484807],[-1.69587065656066,51.7235374534648],[-1.68702083538569,51.7398840246482],[-1.70070464063816,51.7705842309133],[-1.719488633029,51.783211828608],[-1.68193160633236,51.8039930882517],[-1.68646159226236,51.8344557927071],[-1.6763849989757,51.8503096863382],[-1.68686790516723,51.865499769979],[-1.66711188277391,51.8770000595026],[-1.6586519744388,51.8965511944458],[-1.63305061648251,51.8992254674722],[-1.64552984349674,51.9222942568441],[-1.61518893057959,51.9376816307841],[-1.63249065036282,51.9556514588347],[-1.66252911045517,51.9640049484791],[-1.66575430454192,51.9874888228855],[-1.6123424784918,51.9554034180772],[-1.59163382437679,51.9704499714443],[-1.60030155962323,51.9769415571358],[-1.56353907898641,51.9770403704889],[-1.54967123415029,51.9808596590458],[-1.55722360987892,51.9916576656612],[-1.52282569381324,51.9968433232583],[-1.48780444308749,52.0939574339411],[-1.4773016480172,52.1013509449693],[-1.44718785165915,52.0976250329561],[-1.45345845223962,52.1130088180441],[-1.42585527138436,52.1182494977188],[-1.38539981246727,52.0941455730689],[-1.35776965526573,52.101310424564],[-1.37084214070604,52.1175341843905],[-1.39330253063034,52.1189629058388],[-1.36614709693503,52.136075239314],[-1.34870798028102,52.135132199429],[-1.33189713465028,52.168485056197],[-1.24808506152758,52.0971607928128],[-1.32116486414434,52.0870189284444],[-1.31815993117564,52.0799212576787],[-1.29750881413832,52.0780566948102],[-1.31292004347285,52.0514526634399],[-1.2781640188565,52.0142726693672],[-1.28339696571849,51.9795473076353],[-1.24161223468244,51.9862933638439],[-1.19625975033442,51.9774314432067],[-1.1638234846559,51.993412226747],[-1.13432869833777,51.997296387881],[-1.11808639727985,52.015426172984],[-1.13666519177377,52.0222431393199],[-1.12198746602417,52.045147243769],[-1.06206502016579,52.0627354088617],[-1.02766844665035,52.0637342663437],[-1.04232729762761,52.0737102723463],[-1.02631761574623,52.0756821106272],[-0.967805300640545,52.0709109290594],[-0.951872932630774,52.0815336222521],[-0.906030231113252,52.0212211091716],[-0.890118209201375,52.0315605659891],[-0.877468741341899,52.029971598807],[-0.871325629151705,52.0402518525726],[-0.852446930044208,52.0507050939995],[-0.862678645799938,52.0609340396562],[-0.839500488570746,52.0638277803285],[-0.831418245815491,52.0719470001652],[-0.846712543468573,52.0915087043707],[-0.869530890808279,52.1000376612261],[-0.871450101645909,52.1117534347483],[-0.887015710928929,52.1142093381565],[-0.880720326962989,52.126331782706],[-0.828204674516654,52.1326105528126],[-0.831966629448272,52.1436835096163],[-0.814041227969744,52.1424723427489],[-0.807587882658745,52.1569790143848],[-0.79209127053342,52.1513294604513],[-0.777975100551014,52.1687324938897],[-0.749734768697015,52.166876769342],[-0.705455584046104,52.1915707016846],[-0.668135637658972,52.1950341117758],[-0.627446652760453,52.1815454692193],[-0.630670852928054,52.154923976628],[-0.640781511339943,52.1527722744294],[-0.635451654748942,52.1392536217861],[-0.607249381383547,52.1338687526829],[-0.591810331093184,52.1106918889987],[-0.668975977177069,52.0487168407765],[-0.643047384421435,52.03724943846],[-0.640200287309749,52.0240657835318],[-0.651023980545729,52.0184860776976],[-0.643476890185536,52.0108547046231],[-0.661689665349639,51.999736386245],[-0.645680806107921,51.9722283113145],[-0.652978332552356,51.9692289650499],[-0.702156753839247,51.9091191143679],[-0.69270268844713,51.9001506745719],[-0.672969117918539,51.9017527155225],[-0.651979972895764,51.8867905129487],[-0.620089156301968,51.8854855186799],[-0.583563578497727,51.8703238406752],[-0.537628502352066,51.831410851126],[-0.543650555088764,51.8245178244047],[-0.55362861452813,51.8267126753008],[-0.560656237503422,51.830082630502],[-0.581825667306607,51.8069054436194],[-0.632939595687134,51.8199461883714],[-0.667186881146866,51.8158037319664],[-0.695451174098334,51.8411104930067],[-0.686767774184943,51.8492402554097],[-0.696389209393907,51.8581374686728],[-0.720268145520088,51.8561471020585],[-0.745248592325208,51.8383764603453],[-0.723653476773238,51.8177730671437],[-0.709295276518438,51.8205395970026],[-0.685394264623343,51.8001859221154],[-0.690190999010653,51.7923392108272],[-0.669663645804383,51.7661601158171],[-0.612935985356925,51.7474272560625],[-0.586379726948011,51.7521159512938],[-0.574878745827128,51.7369685259414],[-0.553645081612142,51.7340179577892],[-0.550413609644392,51.7230428902594],[-0.563209678148724,51.7118798644661],[-0.544017145197095,51.6968174726995],[-0.548696117263039,51.6826712828346],[-0.524272789762485,51.682112655748],[-0.505107856294706,51.673076894457],[-0.520994789975871,51.6680453795662],[-0.522777811355677,51.6583975699817],[-0.536891506831164,51.6606244728575],[-0.539260817248413,51.6380393912766],[-0.520594814225518,51.6018435785492],[-0.5005958867077,51.5996899004626],[-0.476620654263587,51.5591888387122],[-0.495487343898731,51.5385452318338],[-0.483162290057258,51.5071277176694],[-0.490024731134678,51.4947476361937],[-0.509701400845021,51.4691759477034],[-0.458648736468548,51.4563047644809],[-0.456467559255388,51.4381066815039],[-0.391317071009922,51.422315412796],[-0.38335002664951,51.4085382969075],[-0.359139332111987,51.4119031622355],[-0.327817849592084,51.3918371435321],[-0.3176978794619,51.3936670802519],[-0.307365443600085,51.378383546907],[-0.330510146339276,51.3484194369633],[-0.330655551869028,51.329009639034],[-0.306191996647388,51.3350844135712],[-0.285437834424771,51.3642491759094],[-0.26114856176792,51.3795998029734],[-0.245030254723368,51.3800339655478],[-0.245404841013273,51.3668454415984],[-0.222736428276267,51.3570860741789],[-0.21726442549933,51.3433870926208],[-0.229822682312353,51.3365228063842],[-0.22094248145505,51.3298630694449],[-0.197319340394251,51.3435951607866],[-0.156523624561655,51.3214852871721],[-0.155317700345262,51.3012743946668],[-0.13731351755318,51.3007809063632],[-0.12429285919544,51.2867586590943],[-0.0911679398157905,51.3014725414055],[-0.078923867508881,51.3197692498194],[-0.0513070785090985,51.322447895544],[-0.0378922709023133,51.3387044848688],[0.00225531196317795,51.329134835933],[0.015009378507286,51.2917860709615],[0.0329094179322351,51.3075209115003],[0.0423964974700398,51.2926730485403],[0.0856930834145998,51.2930842274768],[0.0850292999886041,51.3160232052895],[0.117903913733223,51.3296632287001],[0.118456303441171,51.3441477832474],[0.136958108498104,51.3441746066997],[0.152057738933263,51.3696937056142],[0.147741030714357,51.3928010027283],[0.162384150043179,51.3924903029428],[0.148869410536533,51.4084291298333],[0.152932433214565,51.4087084831943],[0.155875040956961,51.430876583241],[0.164328170821926,51.4285849613143],[0.172854347046176,51.4432451868752],[0.203352888042204,51.4543284780564],[0.22117520417269,51.4788020768018],[0.274866956990032,51.4536599393937],[0.301803096476887,51.4611659050003],[0.315245500704428,51.464908478204],[0.315321307136905,51.4649295785285],[0.32525531306127,51.4502939427533],[0.382222028591021,51.4432913635479],[0.440243932398772,51.4474203478798],[0.459301472726118,51.4555405474753],[0.457565560198213,51.4582932099819],[0.454310834301249,51.4634533393381],[0.467618434337055,51.4642019124953],[0.458057726113419,51.4679111535779],[0.474232063977486,51.4848089573021],[0.546196548076057,51.4871637205523],[0.590771751842631,51.4793694228592],[0.615237628851993,51.4750832101064],[0.659983867168387,51.4776769839281],[0.690601464729749,51.4593027377987],[0.671230359231648,51.4722444722244],[0.699865700168131,51.4727119285615],[0.720386019001545,51.4597369960201],[0.72348374826968,51.4447359562468],[0.710285623311776,51.4348165241746],[0.677888588964942,51.4331759441071],[0.671729335495569,51.4481015850234],[0.658880978068487,51.4474306813937],[0.63581479549307,51.4462226468671],[0.6124489434558,51.4296429522431],[0.605517065310631,51.4201584430774],[0.618297225044802,51.4286832665507],[0.625214867130115,51.4236691721449],[0.610866385103655,51.4174042915992],[0.587195732121716,51.4161614231781],[0.534985463206957,51.4134032424142],[0.521181129354048,51.3930467178648],[0.537620254904167,51.4103368670662],[0.560969209750441,51.3948140344158],[0.585644855626248,51.3886758744146],[0.594590544318569,51.3864489224584],[0.611856465059023,51.3788065368798],[0.62016949192445,51.3890278725001],[0.632458962255129,51.3890802553618],[0.634639670120469,51.3890893934982],[0.626927098630926,51.3747310508915],[0.648018280180169,51.3976009906688],[0.670065397523827,51.3733009994225],[0.687013845726218,51.391804375081],[0.703170736424095,51.3925363209408],[0.695285660730109,51.3798223155971],[0.714032446084581,51.3841681476117],[0.696353703209258,51.4200306814445],[0.727977427880634,51.4235899561932],[0.731172555457347,51.4189825423635],[0.716274154677409,51.4132011336496],[0.726299383930112,51.3993126993728],[0.763840526317194,51.3820505046339],[0.75595243841716,51.3536235163951],[0.766893352473444,51.3625819482923],[0.814325878592545,51.3582969339901],[0.865926058013308,51.3559078607682],[0.870975796132514,51.3540771701845],[0.897630039157715,51.3444082936525],[0.895647457468314,51.3370378784027],[0.904374132891055,51.343022480459],[0.950296972311205,51.3457656143682],[1.00561773271141,51.3491515564247],[1.03318205483179,51.3655946390189],[1.15968969895045,51.3747317359388],[1.2241829236227,51.3793359484069],[1.2248310715169,51.3793434465229],[1.31504361219488,51.3803521521397],[1.38297392446479,51.3919342597151],[1.39252326696837,51.393247893265],[1.42492483282119,51.3937887726707],[1.44205295433473,51.387192179168],[1.4459377877577,51.3588943331987],[1.44599172061281,51.3585013193235],[1.44589752155638,51.3583577329625],[1.42468182652994,51.325993098161],[1.42319472385524,51.3313725322941],[1.41458339233029,51.3274845292774],[1.42359661586834,51.3243571104349],[1.37689618483467,51.3296017045986],[1.36340050673158,51.3135141368771],[1.37064360827028,51.3117952739198],[1.37979848834837,51.2903115283989],[1.39501772051773,51.2545526300244],[1.40410363244793,51.2263063176157],[1.39923430364805,51.1622211128357],[1.37957862139032,51.1421788493756],[1.34282720017362,51.1309588918492],[1.3428044535546,51.1302305112667],[1.34273764046426,51.1302120253448],[1.34327284230818,51.1226395626634],[1.34265970156081,51.1269004746438],[1.33927519084564,51.1264947688914],[1.33847384811342,51.1274278217455],[1.32654832821673,51.124968233945],[1.31912114364706,51.1240766816702],[1.31803897030973,51.1232122998405],[1.31742052138472,51.1230846512257],[1.31757376129535,51.1228407021475],[1.31300210969669,51.119188559864],[1.32284105895175,51.1141023411669],[1.31097047865403,51.1192173607675],[1.32180992172318,51.1141789850238],[1.31365510371341,51.1147847953585],[1.32537434760349,51.1119671609426],[1.32783740808344,51.1113747840416],[1.31647224078706,51.1122203774228],[1.30167980548908,51.1133192510921],[1.29984274759579,51.112691294503],[1.29813176975605,51.1121063912895],[1.22656097971635,51.0985290369878],[1.22113713032268,51.0981105507806],[1.21996484794745,51.0974973438185],[1.21479899658342,51.0947948083644],[1.20588996587623,51.0910368220622],[1.2058557390283,51.0901151532059],[1.18571957692848,51.0795714793353],[1.19491298379705,51.0759704959015],[1.17179777908488,51.0734913253413],[1.13887974582585,51.0699800174188],[1.07358992487136,51.0629869148109],[0.99734803578531,51.0250792570765],[0.990338066898409,51.0131913767837],[0.985934614147799,51.0092482662199],[0.981945082853614,50.9989490580437],[0.964173987525031,50.9687605583932],[0.971355026153054,50.9416059567493],[0.978565152681138,50.9143110737567],[0.978207796018009,50.9131158913575],[0.854693263283308,50.9237287163973],[0.844450909484935,50.9246653258379],[0.77201662567019,50.9312619628115],[0.774608367802376,50.9275991040565],[0.731888375092548,50.9145571091332],[0.658567755686965,50.8699278953798],[0.657908555489041,50.8697648056852],[0.645513346252494,50.8666972568115],[0.555775034231301,50.850736871838],[0.531928022666534,50.8464819904645],[0.503196648295343,50.8431405695266],[0.378243036220252,50.8204322370952],[0.377512425932029,50.8202989644588],[0.339219102663851,50.799187965233],[0.339068956174832,50.7990729712921],[0.309859331803232,50.7766871511999],[0.266416130400034,50.7433391865819],[0.25998340115087,50.7383957366913],[0.209874723145517,50.7384226786385],[0.209806569980027,50.7384453699206],[0.15017770300174,50.7582749083675],[0.1500570104864,50.7583149982823],[0.148479166081973,50.7588390678617],[0.122143900185409,50.7584048890057],[0.102852693702965,50.765835397632],[0.0696984173712762,50.7811969247599],[0.0683542962557253,50.7818192930819],[0.0615657637253762,50.7817197810742],[0.0562455432396857,50.7837648406709],[0.0568541831964094,50.781650488324],[0.0558878147287518,50.7816362529696],[0.0559538995540423,50.781440055788],[0.0577744408965534,50.7760345615091],[0.0341606952479648,50.7818222383536],[-0.0149414030772813,50.7938372266967],[-0.0379176121570915,50.7994501892508],[-0.0382291560903911,50.7994865700922],[-0.0384591598760674,50.7991967950238],[-0.0449897162633943,50.8002456928855],[-0.0923842825191596,50.8107610121948],[-0.0918941975173657,50.8077671207542],[-0.110438195568518,50.8107349153178],[-0.110237460296838,50.8131761139762],[-0.192523173695898,50.823832099417],[-0.216037848185235,50.8275720622804],[-0.216742956953294,50.8275468905715],[-0.245856753456063,50.8265038202516],[-0.243093476914912,50.8304409667303],[-0.251531340627855,50.8301359483395],[-0.249120362610307,50.8264083360361],[-0.268164208354898,50.8261246858418],[-0.27763526591273,50.8267812793037],[-0.297658048965481,50.8233896749733],[-0.332696992934119,50.8174449934392],[-0.33318718796454,50.8173773169813],[-0.435748887965783,50.803168200414],[-0.435962219779806,50.8031385423776],[-0.54200964761816,50.8002402945864],[-0.554975558387548,50.7984114878272],[-0.568357859754827,50.7980312459658],[-0.582462404102641,50.795663571595],[-0.6086829292765,50.791257016846],[-0.625154431776399,50.7884854890772],[-0.701665724755926,50.7776112350396],[-0.710843959171302,50.7740240792853],[-0.72555207356208,50.7715344832963],[-0.738846509854939,50.7630720803998],[-0.751068398904733,50.7582883159994],[-0.751603742863951,50.758078728818],[-0.756274334102328,50.7641136732221],[-0.763091598806074,50.7729192300593],[-0.763798649494253,50.7725303077312],[-0.786824265863051,50.7598587821117],[-0.772799075997134,50.7616409855898],[-0.761800601668754,50.7511394894991],[-0.750112327571381,50.7571661514393],[-0.761594568507367,50.7459651074644],[-0.788378831896225,50.7231513952583],[-0.793788001137851,50.7238695831169],[-0.804076920040285,50.7294862414029],[-0.842858878917736,50.7535596409708],[-0.858934915395806,50.7593961927518],[-0.859551324438989,50.7597319026934],[-0.860450339100998,50.7599461614941],[-0.867056407382951,50.7623432002339],[-0.916824423616888,50.7803818826026],[-0.912317560519583,50.7889696159418],[-0.915624389402382,50.7804417685642],[-0.904899121698818,50.7822796505078],[-0.892232255537887,50.7942935496388],[-0.878154796664735,50.8076361038119],[-0.866034204222163,50.8046128657868],[-0.844726907625541,50.7992937128858],[-0.825369020741761,50.8044772298219],[-0.815784406718139,50.8191101294875],[-0.844574177083211,50.8048543842501],[-0.865837269385992,50.8127463450021],[-0.868812929380646,50.8138502393572],[-0.865667476121554,50.8197595451965],[-0.86124487345674,50.8280655561645],[-0.858414768304792,50.83965771455],[-0.865174894037745,50.8401002597533],[-0.870893526378925,50.8404742645952],[-0.865761480962508,50.8269584479823],[-0.877575295682923,50.8115029341834],[-0.892312330433282,50.8185132809955],[-0.895033107906661,50.8385762468329],[-0.913462909914295,50.8400232933253],[-0.912399553053586,50.827711993437],[-0.920838920233507,50.8330376555267],[-0.935108259274947,50.8302603180774],[-0.932477907919772,50.8460494381527],[-0.934483068887591,50.8458708643177],[-0.974458244173645,50.8423034851977],[-0.981420804387809,50.834928086745],[-1.00118898026979,50.8436684848576],[-1.0199094981227,50.84319685244],[-1.02412894295408,50.8263225723426],[-1.02428235831608,50.8264364761145],[-1.03633944137581,50.8353856790666],[-1.04411857041707,50.8321357184761],[-1.04428270786605,50.7956370085159],[-1.04430556368013,50.7905561705305],[-1.03297370566443,50.795544125283],[-1.03059167675372,50.7965923761532],[-1.0304105782393,50.7955228937616],[-1.02927313089821,50.7888043332346],[-1.08852489481202,50.7776731655532],[-1.09380640359096,50.7808041777411],[-1.10896079497236,50.7904630279454],[-1.10984501657245,50.7961560110516],[-1.11152128705185,50.8069448793925],[-1.0895919781474,50.8096041200921],[-1.10025469036252,50.826720364797],[-1.0844643390052,50.8248170106085],[-1.07660925543699,50.8367962352349],[-1.04413374486932,50.8338957794142],[-1.0822588979437,50.8380151466605],[-1.08923192779723,50.8286180646768],[-1.10627579853837,50.8378619590659],[-1.10327975271943,50.8464001756778],[-1.11416058664645,50.8449212613974],[-1.11770596867815,50.8444391207899],[-1.11307379502851,50.8361007386277],[-1.12747328271754,50.8371051215148],[-1.1491663543234,50.8435031505916],[-1.15274021928868,50.8445566446137],[-1.15448392642578,50.8450705927676],[-1.17488847407859,50.8399474299914],[-1.15239484064896,50.8357378692978],[-1.14988340509793,50.8271810972112],[-1.14946910556504,50.8268473818646],[-1.12381528131389,50.8061718824557],[-1.13683437100699,50.8019865779333],[-1.12373864023063,50.8041263743817],[-1.11930415820004,50.796227908193],[-1.11751506405252,50.7930404743905],[-1.13442772060431,50.7858864356414],[-1.11240532459989,50.789239666015],[-1.1123107134763,50.7892540617358],[-1.1137449693238,50.788471920148],[-1.1400672522269,50.7744354581516],[-1.14192354257103,50.7734986267132],[-1.15038559583598,50.7763729124517],[-1.18971361316709,50.7897184371965],[-1.1985473841437,50.7967991326231],[-1.21379288747379,50.8090125515695],[-1.2141476220105,50.809296637752],[-1.30811657696463,50.8427329315362],[-1.30274919255877,50.8788774711933],[-1.30410232533362,50.878564777645],[-1.31661366152019,50.8756725981667],[-1.31084549357581,50.8506462802093],[-1.31046980781215,50.8490156334397],[-1.31114622612914,50.8494000774639],[-1.36285721535707,50.8787603361475],[-1.36511119783828,50.8800387529243],[-1.38331467503127,50.8895922543147],[-1.38458378467579,50.904149978375],[-1.37179405605563,50.9122261300157],[-1.38793329239827,50.9068913314699],[-1.38719993387037,50.8992205186612],[-1.39530625455966,50.8831791743093],[-1.39902240075274,50.8945485175079],[-1.40082179240359,50.8902844722774],[-1.43249294317475,50.9048647605262],[-1.43972982600233,50.9081940116725],[-1.4508831388394,50.9041228490788],[-1.46531230542153,50.9106248093111],[-1.47872452523161,50.9252336576507],[-1.47346436698851,50.9148017776007],[-1.47631700882226,50.9106948861022],[-1.45113752862873,50.9013469696099],[-1.43258412721742,50.897343749035],[-1.42184978337484,50.8950260979151],[-1.37685273754839,50.8539368993575],[-1.35270689897511,50.8481432511722],[-1.36051272275991,50.8429123528413],[-1.34948156735921,50.8464813761991],[-1.33456761751742,50.8374574906828],[-1.33652503726809,50.827278720964],[-1.3193028969842,50.8244504593695],[-1.32559413215337,50.8169601877724],[-1.32609137359423,50.8166025990651],[-1.32582532777316,50.8167472790902],[-1.32603319308509,50.8165546145445],[-1.32323234247648,50.8181573236573],[-1.3145675606717,50.8153671825348],[-1.31551898729034,50.8211667576766],[-1.31233270063656,50.8207294641498],[-1.30851206504485,50.8161303879961],[-1.30954712901756,50.8136312879595],[-1.32314893210648,50.80427137599],[-1.32468693396363,50.8038447108293],[-1.32773844441922,50.8011120395025],[-1.33277488375984,50.7976443213658],[-1.35259306282288,50.7839911245688],[-1.35389190962749,50.7839444649371],[-1.37503327273162,50.7850074507054],[-1.37953169014835,50.7830205701992],[-1.39961043157545,50.7822932894357],[-1.41297158724067,50.7839505214584],[-1.39267350157013,50.7774039043012],[-1.39970889980868,50.7742382882943],[-1.43415486766811,50.7674618390819],[-1.50270882989729,50.7539382816664],[-1.5352796886475,50.7638422167119],[-1.52592502725889,50.7445214998125],[-1.54185687057245,50.7397651103076],[-1.53107393692559,50.7370180962378],[-1.57954323158697,50.7177228818668],[-1.55148444190279,50.7072072737418]]],[[[-1.30003129378806,50.5751368036273],[-1.37409917140364,50.618015998079],[-1.38929555523809,50.6267980066969],[-1.43568345131776,50.6402208262326],[-1.4481552545356,50.6438252317992],[-1.48454702046062,50.6667930117686],[-1.58654257502513,50.6631252727173],[-1.54810985189305,50.6783633967741],[-1.52215714140961,50.7070203047123],[-1.52021114035807,50.7071372745015],[-1.50374880562456,50.7067256936048],[-1.50452257733225,50.7034431124214],[-1.50077542218916,50.7061612199406],[-1.47011842536372,50.7096403880378],[-1.43467962925855,50.7238536941595],[-1.42941880057747,50.7259619190421],[-1.42900610656297,50.7259378028961],[-1.41195858527023,50.7207712508223],[-1.41435999438046,50.7099380339067],[-1.40394236051301,50.7208491409568],[-1.3861432593041,50.7226360467314],[-1.40852357521684,50.7252044964153],[-1.39333470722683,50.7293495089763],[-1.35332978714584,50.7390865613447],[-1.31614835832022,50.7648289530084],[-1.31127399971695,50.7669682092283],[-1.30296743056852,50.7644637947385],[-1.2960971485329,50.7617764271214],[-1.29489503047224,50.7619811976485],[-1.28295875521927,50.7300328638297],[-1.29138282949087,50.7625793879018],[-1.27459439987073,50.7654370230239],[-1.24756528927248,50.7517045543324],[-1.23922967723527,50.7438581087843],[-1.22709418567342,50.7410846772797],[-1.21623427264584,50.7350913747697],[-1.21949542721981,50.7310631180976],[-1.20342735981764,50.7347701804803],[-1.15457965043346,50.7332899460151],[-1.15118200664503,50.7323594433955],[-1.10866920669961,50.7207037411965],[-1.09609062381798,50.6943892812701],[-1.10283024134862,50.6997835953797],[-1.10826190424855,50.69351486888],[-1.08597697734102,50.6943278881786],[-1.07030629416135,50.6875410383512],[-1.09792737164873,50.6652233999423],[-1.13177294607927,50.6623128212288],[-1.15261565874718,50.652892071847],[-1.16042833809124,50.6493588944706],[-1.1758791494817,50.6167829782053],[-1.18513435210354,50.5972470334947],[-1.30003129378806,50.5751368036273]]]]},"properties":{"OBJECTID":8,"ITL121CD":"TLJ","ITL121NM":"South East (England)","BNG_E":470062,"BNG_N":172924,"LONG":-0.99311,"LAT":51.45097,"Shape__Area":19105630089.543762,"Shape__Length":1468899.7363995856,"GlobalID":"73af7d17-1cdd-49d2-9ed6-8f31b9ee6591"}},{"type":"Feature","id":9,"geometry":{"type":"MultiPolygon","coordinates":[[[[-4.67092482315617,51.1584635557391],[-4.68057246858644,51.1724248322739],[-4.67779469355238,51.1987527108427],[-4.67735946780737,51.2024011742426],[-4.65326626531896,51.1623696507409],[-4.65873993068817,51.1611310455204],[-4.67092482315617,51.1584635557391]]],[[[-1.98354573892023,50.6870749205126],[-1.98808847416946,50.6924532823786],[-1.97416887426421,50.6972277238716],[-1.95815544518236,50.6949304235318],[-1.95676426465752,50.6882194344868],[-1.98354573892023,50.6870749205126]]],[[[-5.03024455882293,50.2087935926311],[-5.03038008652152,50.2088794092886],[-5.02942371861404,50.2094142144257],[-5.03024455882293,50.2087935926311]]],[[[-6.28363332104674,49.9562860293912],[-6.28656620581317,49.9569667844528],[-6.30219249289493,49.9630862486861],[-6.30371415061993,49.9647072490097],[-6.29538825775255,49.9758296557132],[-6.29215937211588,49.9744135946583],[-6.29365840345597,49.9781398614321],[-6.29354695555872,49.9782886920487],[-6.2896953275954,49.9698806935315],[-6.28874852647402,49.966172371402],[-6.26173195232022,49.9628627173066],[-6.2633723024548,49.9623100924899],[-6.28363332104674,49.9562860293912]]],[[[-6.35573538502153,49.9464509418738],[-6.36029701198823,49.9489780801963],[-6.35872037832638,49.9670131050164],[-6.34807363717607,49.9556526340887],[-6.34949394044683,49.9519209966503],[-6.35573538502153,49.9464509418738]]],[[[-6.33248017884929,49.9395046516455],[-6.34431729913845,49.9605686175973],[-6.34646368175663,49.9669251186171],[-6.32066634529473,49.9540682118725],[-6.31997150514809,49.9524717410326],[-6.33190789657708,49.9395919699477],[-6.33248017884929,49.9395046516455]]],[[[-5.19878570228768,49.9589447032135],[-5.20938485236795,49.9593479883179],[-5.21904230003895,49.9699466649997],[-5.21948326052207,49.9714199831253],[-5.24007338963033,49.9750300446125],[-5.24621105987159,49.9762801909306],[-5.24387500715947,49.9839772363093],[-5.24519355722657,49.9850819428278],[-5.24509812335149,49.985400422091],[-5.25893306568654,49.996589168411],[-5.26841685174201,50.0045278459392],[-5.2671353142085,50.006530518989],[-5.25592991359068,50.0216014487967],[-5.25658590541459,50.0230096315856],[-5.25646955381444,50.0231913169903],[-5.25677497395723,50.0234154763071],[-5.26162429453889,50.0338222549497],[-5.26246260134522,50.0342226241822],[-5.28139983313332,50.0432634233911],[-5.2814997610342,50.0446046681845],[-5.27967888658154,50.0566776073243],[-5.31628439037371,50.0851952750266],[-5.33902213213208,50.0919542127763],[-5.34350886980398,50.0914128365127],[-5.34630676650678,50.092159560501],[-5.35673477539006,50.0901774141314],[-5.36194914122269,50.0891858642565],[-5.36323212082095,50.0890308067934],[-5.39171279106183,50.1034928888682],[-5.42919671498479,50.0969738784052],[-5.42958206116792,50.0977776387401],[-5.42966945134255,50.105055072081],[-5.43421142923252,50.1074311449331],[-5.43477461167516,50.108605228663],[-5.44127757576624,50.1111268544082],[-5.46347832171686,50.1227315422297],[-5.46669588500657,50.1209770388262],[-5.4837051939541,50.1275629345003],[-5.52964726782955,50.1241351226103],[-5.53113930546873,50.1141457273055],[-5.54917359200787,50.1065435579899],[-5.54826028333599,50.1055119821383],[-5.54883169814076,50.1052594659485],[-5.53757464930684,50.0934385260957],[-5.53321941671774,50.088515515028],[-5.54224973636663,50.0705020407006],[-5.57712349537754,50.0517756015637],[-5.58786431226325,50.0515940750775],[-5.61916690754912,50.0512290000857],[-5.63279368813299,50.042316494913],[-5.63633015371829,50.040002698958],[-5.64830386674489,50.0438362366753],[-5.65332500021004,50.0419826792177],[-5.67472115737372,50.036197375833],[-5.69262061863035,50.0540537452291],[-5.69470839681943,50.0545146327888],[-5.71318901856403,50.0623517330611],[-5.714032029646,50.0639133550017],[-5.69142503832207,50.0882422266799],[-5.68857983328017,50.0903819967317],[-5.70909904468556,50.1253775247129],[-5.71012474165666,50.1274390701582],[-5.67305599714208,50.1663063427373],[-5.64226874176674,50.1673052971926],[-5.62910762009335,50.1677298323419],[-5.62836918280035,50.1683928726619],[-5.628009207134,50.1684082679345],[-5.61022211216974,50.1846800066388],[-5.60066634923642,50.1932509512065],[-5.59085260562358,50.1887229096367],[-5.55915512641705,50.2054299781985],[-5.53868843807321,50.2162069251436],[-5.53553348486575,50.2164952763756],[-5.49499989719371,50.218495733716],[-5.48566724156947,50.2148064509233],[-5.47700159055224,50.218372630494],[-5.47238482778459,50.2091769087466],[-5.4720054208439,50.2080700990028],[-5.46916425989912,50.1997799679523],[-5.43675893875087,50.1933919404196],[-5.43438693508462,50.1923070143927],[-5.41196678416243,50.2098501266968],[-5.39691264055616,50.2216201061166],[-5.39658794249563,50.226643830693],[-5.3953815996478,50.2276451757024],[-5.3958321647412,50.238334852958],[-5.3956983790328,50.2404041405333],[-5.37924310012994,50.24387378624],[-5.37805313614135,50.2441026105781],[-5.36831613966473,50.2361647239433],[-5.36699817889878,50.2363736422879],[-5.32846677854117,50.2424741600807],[-5.32604627342906,50.2443288156027],[-5.32563705994243,50.2444034964619],[-5.31767619268349,50.2507407135109],[-5.303090613897,50.2619083764628],[-5.28936676485619,50.2611310718367],[-5.28081577729523,50.2708764193887],[-5.251345798656,50.2825702368215],[-5.24959496595217,50.2845677617697],[-5.24262899493604,50.2871605580773],[-5.24103379300689,50.2943325016661],[-5.23546130832999,50.3006859779044],[-5.23411430887853,50.3184384822064],[-5.20064806255422,50.3205810111408],[-5.18146571040442,50.3404077102671],[-5.1803160736748,50.3406757612581],[-5.1538691555412,50.3461410766526],[-5.14662456394851,50.3753129342473],[-5.15315653659051,50.3837283903376],[-5.15182678277948,50.3891841196686],[-5.1435277895785,50.3887842642693],[-5.14555640195105,50.3967586918671],[-5.14489071201724,50.3971466936909],[-5.14495049426975,50.3973091395521],[-5.14736770183139,50.4038764763139],[-5.14768506566286,50.4051233695868],[-5.13573875961625,50.4011983303972],[-5.13553179975444,50.4076965734805],[-5.1339581815143,50.4080003951415],[-5.12603863997956,50.4039352220961],[-5.10887750721543,50.4088491860833],[-5.11921566101927,50.4108455446396],[-5.11356385609676,50.4119357100797],[-5.10137953280292,50.4135788282837],[-5.09986142760398,50.4256553249766],[-5.09874647775436,50.4252310127996],[-5.09866008753922,50.4251981339355],[-5.08359648029294,50.4150135114974],[-5.05519103649774,50.4279930137558],[-5.04246183545352,50.4441491795785],[-5.0330450627502,50.4884302429831],[-5.0467905946118,50.4977943011584],[-5.02120260658806,50.5092661523858],[-5.02909651225181,50.5144149682954],[-5.02622154981661,50.526996817054],[-5.02669551813213,50.528025244366],[-5.02422225891531,50.538666810275],[-5.03654280381876,50.5493809216902],[-4.9838035046081,50.5422227314246],[-4.97210327697727,50.557785551757],[-4.94505793103939,50.5692252087799],[-4.94986140646824,50.5562006605534],[-4.93543460604644,50.549200980185],[-4.93083344178469,50.5300129818235],[-4.91134543193974,50.5356140067533],[-4.92611977241641,50.5448533632321],[-4.93114306934831,50.5644977293052],[-4.91557325299496,50.5759871756003],[-4.9280518262452,50.5828816426462],[-4.93539829188104,50.5869390165217],[-4.92141981835209,50.5932329982404],[-4.91544702577709,50.5914436135987],[-4.90836339393904,50.5845394293666],[-4.89883051449667,50.5836134106046],[-4.88519880226634,50.5822878109695],[-4.88054136940981,50.5840671569912],[-4.86753772189632,50.5890334532713],[-4.87000254056384,50.5953891852102],[-4.83820357548219,50.5944144315988],[-4.83243941218296,50.5921478114176],[-4.82713005536439,50.593031893079],[-4.7959560766708,50.5982172575744],[-4.79153923866147,50.6024020936671],[-4.79058315849362,50.6026412688366],[-4.78958130224884,50.6042569011939],[-4.7704244427371,50.6223954725441],[-4.75871722890042,50.6528355905334],[-4.7605766456296,50.6533065415789],[-4.76445242370078,50.6694051927764],[-4.76438222907793,50.6698627782671],[-4.7432900271207,50.6763788310319],[-4.74107515083531,50.675924879776],[-4.73502289148024,50.671501309915],[-4.73305288416495,50.6742802262201],[-4.72978467353413,50.6736099973599],[-4.72606190064328,50.6840619496994],[-4.72459389013423,50.6844687986389],[-4.68028504487514,50.6960181354175],[-4.68105317858343,50.7041534184249],[-4.68100561878648,50.7044634685],[-4.65461186047333,50.7162090617599],[-4.65383671744156,50.7398917105285],[-4.64940654439528,50.7401381302948],[-4.64028390937619,50.740141948181],[-4.63966942019437,50.74067914603],[-4.63457347505205,50.7409619560764],[-4.63381458678333,50.7457968001166],[-4.62488098654458,50.7536029277353],[-4.58582104189131,50.7708804869947],[-4.56272468151031,50.781084816752],[-4.55866554966126,50.8287242030362],[-4.55732069250469,50.8288574064979],[-4.54671126369238,50.8299077025889],[-4.55614856844438,50.8368240485913],[-4.55834296813313,50.8475531101425],[-4.55986896831041,50.8550109999798],[-4.55930319318149,50.8650853206995],[-4.55926840286766,50.8657047220438],[-4.55935092307275,50.86595673432],[-4.56671432497407,50.8884317945504],[-4.56984576322973,50.9037021502053],[-4.56187263908027,50.9119333737377],[-4.54595691123523,50.928354057772],[-4.5461635428427,50.9288053222294],[-4.54765005743984,50.9320514603514],[-4.54338854405301,50.950348294221],[-4.54244116509804,50.9517233735145],[-4.5330312281501,50.9653767578622],[-4.53417023466932,50.9898812150702],[-4.52705842430878,51.0203382570225],[-4.52572277162505,51.0222900982113],[-4.42547063466069,51.0136758632189],[-4.42489706932071,51.0133735308607],[-4.39069065403208,50.9945844059362],[-4.34279469927085,50.9889981877169],[-4.32146401647668,50.9941071544785],[-4.30728748337751,50.9968981605161],[-4.30643731028989,50.9977032536513],[-4.30066555504781,50.9990838483311],[-4.28241787338787,51.0156753025087],[-4.25824546665697,51.0376315152872],[-4.23816566289676,51.0414380992089],[-4.21807930236064,51.0645733719583],[-4.21646304426639,51.0635296079886],[-4.21004863191641,51.0539109447402],[-4.20539982424028,51.0558417864403],[-4.21020087864565,51.0524246709253],[-4.19915453584222,51.058435176557],[-4.19816308638831,51.0588468258513],[-4.18338942918575,51.049257974344],[-4.18057316829906,51.0681713710047],[-4.14956437353113,51.0842114883863],[-4.18091240068554,51.0774153647556],[-4.19017433265426,51.0649587954149],[-4.21483317597247,51.0750713649496],[-4.22255989139338,51.1177960176917],[-4.23660175842014,51.1199968090885],[-4.24027561963004,51.1210592807784],[-4.23923588337494,51.1333362482961],[-4.24939007676998,51.137610976149],[-4.25944209173255,51.1418410500745],[-4.26136709346612,51.142904304948],[-4.22375094896692,51.1442534198884],[-4.21713965818302,51.1503687778406],[-4.21149481068168,51.1783090542449],[-4.22909726837249,51.1885772404751],[-4.21155811324108,51.1901514295397],[-4.2016339599284,51.2002884602954],[-4.1815563399628,51.1979557517552],[-4.17760181983891,51.1974107236159],[-4.17728258065347,51.1974587286478],[-4.17721317281757,51.1974506562606],[-4.17663469508913,51.1976278067637],[-4.11424825011249,51.2116100837911],[-4.09808962696054,51.2108841301819],[-4.09166351731331,51.216661618197],[-4.08811792354802,51.2174541693369],[-4.03867201865397,51.206695639191],[-4.02908192721928,51.2157591546494],[-4.02799092068949,51.2163782237111],[-4.00597441752696,51.2172782770556],[-3.95823254773353,51.2192154583883],[-3.95487741717011,51.2205296165246],[-3.95432955593272,51.2205568778416],[-3.94875072097759,51.2229289192409],[-3.92582756967961,51.2319009283386],[-3.92043627239957,51.2307027232878],[-3.89197907284282,51.2238100901084],[-3.85389904814888,51.2345083040142],[-3.85331154848235,51.2346538163253],[-3.81346389885072,51.2311350359757],[-3.81141521931035,51.2323084300991],[-3.81033019215273,51.2322283452862],[-3.78672453930474,51.2461882686324],[-3.76975353027311,51.2376665639481],[-3.72078078926668,51.2330918843555],[-3.7205491867023,51.2330675614225],[-3.72016921124436,51.2330276542091],[-3.63328717692852,51.2238686779766],[-3.62184621772465,51.2170708213397],[-3.62097157616011,51.2173814050286],[-3.61984243354097,51.2167301245533],[-3.57879645701062,51.2321433058111],[-3.54273930865726,51.2323435497862],[-3.4961224191687,51.2237758847354],[-3.47032028313011,51.2081223949138],[-3.44762976329692,51.2089150636857],[-3.43267326514033,51.2002313027828],[-3.40202784910982,51.182422176902],[-3.27724857476491,51.1795578639448],[-3.15293203804873,51.208840073632],[-3.14663065476205,51.2093892154587],[-3.12575526640525,51.2112058766099],[-3.07606494122109,51.2013539835285],[-3.05455598465236,51.2056689768508],[-3.05380474908026,51.2059417666536],[-3.01926285210758,51.2184763559864],[-3.03254966489533,51.1945761532324],[-3.05110658018375,51.1870842505785],[-3.02563698004005,51.1939112289676],[-2.99777679806485,51.2254371455348],[-3.00020618642406,51.2420601410224],[-3.0218065636703,51.2657372396341],[-3.01139788221002,51.320730281559],[-3.03592989398103,51.3285451739696],[-2.999873170693,51.3219816070862],[-2.99410965085572,51.3209312290275],[-2.98857804853391,51.3349110681583],[-2.98277461311203,51.3495687499077],[-2.99474256857583,51.3563629822913],[-2.96740470590873,51.3637100193918],[-2.96221222277923,51.3747439310613],[-2.96307610137222,51.3829080336077],[-2.9807985596263,51.3884162482098],[-2.97087763816086,51.3907804210994],[-2.93965711103968,51.3964139273111],[-2.93917583800498,51.3910429959687],[-2.91734184009278,51.3958873219358],[-2.88659906921711,51.4125514972963],[-2.864604901676,51.438232793489],[-2.85377840040826,51.4508622808269],[-2.85064406905005,51.4545171057331],[-2.84028846372207,51.4599180253349],[-2.77380453092744,51.4945404192838],[-2.77348992363848,51.4946413266525],[-2.73633424364206,51.4926821853429],[-2.73257193895809,51.4924652110164],[-2.73052469337833,51.5022653349663],[-2.72923449290618,51.5016538318926],[-2.68461040352096,51.4804864355812],[-2.71831717905998,51.5061593515884],[-2.70322347000495,51.516808568065],[-2.69521452415163,51.5224563491414],[-2.69502907561874,51.5226770052989],[-2.69463927231963,51.523176986101],[-2.6944199022752,51.5233091689153],[-2.69394982672295,51.5237406496524],[-2.69289996203398,51.5245597120031],[-2.69274033366351,51.5246757142036],[-2.69101123542084,51.5264312235809],[-2.68758582071095,51.5293628362058],[-2.68705446267965,51.5294001197288],[-2.68708535453839,51.5295587600156],[-2.68704329284382,51.5297139835105],[-2.68702568052496,51.5300256550538],[-2.68688687564706,51.5302863401237],[-2.68663297152583,51.5306619191054],[-2.68623852557524,51.531366910853],[-2.68611594882067,51.5315054072585],[-2.68581276796008,51.531952010923],[-2.68561245194708,51.5320871881619],[-2.68531927562061,51.5322564841474],[-2.68490763689702,51.5326933233956],[-2.68471619053155,51.5329274951918],[-2.68449930636539,51.5331261589039],[-2.68415210760369,51.5335219703039],[-2.68398771653097,51.5336437251785],[-2.68361912073692,51.5340140715587],[-2.68343392732323,51.5341918405646],[-2.68330727096795,51.5343683531513],[-2.68306641261421,51.5346530046254],[-2.68297491090534,51.534788432054],[-2.68275344093615,51.5349264319235],[-2.68263380897072,51.5350331590142],[-2.68259846401775,51.5351777304636],[-2.6821525214181,51.5354851229493],[-2.68203587419054,51.5356270153812],[-2.68183834719318,51.5356375603437],[-2.68106559528436,51.5354861447919],[-2.68088159698146,51.5353160663202],[-2.68065130682926,51.5350896570435],[-2.68044553449345,51.5350703576271],[-2.68059157052569,51.5352452746384],[-2.68090668514742,51.5355701554282],[-2.6813197642402,51.5360573480676],[-2.6810772172627,51.536563623552],[-2.68103778648291,51.5367440813033],[-2.68062622201021,51.5371457498173],[-2.68052900288419,51.5372788758736],[-2.68025927831706,51.5375529517305],[-2.68014277692156,51.5377297242335],[-2.67993558010504,51.5379920832083],[-2.67978256551708,51.5381701516971],[-2.67954592621418,51.5383987329048],[-2.6792140789527,51.5387270560993],[-2.67909617863982,51.5388410020219],[-2.6789505231668,51.5389353325489],[-2.67871046560374,51.539181319727],[-2.67858727776772,51.5393353848957],[-2.67832861885076,51.5395306700152],[-2.67818992798821,51.5397607102238],[-2.67804943665643,51.5398799559887],[-2.67782861337876,51.5402000457417],[-2.67755183114378,51.5403906710083],[-2.67747774476558,51.5405670638087],[-2.67728163215377,51.5407397725628],[-2.67711245986708,51.5408622724664],[-2.67678403217286,51.5412740401478],[-2.67656627541822,51.5414810030285],[-2.67637807634473,51.5417226022177],[-2.67516031656933,51.5430792426709],[-2.67476503653595,51.5434913483535],[-2.67464542575783,51.5436412597638],[-2.67445037232883,51.5437844884859],[-2.67430664232009,51.5439226864555],[-2.6741475279551,51.5441075062452],[-2.67380685384081,51.5444154899168],[-2.66343247550199,51.5736758238068],[-2.62780625021376,51.6056350367304],[-2.63883356717067,51.6094388198503],[-2.63963765512178,51.6097161189166],[-2.65879019534547,51.6163185346681],[-2.65664127759942,51.6227996018387],[-2.66851392779365,51.6456305945001],[-2.68033178982132,51.6475470396017],[-2.66592276127103,51.6643235438573],[-2.68640198534751,51.6631552756617],[-2.65686372175084,51.6745037142569],[-2.67225329932946,51.6810001370909],[-2.669168915767,51.6931500125536],[-2.68379147623601,51.7006275164774],[-2.66844054917478,51.7057888661475],[-2.68754079654843,51.730426260047],[-2.67222512000602,51.736362951098],[-2.66269206736835,51.7538947445588],[-2.68045213471701,51.7689294156759],[-2.66981057919978,51.7942734507367],[-2.67853782961014,51.8028452002868],[-2.65953874456509,51.8106823750603],[-2.66087144177875,51.822753864529],[-2.65040070567432,51.8261246889383],[-2.63671005341688,51.8430952612886],[-2.62546695815918,51.8389640024544],[-2.60121663305923,51.8562162653077],[-2.58281688241696,51.849577352947],[-2.58064096043347,51.8616713773361],[-2.53162394038637,51.8607715478008],[-2.50862440110432,51.8851690578444],[-2.48779469275628,51.8804175468076],[-2.4393579787274,51.8973957283352],[-2.44818479289518,51.9186682331362],[-2.46604300070311,51.9279745044363],[-2.4654870173324,51.9516964081468],[-2.50090645407366,51.9606091442863],[-2.49224484623915,51.9641287773142],[-2.49491293332375,51.9810752068267],[-2.47099259338281,51.994736074007],[-2.49198479935107,52.0076618755015],[-2.4789323009219,52.02253041104],[-2.46407938641861,52.0232741858453],[-2.46325568884127,52.0143402791943],[-2.4365473513555,52.01479580575],[-2.43729372315388,51.9971670443278],[-2.41319627508467,51.9940903087107],[-2.39901848989631,51.9961459478794],[-2.39289223172114,52.0129587709415],[-2.35137852244174,52.0213590290394],[-2.35254266830478,52.0135353111839],[-2.32470967818415,52.0035672783312],[-2.32653883120796,51.9757909468963],[-2.31261970069763,51.9765049754751],[-2.30043302609669,51.9667752654999],[-2.27055558557873,51.9689390809737],[-2.25135998124533,51.9665649351148],[-2.2206132435217,51.9954966448483],[-2.18508403441562,51.9905609788574],[-2.1807485360373,51.9996151713198],[-2.16463014560032,51.9961432550504],[-2.18768330302699,52.0190801585702],[-2.17690606521885,52.0225592309137],[-2.18067935413283,52.0417281247772],[-2.1713809335344,52.0475735020315],[-2.1183837199463,52.0421086149382],[-2.11721985481813,52.0336144288962],[-2.13939720724878,52.027891849687],[-2.1496553088823,52.0112561695773],[-2.14068698320866,51.9994641977066],[-2.11219762720393,52.0153447349971],[-2.08487319407463,52.0104785855214],[-2.06078374065175,52.0146805603219],[-2.04951417600298,52.0037962194796],[-2.03835621126195,52.0046006244219],[-1.98413574037062,52.0358792744237],[-1.95138760292185,52.0377252744284],[-1.93173022075562,52.029959284328],[-1.91344602070235,52.0444612415145],[-1.83905030713961,52.0067831293907],[-1.82502288166439,52.0309334144559],[-1.83458881407798,52.0437330176173],[-1.86344917989937,52.053417723062],[-1.8744060768091,52.0699909124942],[-1.84661960637357,52.079421096562],[-1.83175334172358,52.0727693542685],[-1.81894341275963,52.0854041160202],[-1.81273665650442,52.0787440023697],[-1.80228873761845,52.0969414704009],[-1.76764874769464,52.1125925601067],[-1.74602193680559,52.0929601729445],[-1.72856052811281,52.1001203055535],[-1.73067148453294,52.073399302297],[-1.71295296232755,52.0665849047502],[-1.70173137601056,52.0728093041732],[-1.70514106701073,52.0597066239695],[-1.6886364810542,52.0518332046415],[-1.6939807550395,52.0395278998007],[-1.66386648239531,52.0312766505834],[-1.62441776102982,52.0389813530353],[-1.61753263743063,52.0334370271078],[-1.66617341865268,51.9969179723384],[-1.66575430454194,51.9874888228855],[-1.66252911045517,51.9640049484791],[-1.63249065036283,51.9556514588347],[-1.6151889305796,51.9376816307841],[-1.64552984349676,51.9222942568441],[-1.63305061648251,51.8992254674722],[-1.65865197443881,51.8965511944458],[-1.66711188277392,51.8770000595026],[-1.68686790516723,51.865499769979],[-1.67638499897571,51.8503096863382],[-1.68646159226238,51.8344557927071],[-1.68193160633237,51.8039930882517],[-1.71948863302901,51.783211828608],[-1.70070464063817,51.7705842309133],[-1.6870208353857,51.7398840246482],[-1.69587065656066,51.7235374534648],[-1.68800012551328,51.7120447484807],[-1.64825374342061,51.6840870667632],[-1.66845860138361,51.6804375707807],[-1.68305860763385,51.6901103608739],[-1.70018909588819,51.6707416649703],[-1.69193809183812,51.652164588372],[-1.65995432000086,51.634990873526],[-1.67373615893662,51.6228498674626],[-1.66700965139021,51.6162644740119],[-1.69061673406565,51.6054499290187],[-1.69111065937935,51.5835237286231],[-1.67653981704141,51.5694390418873],[-1.65504455154452,51.576506273878],[-1.64769133240668,51.5719518965806],[-1.60281227577577,51.5182950573493],[-1.58470801106753,51.5249121201564],[-1.58229087126478,51.4941117975012],[-1.52399091948743,51.4474805555279],[-1.52661427052155,51.4239307454944],[-1.56511865145833,51.4220434340803],[-1.57105280217899,51.4155776058972],[-1.55298802118202,51.4100439121537],[-1.55560283149871,51.3955841265919],[-1.49544914388953,51.3696644487562],[-1.50060847866421,51.3562679618628],[-1.48571137940254,51.3476828433187],[-1.498298923396,51.3293760932154],[-1.527507282439,51.3384659578415],[-1.53356185391503,51.3162235803486],[-1.51951108456223,51.295938582609],[-1.52280740170925,51.2870580082431],[-1.54258390870934,51.2812507368809],[-1.54051263214596,51.2608334795592],[-1.52982022727527,51.2605141208764],[-1.53603492233473,51.248530040519],[-1.54515980285839,51.2450984934626],[-1.57763603597239,51.255631065046],[-1.60742610679953,51.2527700655058],[-1.63354082449386,51.2175159574141],[-1.68969464697295,51.2148276716545],[-1.6940969514251,51.2040432407122],[-1.66883538878169,51.1907722680738],[-1.67236777184946,51.178543907232],[-1.6540441676989,51.156282560471],[-1.66297542061048,51.1271919942692],[-1.62624982084857,51.11733837822],[-1.63731080993168,51.092165472254],[-1.6277285317731,51.0780113479755],[-1.63494006258514,51.0405607803365],[-1.63237574994689,51.0327797089411],[-1.59939671455144,51.0237293759632],[-1.59733922744135,51.0097526013444],[-1.62888498210168,50.9990317656901],[-1.61964214747433,50.9829964296163],[-1.60292295662186,50.9785219284272],[-1.61975086537251,50.9585669234653],[-1.63496498191181,50.959242203305],[-1.66165999760025,50.9452778934545],[-1.71961730874583,50.9767804611932],[-1.75440191299909,50.9778920957637],[-1.80031396441254,50.9913948004776],[-1.81542176154034,50.9859226506618],[-1.83581261898954,51.0094222637972],[-1.85338113087344,51.0046795408065],[-1.8739835522961,50.9844410369728],[-1.87448162937032,51.0063305730385],[-1.88674132170855,50.9995277371895],[-1.9278759006812,50.9976972362559],[-1.94993597428249,50.982310587126],[-1.95682089498008,50.9898299342128],[-1.95546558071481,50.9782663327053],[-1.92084101012652,50.9614073112474],[-1.8736443214472,50.9172258906858],[-1.84184002606038,50.9316803752063],[-1.8106580896691,50.9272033833848],[-1.81654192681068,50.9039481467113],[-1.84855553218411,50.8898873570296],[-1.85353883472582,50.8634601115405],[-1.83000872916913,50.855273798656],[-1.80711024689227,50.8633153681174],[-1.80247295729265,50.842962530858],[-1.79061492044021,50.8363141203295],[-1.80340083464537,50.8303392092789],[-1.81189346961124,50.8086420534346],[-1.8039049599245,50.7959652097351],[-1.78549590627057,50.7647520328101],[-1.74884631723824,50.7794943884105],[-1.73895962345848,50.7632705334557],[-1.74416871755393,50.7474553896597],[-1.68181880175403,50.7518500466082],[-1.69188450709925,50.7372870657452],[-1.692547967083,50.7373528300586],[-1.71795510600383,50.7347645936592],[-1.72458516133396,50.7340882313639],[-1.72738961865217,50.7324157912982],[-1.72899034206579,50.7322105767085],[-1.73058705169378,50.730508765558],[-1.74230024893826,50.7235206832818],[-1.75708723391788,50.730179991536],[-1.76219693354481,50.7252389469484],[-1.76433487532451,50.7233280264987],[-1.76855973013226,50.7252247583395],[-1.76342930490139,50.7186050097191],[-1.74600714011347,50.7154704272285],[-1.74269078748914,50.721531470461],[-1.7411183190984,50.7215333950856],[-1.74809500644326,50.7118389023546],[-1.74884156008202,50.7110424145048],[-1.81819023028744,50.7205543378343],[-1.8186061732975,50.7205101580226],[-1.82095940882483,50.7208291020641],[-1.83674527610679,50.7185819846303],[-1.88526989463489,50.7134092011237],[-1.89009857045093,50.7109697298412],[-1.90089939925361,50.7094254338253],[-1.94780941011739,50.6826768823314],[-1.9334973086922,50.6985845738373],[-1.95239314905923,50.7044241882931],[-1.94796114184905,50.7088503661688],[-1.95836617804212,50.7155912492025],[-1.99187925755028,50.7125093192592],[-1.98407833676975,50.7196270822902],[-1.99596095998785,50.7374884889874],[-2.00135865317465,50.7336773589283],[-2.01140062300177,50.7265844545432],[-2.0013580229032,50.719100685228],[-1.98656062448731,50.7080672751223],[-2.00135763069829,50.71097638081],[-2.03932558846356,50.7184296061275],[-2.02491632772283,50.7293553500721],[-2.05328457733418,50.7288016091785],[-2.04814943248857,50.7227967064085],[-2.04224231813053,50.7262792616965],[-2.04620043208471,50.7160707688793],[-2.06285720764317,50.7165620653822],[-2.07190065627209,50.7079147273897],[-2.05763246363066,50.7056197147032],[-2.07216256498224,50.7050440622023],[-2.08213985495784,50.6869716162049],[-2.06572456231162,50.6867195278753],[-2.05452015032644,50.6998019361068],[-2.02613418799169,50.7074191550838],[-2.01808347933724,50.7015737741287],[-2.03320283190619,50.7021141736408],[-2.02443817077464,50.6876578568107],[-2.04642756769799,50.6782914645113],[-2.02472109046075,50.6846065467895],[-2.02658568542716,50.6780430751895],[-2.02206573400334,50.6820953925876],[-2.01144856812316,50.6827705587284],[-2.00620854869786,50.6760167607366],[-2.00135593834354,50.6764082327719],[-1.99857355043308,50.6766325913387],[-1.9957323302969,50.6671548520078],[-1.97836779845419,50.67694438069],[-1.98525088688474,50.6699013822183],[-1.97470994487656,50.6651458535518],[-1.94982786014496,50.6801175409493],[-1.94201167543227,50.6732944731075],[-1.94175639919385,50.6729701385779],[-1.94432630901448,50.66384656673],[-1.95184316555583,50.6500707317996],[-1.94888258372971,50.6476614128717],[-1.9493937393925,50.6458448201507],[-1.94603813956627,50.6453463019353],[-1.94061094592282,50.6409282396404],[-1.92673321668737,50.6424763685972],[-1.92375945775686,50.6420339909823],[-1.95315183001144,50.6226609501815],[-1.95390364318137,50.6196862559038],[-1.95407589968506,50.6190046425425],[-1.95672646481869,50.6170018303118],[-1.9559857423965,50.6114462698481],[-1.95654709872412,50.6092242200244],[-1.95567249377797,50.6090964714483],[-1.95556577276682,50.6082958766225],[-1.94672927744912,50.6077897622931],[-1.9440914784316,50.60740420054],[-1.95657201357443,50.5941701922688],[-2.00135365049476,50.5908579848448],[-2.02634590356957,50.5890017812645],[-2.0294767103615,50.5876247581441],[-2.05509537249016,50.5769304732398],[-2.06158756786312,50.5886497272769],[-2.06377423290353,50.5934276884479],[-2.06426560411973,50.593482129462],[-2.06435818690037,50.5936491717437],[-2.06729262186759,50.5938174567299],[-2.11064547536782,50.5986111224276],[-2.13345659669283,50.6122810066339],[-2.13381549432846,50.6121639943172],[-2.13451198313181,50.6126386342126],[-2.14603487208704,50.6084933362381],[-2.15777257274837,50.61541000853],[-2.17236036294148,50.615134332359],[-2.18706560031854,50.6195451240241],[-2.19751592820478,50.6226780367146],[-2.19786429596779,50.6226241081852],[-2.19837781190794,50.6230094145943],[-2.21604445604592,50.6198081313632],[-2.21808949454514,50.6194911720583],[-2.23927810164989,50.6162047160322],[-2.26908391659806,50.6193845291351],[-2.28407682183012,50.6209809595706],[-2.32420491113798,50.625243612529],[-2.33874130693989,50.6319847627798],[-2.35124005931261,50.6323537465942],[-2.42556400739331,50.6351344639563],[-2.42736285013263,50.6336911925525],[-2.42980788787394,50.6336293606255],[-2.44698235217051,50.6188380112953],[-2.45247288522041,50.6141068166606],[-2.44136404774472,50.6096421408449],[-2.44225158924729,50.608660639533],[-2.4490467900651,50.6014501304889],[-2.44884920315773,50.6013630690905],[-2.43391278657158,50.596650527958],[-2.43747423767011,50.597611270041],[-2.4501726739166,50.601200725046],[-2.45038820484221,50.6010085418668],[-2.47020382663613,50.5839671492459],[-2.46991936058852,50.5835851557417],[-2.47036975657765,50.5831831989743],[-2.48778581244935,50.5910955600816],[-2.51749165635165,50.6178577990252],[-2.52049944989474,50.6185323365803],[-2.54884797416177,50.6248851500818],[-2.54528417818429,50.6308877330586],[-2.55805549075413,50.6308343416373],[-2.56049586823899,50.6391465616195],[-2.56703962922697,50.641061806649],[-2.61145256570102,50.6540468051122],[-2.56691819974669,50.6309777076175],[-2.54272780373352,50.6184302045579],[-2.50257131630679,50.5975751387612],[-2.46062894769447,50.5711055331608],[-2.46059593844601,50.571061178704],[-2.46055035594515,50.5710590532376],[-2.46043571711312,50.5709952768348],[-2.43155735730338,50.5697034406122],[-2.4221803544434,50.5692634406275],[-2.42837710632393,50.5660591333217],[-2.41991423813814,50.5550282685556],[-2.41858610611755,50.5463091827798],[-2.45002144616913,50.5188388177493],[-2.45626694647139,50.5174439373652],[-2.45227886827847,50.5478943158491],[-2.44918624142689,50.5602198336293],[-2.45054493864679,50.5611214380588],[-2.45052675444163,50.5612601219962],[-2.45518010422609,50.5641968587927],[-2.50399732968403,50.5965509497094],[-2.51753950053047,50.6034981758115],[-2.5297409144206,50.6111763741598],[-2.5445213704727,50.6184218153889],[-2.56689898648263,50.6293835702058],[-2.59362605065179,50.6424635287734],[-2.62710686803668,50.6595733470727],[-2.63429835011288,50.6623423178039],[-2.63549417869712,50.6629263152725],[-2.63894345365739,50.6641304339686],[-2.76167003231564,50.7112569162548],[-2.78426173696375,50.7147106933034],[-2.79363775593379,50.7179641246125],[-2.85141797509425,50.7257239571023],[-2.89425435700921,50.7314571679136],[-2.90953593098198,50.7337747544853],[-2.94745017814258,50.7183909581225],[-2.94776118614841,50.7182646714525],[-2.95257593185331,50.7164390606145],[-3.00342202386293,50.7020020601249],[-3.02694649105692,50.6988840132762],[-3.0318738513111,50.6991347937947],[-3.05490021592489,50.7023914060678],[-3.07940745244421,50.7015435582186],[-3.08141675993598,50.7016449508652],[-3.08157452771994,50.701468338404],[-3.08292681531385,50.7014213783147],[-3.0948979906337,50.6865478348465],[-3.09608101779004,50.6852224741261],[-3.13379763483273,50.6849581856379],[-3.19204685330913,50.6845260830068],[-3.25755287467254,50.6732923015456],[-3.28855700819091,50.6431993947286],[-3.30094703499839,50.6321233205136],[-3.30892154191392,50.6476207454951],[-3.30663569186019,50.6297278151097],[-3.33959135878404,50.6220489973695],[-3.34799247053394,50.6206252707716],[-3.34865098733053,50.619935988414],[-3.351005946207,50.6193865867603],[-3.35746249831956,50.6117828457198],[-3.3617679273648,50.606710910052],[-3.38939573073406,50.6114069861951],[-3.41483609787393,50.6157246942953],[-3.42404256455567,50.617285658097],[-3.42089134103272,50.6241104552021],[-3.4167274522997,50.6291160979044],[-3.41551660843581,50.6293404206286],[-3.41656864804971,50.6293069815006],[-3.4160433419254,50.6299383881842],[-3.45145166817455,50.6818996919897],[-3.45240013888298,50.6832898011933],[-3.46075040945261,50.695524278939],[-3.45934225297757,50.6889569049185],[-3.45675191306662,50.6768709210273],[-3.45632818381494,50.6748932554566],[-3.45792347111593,50.6757592772469],[-3.46985154455178,50.6822328638864],[-3.46836848412719,50.677660959475],[-3.4638415406945,50.6636997050512],[-3.46378245593076,50.6635174287078],[-3.46283902864702,50.6606067386861],[-3.46277191300391,50.6603996582785],[-3.4466849426349,50.6107094362116],[-3.44507678663249,50.6056075157356],[-3.4437536872326,50.6016431408883],[-3.42484961299684,50.6108733697408],[-3.42876822069403,50.607727588874],[-3.46690733019468,50.5779571975359],[-3.46858767247848,50.5630464313185],[-3.47556954617393,50.5576957790255],[-3.49444319167425,50.543982253882],[-3.49510223249397,50.5427180977328],[-3.49643990660827,50.5416919029459],[-3.50940280898672,50.54630761136],[-3.50976913708554,50.5428627035284],[-3.49746643493803,50.5381825344643],[-3.50647727734135,50.5208875131012],[-3.50916076972319,50.516618599302],[-3.51480198384463,50.4816900261681],[-3.48060151868675,50.4635197629341],[-3.5159762298719,50.4538008833009],[-3.53932007837889,50.461082706078],[-3.55759943370911,50.4294039024659],[-3.55952165216639,50.426070081275],[-3.55612553711555,50.4081472898204],[-3.54485470844812,50.4021222960419],[-3.52833907795122,50.4048183445094],[-3.51189304470324,50.3959061287307],[-3.5051445671327,50.3999761294053],[-3.51293005010914,50.4056744631656],[-3.48236740002651,50.40006269908],[-3.50329716270521,50.3888637719051],[-3.49754089868138,50.3830401705794],[-3.50645003691122,50.3793877099843],[-3.50763030879719,50.3791555956929],[-3.50769652228914,50.3789457937974],[-3.51792808600049,50.3465052494496],[-3.51926643383477,50.3457646670926],[-3.54005873680254,50.3370401759296],[-3.55128080209339,50.3383160566501],[-3.57107725192767,50.3467360861987],[-3.57350505092696,50.3478425497128],[-3.56492171091506,50.3524055159578],[-3.57608177878183,50.3624693351508],[-3.57622747012307,50.363319193927],[-3.57064064585251,50.3684032355767],[-3.57779742058928,50.372474305746],[-3.57826345225234,50.3751910421853],[-3.59471187619675,50.3822436545956],[-3.59371133269062,50.381522441109],[-3.59498685159927,50.3822474081091],[-3.59229288368277,50.3804999392731],[-3.58058503898545,50.3720319306816],[-3.58443275143757,50.3603128710236],[-3.57849984578894,50.3532257341917],[-3.5779356827771,50.3481342965331],[-3.56390700880586,50.3357835734787],[-3.56358105936155,50.3353938193746],[-3.57243190186382,50.3260512662291],[-3.61205349702813,50.3185902141001],[-3.64196740283298,50.2904822532826],[-3.64210001899798,50.290334290289],[-3.65590422696265,50.2481613475927],[-3.65919542369316,50.2380956756076],[-3.65861721997836,50.2375876831678],[-3.6590043691475,50.2363563835287],[-3.64216400271852,50.2231268312074],[-3.64062321902089,50.2217720648513],[-3.68130677565896,50.2223977607552],[-3.68350502337012,50.221242549526],[-3.70023573422602,50.2124471641241],[-3.72098245620534,50.2024231989557],[-3.73739423347548,50.2147914506242],[-3.77341246998736,50.2240864743727],[-3.76259075790045,50.2362509444176],[-3.74321560905322,50.2408628261832],[-3.75592148053123,50.238960625515],[-3.75586461101946,50.2391210816494],[-3.75284030764621,50.2467408128052],[-3.74917465035994,50.2559730312973],[-3.75002493029536,50.2555913694531],[-3.74993070984753,50.2558570150412],[-3.75770622601997,50.2521548169623],[-3.75846210619788,50.2529379299912],[-3.76587048341914,50.2612030817169],[-3.76555715196382,50.260287079334],[-3.76646606453439,50.2612283465787],[-3.76099488793968,50.2466172627943],[-3.75970181780958,50.2431626531871],[-3.75883068588003,50.240613892751],[-3.75912120984368,50.2404346995344],[-3.7668769128441,50.2426078701104],[-3.77832454577757,50.2307454376636],[-3.78190107878451,50.2295987000757],[-3.78661701675695,50.210829296494],[-3.80432505559261,50.2133237343243],[-3.81966465921959,50.2164140411816],[-3.86648487682121,50.2379182399162],[-3.86822177283131,50.2387492439218],[-3.85902740345629,50.2426409810426],[-3.85890044938993,50.2450921178622],[-3.85808770709038,50.2607796935878],[-3.85911818444932,50.2613613218501],[-3.88099355462925,50.2760139099843],[-3.88112934743993,50.2761048830126],[-3.88003310737866,50.2814525745926],[-3.89518338183746,50.2817757409518],[-3.89936501874887,50.2841108752666],[-3.89794646867715,50.2863789795316],[-3.91029643285083,50.294069388324],[-3.91782500488574,50.294414815171],[-3.92245853530741,50.29699996945],[-3.9437140863868,50.2959236223333],[-3.94781789646272,50.3047468864604],[-3.94161026782183,50.3144627165665],[-3.95327384914139,50.3083377159305],[-3.95605604117486,50.3079367914678],[-3.967449127715,50.3077969390147],[-3.99188256253342,50.3074932426902],[-4.01619397735639,50.2992528500321],[-4.0438193337042,50.2952522685401],[-4.07398084668316,50.3037202404656],[-4.06879928046717,50.3056583851203],[-4.03197151936365,50.3142463394946],[-4.11899825525201,50.3193411675659],[-4.12296646042764,50.3324848232601],[-4.12304752227298,50.3467427583021],[-4.12306438436362,50.3467695789677],[-4.13103386281769,50.3594411898511],[-4.11244555798981,50.3594301101163],[-4.10009230754527,50.3834207215031],[-4.1157068083987,50.3617857362023],[-4.1532127858286,50.3660275291398],[-4.16476834479535,50.3607468207924],[-4.16535137702903,50.362580107746],[-4.16634674907888,50.3664639447233],[-4.16660094130524,50.3665087341889],[-4.1783589245838,50.3669307056365],[-4.1854028040929,50.3672038259462],[-4.18148185383596,50.377158193621],[-4.1945431958255,50.3920860096384],[-4.20468220497064,50.3989786801628],[-4.20440837998413,50.4014567316243],[-4.1952331303901,50.4191176967098],[-4.19234041838315,50.4246825662695],[-4.19022942957714,50.4274620736111],[-4.18555397114021,50.4336677100515],[-4.18509978859366,50.4342703510055],[-4.19897052205692,50.4455930676093],[-4.1992945815694,50.4356902471312],[-4.20024926409466,50.4352640289022],[-4.22249695703277,50.425327163741],[-4.21006769218134,50.4256989047595],[-4.21371123899751,50.4187678924189],[-4.2156218074214,50.4151324590722],[-4.20648337774307,50.408326827768],[-4.21713126491507,50.4005449600717],[-4.23075123010726,50.3920049822394],[-4.22915791523564,50.3917514766006],[-4.23085946547007,50.3905070033328],[-4.22725302388634,50.391448366379],[-4.20176773759436,50.3873896928961],[-4.1950008067897,50.3731723881142],[-4.20056619951115,50.370066735069],[-4.20591250705279,50.3691885400626],[-4.20923499266943,50.3689321903215],[-4.20909529362233,50.3686655964336],[-4.20918521546658,50.3686508204386],[-4.20903154075035,50.3685736926227],[-4.20614016836643,50.364524509688],[-4.19707906438998,50.3596185274727],[-4.20761597611901,50.3469498560414],[-4.1796591851901,50.3591561884323],[-4.17688212655878,50.36008688985],[-4.16954680043694,50.3472970583085],[-4.19607440366583,50.3350500158071],[-4.20122722558892,50.3329307549342],[-4.18837136254806,50.317671346061],[-4.18915556534326,50.3175357228473],[-4.2101920483264,50.3182573939635],[-4.22153779676764,50.3119301240362],[-4.2231902056238,50.311643805501],[-4.22359294038606,50.3126979592971],[-4.21940306063824,50.3239726716347],[-4.22911353405217,50.3335118147066],[-4.24003099241809,50.3373677748453],[-4.2499359182128,50.3414631832089],[-4.28148055795826,50.3544954983147],[-4.29448421668147,50.3565753213846],[-4.30811939261195,50.3613784255483],[-4.31574266850636,50.3613600530035],[-4.31613701198775,50.3614885758798],[-4.32510172943304,50.3614658367234],[-4.32653685694136,50.3616948429815],[-4.42876146095235,50.3611525664996],[-4.42895354507233,50.3610282535317],[-4.43665906131976,50.3610016639979],[-4.45105582538552,50.350947575973],[-4.45667721891789,50.3556725687244],[-4.45085153431294,50.3476785649356],[-4.47264400434242,50.3332010581006],[-4.497627969629,50.337362107462],[-4.49810282611282,50.3365893950549],[-4.5302435170467,50.3264011304671],[-4.53844975308518,50.3237977404971],[-4.53891453703708,50.323710720522],[-4.57845977160478,50.3325448067541],[-4.59842465398717,50.3238876985862],[-4.60664714759506,50.3289485744391],[-4.63304535037397,50.3243671525173],[-4.63604398674644,50.3273793894935],[-4.63841319669614,50.3298522232509],[-4.63706462750682,50.3302368478677],[-4.61805251573372,50.3348673059801],[-4.61936118664782,50.3352840773105],[-4.60883219417478,50.3382841399453],[-4.63007203917154,50.339153922207],[-4.63068767685819,50.3388902774645],[-4.63108190923904,50.3390157652738],[-4.63257996464787,50.3380798761984],[-4.66759605699277,50.3230734564215],[-4.67265039495494,50.3139415350638],[-4.6847333387913,50.3201080079714],[-4.68144332331002,50.3378072185742],[-4.69464193820751,50.3476098818403],[-4.75507893509983,50.3315027352751],[-4.75647245112484,50.3311868688619],[-4.756501754293,50.3311510421371],[-4.75683595687139,50.3310338463935],[-4.76691105580876,50.32086283559],[-4.76603127624663,50.3194966866673],[-4.76613431228812,50.3193706414362],[-4.75269832840174,50.298584327573],[-4.76408596088377,50.3004559723453],[-4.78119012187567,50.2901557057444],[-4.78700718170299,50.2694692243769],[-4.7856967633876,50.2618078630319],[-4.76705835771014,50.2566204571408],[-4.78563525366557,50.2453883370443],[-4.78090489985313,50.2375058910374],[-4.78261814617477,50.2367450034212],[-4.79823236615299,50.2301648619209],[-4.7983394638843,50.2262608408886],[-4.79852580940466,50.2194667473898],[-4.80521067404675,50.2234641831407],[-4.80943968793551,50.2259925136645],[-4.81878567729775,50.2315785152766],[-4.8625359140203,50.2360271807919],[-4.87913960175959,50.2242856694326],[-4.91877566639282,50.1962238719714],[-4.93357867557357,50.2070819210695],[-4.95582972653871,50.2029687272526],[-4.97362479586408,50.1856499572541],[-4.98193813693262,50.1518124029174],[-5.00906961582195,50.139502718314],[-5.01790064680515,50.148690659839],[-5.01739192929713,50.1490017570994],[-5.00395577224078,50.1507160973354],[-4.99573919339294,50.1622373942451],[-5.027211326552,50.158351036862],[-5.01523728567632,50.1861513402046],[-5.02525344620973,50.1822639002941],[-5.02569409869883,50.182194007781],[-5.03379431039943,50.2049963030945],[-5.02679730997501,50.2039513603328],[-5.02343856689709,50.2114740353816],[-5.02529027255591,50.2172964912263],[-5.02454108460748,50.2205894479328],[-5.024105640703,50.2225031978379],[-5.00599656401252,50.2276059333074],[-5.01444055640893,50.2270890774321],[-5.02155582747238,50.2446925695369],[-5.01677046190735,50.2263475732219],[-5.02899729005874,50.2235904885787],[-5.02892615772472,50.2229242807548],[-5.02923365316933,50.2228376603778],[-5.02824432169633,50.2157124321984],[-5.03184317214022,50.2098057957461],[-5.03634678823542,50.2126570374159],[-5.03603529344588,50.2096403201784],[-5.06007036356767,50.1923136162078],[-5.06056390621297,50.1919905468066],[-5.04770219958221,50.1716027353223],[-5.05619808164626,50.1612988566868],[-5.06441039239633,50.1628414562662],[-5.07751083471046,50.166814262154],[-5.07590315947067,50.1649990193496],[-5.07752114647617,50.1653026545415],[-5.06664311856715,50.1537932710357],[-5.06604345859992,50.1538626882195],[-5.06456207816228,50.1521889452834],[-5.0491959003728,50.1557489472947],[-5.04196295471111,50.1439429407554],[-5.04227057456908,50.1440372507949],[-5.05319454994418,50.1484517085303],[-5.05472103406271,50.1478532968194],[-5.0763590482905,50.1401668209115],[-5.07591526305246,50.1394101485877],[-5.07616282101103,50.1393115927499],[-5.08000475929806,50.1359275484649],[-5.0914446238474,50.125861097313],[-5.09153814752408,50.1258192795157],[-5.09151902050922,50.1257909366967],[-5.09161326966482,50.1256989617914],[-5.0816300951465,50.1095367117384],[-5.09459161795396,50.1022983327845],[-5.1336182476055,50.098982890547],[-5.1406312824351,50.1061695430914],[-5.1414648807236,50.1048355921264],[-5.14459089733451,50.1071666900349],[-5.14608520638176,50.0976925941659],[-5.15764219146885,50.0966678626638],[-5.16018631316145,50.0966677264328],[-5.16458316936429,50.1015056911333],[-5.16726796458823,50.0967034543232],[-5.1642864161547,50.0951559809023],[-5.15806417900032,50.0943322742207],[-5.17231553625678,50.0909909676891],[-5.12858267955959,50.0952431898879],[-5.10641980447518,50.0941516460034],[-5.09343251551462,50.0904623410269],[-5.10411654726973,50.0867325635749],[-5.09771821863463,50.0864749920697],[-5.09866353641599,50.085595373259],[-5.08646377161555,50.0860211178087],[-5.07677825402082,50.085629617306],[-5.07604943823656,50.0856001229093],[-5.07660542727543,50.0829299396714],[-5.07955440279308,50.068761974672],[-5.07567443206938,50.068391708942],[-5.06770120080298,50.0676303942921],[-5.0578305350686,50.0527749970161],[-5.06609583214718,50.0395808588176],[-5.0689370674181,50.0350436083913],[-5.07344970081818,50.0335984771187],[-5.09437416663014,50.0268942104372],[-5.09572723901162,50.026532871702],[-5.09571176270975,50.0265016418025],[-5.09698131738655,50.0260584802967],[-5.09114707430274,50.0157102614168],[-5.10137981771243,50.0042070558272],[-5.12244723912059,50.0092516131771],[-5.16654926983045,50.0038064987394],[-5.18876903074671,49.9738802314217],[-5.18540907506159,49.9633730975584],[-5.19878570228768,49.9589447032135]]],[[[-6.30393769566665,49.9031962247093],[-6.30608772246635,49.9054255167945],[-6.31287819443447,49.9132390686908],[-6.3133610262332,49.9129650709229],[-6.31353200551293,49.9131422731998],[-6.31364541427317,49.9128036823778],[-6.32051454207075,49.9089049764052],[-6.32663715009821,49.9116226124932],[-6.32764388457902,49.912574745035],[-6.30909422933636,49.9166184612378],[-6.31035802584922,49.9195168426081],[-6.31212451466255,49.9285359302758],[-6.29777467020215,49.9367940563496],[-6.27662950349062,49.9287815892462],[-6.27583724948071,49.9212271971615],[-6.28782901967605,49.9100221556417],[-6.30300385700416,49.9115332643619],[-6.30393769566665,49.9031962247093]]],[[[-6.34126067461555,49.8823405149758],[-6.34234647322902,49.8828854821296],[-6.35378910888406,49.8898475282024],[-6.35435238280537,49.8912017554772],[-6.35138443048655,49.8982180312833],[-6.34953351121739,49.8983547337503],[-6.32842254152509,49.8924563041886],[-6.32851418506647,49.892051970616],[-6.33779744293321,49.8931292318255],[-6.33833748056676,49.8934128609696],[-6.34126067461555,49.8823405149758]]]]},"properties":{"OBJECTID":9,"ITL121CD":"TLK","ITL121NM":"South West (England)","BNG_E":285013,"BNG_N":102567,"LONG":-3.63346,"LAT":50.81119,"Shape__Area":23968923689.342148,"Shape__Length":1661599.322269093,"GlobalID":"4c8ad5ca-5f82-4040-95fb-be31f984abea"}},{"type":"Feature","id":10,"geometry":{"type":"MultiPolygon","coordinates":[[[[-3.08992632051612,53.2595277738838],[-3.09313917023343,53.2605052767473],[-3.09466315631889,53.2628465075583],[-3.08992632051612,53.2595277738838]]],[[[-4.3289383377347,53.1266947251345],[-4.39366528929894,53.1436699923147],[-4.39442485171791,53.143868908039],[-4.39575232409859,53.1443033990228],[-4.39580514227461,53.1442737979951],[-4.39873980908823,53.1449987914639],[-4.4146946084728,53.1343966452847],[-4.40757819180257,53.1442854287866],[-4.42002758947639,53.1622859147753],[-4.39500711171478,53.1677776962954],[-4.38717144732546,53.1694962344057],[-4.38634449515666,53.1909880150286],[-4.39596412500182,53.1849448392988],[-4.44353529707508,53.1550439065148],[-4.46667328038751,53.1822254160258],[-4.48642003293167,53.1772641008061],[-4.48771474371319,53.1841956700128],[-4.48750669018254,53.1851267825155],[-4.48789728492415,53.1851727567248],[-4.48814641048991,53.1865061666685],[-4.50423822709369,53.1871262148158],[-4.49734545375865,53.2072171982171],[-4.52390431748524,53.2265736117604],[-4.52184951401456,53.2319920390424],[-4.55552084648959,53.2496703229206],[-4.57574916340971,53.2725056265895],[-4.57258569250884,53.2616373388908],[-4.55671440043202,53.2456682920069],[-4.56732318400529,53.2438945143599],[-4.59698087966777,53.2403913902784],[-4.60058548783946,53.2415484165198],[-4.61049867574113,53.2454254993258],[-4.61239651731952,53.2483572309881],[-4.6088017089097,53.2563991485704],[-4.6256085797128,53.2693021276657],[-4.61773104801105,53.2793552089802],[-4.64999701305755,53.2874975079235],[-4.6515867028072,53.2878983572581],[-4.65418664324592,53.2874042564972],[-4.66192308699954,53.2859335984338],[-4.68256369170335,53.2843459044456],[-4.68198279385164,53.2867821491077],[-4.6801715680641,53.2943766291584],[-4.67771426480526,53.2983223762146],[-4.67910080163254,53.2988651619028],[-4.69667509881057,53.306638359546],[-4.69472923069177,53.3087839993482],[-4.6832566872531,53.3132504096619],[-4.68126481236471,53.3234573887933],[-4.66183369005221,53.3188747639278],[-4.64811583913006,53.3199500363626],[-4.62769560509954,53.3144568507474],[-4.62322126285426,53.3178796940121],[-4.63093635714216,53.3081807983015],[-4.63134187711876,53.3078375660912],[-4.63120987062026,53.3078999361816],[-4.63130449304866,53.3078012291186],[-4.6208911000709,53.3126540309902],[-4.62046963819253,53.3123513522969],[-4.60990293608005,53.302532347126],[-4.58811921901794,53.3018556939831],[-4.58804327026037,53.2927221388613],[-4.57807694675072,53.2890754002524],[-4.57482957221636,53.2878868471542],[-4.57255040514346,53.2891950072898],[-4.54021814504059,53.3077393202809],[-4.56660200045133,53.3010118363082],[-4.56211640404991,53.3165094530641],[-4.58447866917093,53.3312569874238],[-4.58427816306481,53.3315487728084],[-4.57116152833277,53.3375200188443],[-4.559579871828,53.3674586942341],[-4.55513130402598,53.3739198625736],[-4.57411467083152,53.403469095937],[-4.56503121339564,53.4041824012494],[-4.52989147967088,53.4060715273205],[-4.51085179646446,53.4165733198244],[-4.51014833417069,53.415652903291],[-4.50950240900107,53.4094385910498],[-4.50569698151003,53.4098276563055],[-4.50526444073452,53.40926151808],[-4.50371673854547,53.4100300655997],[-4.49197808492416,53.4112292068918],[-4.47792795583682,53.4222740852417],[-4.45017986443194,53.412944442915],[-4.45043600338168,53.4162116351645],[-4.45030049083508,53.4230603948481],[-4.42468191075281,53.4298061588307],[-4.4093744718068,53.423674296724],[-4.40251361814918,53.4209247441409],[-4.37043486171273,53.4239058858931],[-4.36838190359275,53.424074967093],[-4.3564276466881,53.4142553287915],[-4.33856585492933,53.4195623730199],[-4.33443587272881,53.4132679473706],[-4.32667695117835,53.417666600655],[-4.30468076448472,53.4137347259729],[-4.29300514930592,53.4111041758626],[-4.2906908431184,53.4135605247054],[-4.287262828044,53.4168860487941],[-4.26937068431736,53.3905375983224],[-4.29056751611878,53.3668583012112],[-4.27312542767287,53.3753987783624],[-4.264660323274,53.3608023578236],[-4.23015809346209,53.3577391826407],[-4.23393563352851,53.3406977055406],[-4.20447461635093,53.3140113305258],[-4.2144822890937,53.2987071649345],[-4.21081891127803,53.2964528260873],[-4.20405932769054,53.2922922327071],[-4.18225630573254,53.2969791383302],[-4.14354077156495,53.3052893683837],[-4.119668141511,53.3191622931423],[-4.10309772687579,53.3173875018312],[-4.0401837672877,53.3106266373884],[-4.05812134550276,53.2991864637171],[-4.0714586476231,53.2906745716454],[-4.0988172025824,53.2569072215775],[-4.10010091130385,53.2563380134731],[-4.12968632017194,53.2432115931336],[-4.13754401083034,53.2406271454816],[-4.13906220538822,53.2394542943183],[-4.15646076347452,53.2325259794612],[-4.16100591150574,53.2249420295758],[-4.16312788503796,53.2213999340279],[-4.16863331621145,53.2222722036125],[-4.17690603029869,53.2235823880651],[-4.20278195588328,53.2156879942968],[-4.20396453645511,53.21343555629],[-4.20500230025891,53.213069194876],[-4.21260755022885,53.1969660340984],[-4.21855374299477,53.1856278867892],[-4.2660252684019,53.1642278337746],[-4.30513658369497,53.1469016032371],[-4.32488378408189,53.1452898217562],[-4.33810199497694,53.1532208072704],[-4.32888565059252,53.1270578856366],[-4.3289383377347,53.1266947251345]]],[[[-4.80165208147994,52.7450814510586],[-4.79342814459934,52.7684957619059],[-4.77989765923803,52.7660945884652],[-4.78022323009809,52.7589901385242],[-4.80165208147994,52.7450814510586]]],[[[-5.33811925588128,51.8547784906637],[-5.34993160136956,51.8617406006913],[-5.3526139606477,51.8645262246743],[-5.3381146543371,51.879064495098],[-5.32981058104406,51.8777030912751],[-5.33249640047612,51.8563327425743],[-5.33811925588128,51.8547784906637]]],[[[-5.29303622474801,51.7283188699319],[-5.30810799076147,51.7320522759423],[-5.31144341864303,51.7346255961397],[-5.31287378056393,51.738836510821],[-5.30975716884176,51.74109643222],[-5.29965397929781,51.7449149979907],[-5.2742909559246,51.7363731561931],[-5.26955409368891,51.7346000088638],[-5.28125843653385,51.7360447202107],[-5.28141919666468,51.7367463961331],[-5.29303622474801,51.7283188699319]]],[[[-5.28794561804563,51.6935267858737],[-5.27885932146422,51.7000199177609],[-5.27361734937766,51.7034311772785],[-5.26465017495297,51.7018356807757],[-5.2700933704384,51.6959608568923],[-5.27198368834211,51.6956910178587],[-5.28794561804563,51.6935267858737]]],[[[-4.68405664542948,51.6299154495669],[-4.70347148501113,51.6320248910362],[-4.70951488878766,51.6421769728871],[-4.70313480546477,51.6422643970389],[-4.67477273669648,51.637641747258],[-4.68405664542948,51.6299154495669]]],[[[-3.3779308129453,51.3812833848027],[-3.40512033322684,51.3813369607276],[-3.41495678555681,51.3877730916558],[-3.43859276520052,51.3900103068379],[-3.5589612520361,51.4013263058974],[-3.59691754046965,51.4411382949415],[-3.63009935273961,51.4575453279107],[-3.64053852828157,51.4641542066143],[-3.62160954259454,51.4754453352464],[-3.61965343561326,51.476611672029],[-3.62781461126748,51.4738343095914],[-3.63852520400922,51.4701879813651],[-3.63978249556175,51.4707258374939],[-3.66257433476329,51.4804713485649],[-3.6794710604506,51.4732056866598],[-3.72083120065677,51.4796921925173],[-3.72972537118838,51.4872669383025],[-3.74940707420377,51.5040177987702],[-3.75015917757831,51.5058608589078],[-3.76194224454424,51.5347154602681],[-3.76269113469154,51.536548039165],[-3.76071880564419,51.5355553348972],[-3.7628061585792,51.5380163772326],[-3.77875719847874,51.55670964262],[-3.77998104804542,51.5597125716841],[-3.7819722704201,51.5604777052997],[-3.78992363890234,51.5697935221914],[-3.81723968289764,51.5743214602792],[-3.79898459237842,51.5732709613763],[-3.80264815368092,51.5818044089582],[-3.81065972735055,51.5806029636395],[-3.80964687573244,51.5815680983845],[-3.81002913563916,51.5819254777676],[-3.79942595927016,51.5854039942573],[-3.81177838220181,51.5835607841068],[-3.81875204874205,51.5900781961542],[-3.82206624573063,51.5916315551052],[-3.85080878881152,51.6143621240191],[-3.83681073571842,51.6237410609462],[-3.88521724093766,51.617664318931],[-3.88623325388326,51.6175365528712],[-3.92468270602978,51.606986362262],[-3.92718538479482,51.607332438163],[-3.92880222150887,51.6134325669396],[-3.95833637881092,51.6121961653287],[-3.99392438470437,51.5987058757965],[-4.00049090997868,51.5799992051771],[-3.98626854271972,51.5733831683011],[-3.98638738160113,51.5732190669981],[-3.97691708069798,51.5688270218044],[-3.98059811922034,51.5649479558816],[-3.99316637806657,51.5642847452509],[-4.02116740798268,51.5632453621305],[-4.02437352485682,51.5631259199158],[-4.03492358034263,51.5701340334914],[-4.06435277044713,51.5572467942139],[-4.11138308031682,51.5699141565116],[-4.10371389320691,51.5777740821771],[-4.15656622421085,51.5618771176459],[-4.15289675760452,51.5425031651696],[-4.17475963546369,51.5448271313479],[-4.19479066043186,51.5482578542903],[-4.21324695664218,51.537481805968],[-4.27883208897023,51.5614956249031],[-4.30825188162661,51.563008639093],[-4.28907483049008,51.5763426126385],[-4.30920622898913,51.6096183833091],[-4.2796505666,51.6159112822736],[-4.24295590883205,51.648763622127],[-4.23015644531049,51.6423343212405],[-4.24177123314401,51.6308127733892],[-4.22242028992761,51.6355137656034],[-4.18948716819033,51.6289484395695],[-4.19312817186658,51.6234379846788],[-4.16415715369344,51.626490135881],[-4.15847317106536,51.6343158841604],[-4.1163326316466,51.6447195486463],[-4.10242347786582,51.6535070797172],[-4.08114808147235,51.6575775651573],[-4.06935495525149,51.6531817056232],[-4.08132779290404,51.6620994488804],[-4.0682784861445,51.6689773194396],[-4.07779400612587,51.6803692834305],[-4.08099256196662,51.6841970700573],[-4.08161455849291,51.6849413260746],[-4.08236111543842,51.680288566608],[-4.08513079910414,51.6630219836305],[-4.08534133833478,51.6617090134909],[-4.088387278347,51.6617198576129],[-4.13555122163788,51.661877689961],[-4.14699120476335,51.6545541314145],[-4.18803259421463,51.6783674391061],[-4.1973097529783,51.6837447672249],[-4.22014357062314,51.6810563730617],[-4.22111997808045,51.6814156794233],[-4.2233248786692,51.6806814292571],[-4.24460916628233,51.6781704773748],[-4.2536625670311,51.682761485411],[-4.26308357164043,51.6769454454625],[-4.27751004668974,51.6680349660032],[-4.31542906179087,51.6750718140807],[-4.31958678664909,51.6758425037639],[-4.38272001700235,51.7273029754232],[-4.37992587497207,51.7321378680583],[-4.32447482072406,51.7285961950459],[-4.36573334162841,51.7379740792857],[-4.37620150884628,51.7538988471477],[-4.36614505012703,51.7873323182925],[-4.40385820073156,51.7572509932082],[-4.45967605984476,51.770140373074],[-4.41773495014818,51.7452376142754],[-4.42403996762142,51.7405868921308],[-4.46282162308717,51.7316954143211],[-4.55918662984023,51.7419697478804],[-4.57183294006116,51.7369751252375],[-4.6066291872211,51.7347412168685],[-4.60815966095558,51.7347670688416],[-4.63217941214701,51.735170204837],[-4.6328522200833,51.7351814265496],[-4.67628122071437,51.7271869121719],[-4.69666375569202,51.7126439997051],[-4.69210963470422,51.7084341787861],[-4.69269854657081,51.7054017794175],[-4.68378430794472,51.7007357267144],[-4.68020032626245,51.6974205973302],[-4.69717669096922,51.6862746606347],[-4.70185128752532,51.6746067364278],[-4.69332530731384,51.6720209017557],[-4.70014627659284,51.6677069014677],[-4.7144457640682,51.6586589980701],[-4.71131376418457,51.6517100371147],[-4.75672960670421,51.6537048198025],[-4.75593465539883,51.6440327604941],[-4.77704545531056,51.6424154113315],[-4.78107642494655,51.6349414740423],[-4.81288184015685,51.6451703868858],[-4.82596582753229,51.6457062609624],[-4.83078035244399,51.6468604774841],[-4.84499444160622,51.6464829989931],[-4.86080230678262,51.6471259261845],[-4.86177688719587,51.6390740942622],[-4.86201778722376,51.638605744768],[-4.89114094508599,51.6295195224595],[-4.89869434537984,51.6271611706091],[-4.89646563449788,51.6101482708134],[-4.92314792627596,51.6114068627237],[-4.92340138606479,51.5991412661821],[-4.92503961772045,51.5972125054453],[-4.9483773599768,51.5970290626839],[-4.97539824617054,51.6103985105932],[-5.00766699493397,51.608649303559],[-5.05932965273533,51.6205982523516],[-5.0500239388916,51.6398168094405],[-5.06210917245823,51.6588240582398],[-5.06503921393332,51.6634296454254],[-5.12334360690108,51.6711892980978],[-5.12567359324986,51.6816390978579],[-5.10502954799284,51.692052765679],[-5.10397336431502,51.691961676728],[-5.07631024238598,51.6881038970308],[-5.07564122561672,51.6877808648745],[-5.08669199160097,51.6844252787254],[-5.07375224205785,51.6778535317514],[-5.04636549711668,51.6763898058993],[-5.05532000604388,51.6863956267429],[-5.0536633379715,51.689643312994],[-5.04618922503103,51.6941445730131],[-4.98406776651829,51.6863601876137],[-4.9863003574561,51.6840046820981],[-4.97542458410993,51.680895773934],[-4.9734950664472,51.678901460885],[-4.97655512318495,51.6875235982603],[-4.97668343387831,51.6882322462836],[-4.94928729075046,51.702175080364],[-4.89599722909181,51.7057171028365],[-4.89118274212593,51.7060358843045],[-4.8868201979293,51.7167550031108],[-4.8720736113207,51.7176629498668],[-4.8848246069376,51.7190197616164],[-4.88294226065843,51.7339172303198],[-4.89801745342943,51.739567299275],[-4.88609578216065,51.7710227718742],[-4.90019466349767,51.7712892883353],[-4.91286380765916,51.7715273293615],[-4.89972409347147,51.7639536655826],[-4.89509626294745,51.7612852024637],[-4.89890328889859,51.7511402987764],[-4.90249800130612,51.7415571003685],[-4.89808581273795,51.7383751826007],[-4.88687359649917,51.7302864689189],[-4.89556250823963,51.7099352361155],[-4.89626100655372,51.7098491601517],[-4.9463603437242,51.7036637800665],[-4.98491044479704,51.6993760298156],[-5.03457042148791,51.7107458778821],[-5.04113330944254,51.7101113336744],[-5.06206917253744,51.7097765149612],[-5.06342379199478,51.7075435021045],[-5.07814829574491,51.7069032060271],[-5.09624037394205,51.7180955646819],[-5.0978172344331,51.7200137534298],[-5.09862955150149,51.7195729240225],[-5.10510573617075,51.7235767633304],[-5.10572373708965,51.7169388511969],[-5.11597307253676,51.7103323833774],[-5.12460224487845,51.7174128243756],[-5.13463820840386,51.7159770744146],[-5.16051350748569,51.7149788410146],[-5.16785074153522,51.7190616210473],[-5.16851212482257,51.706808667992],[-5.14969652123128,51.7023105200544],[-5.15817441387532,51.7016815413217],[-5.15730767070856,51.6879081317787],[-5.17550132930557,51.6802316285783],[-5.18418782124882,51.6866978949234],[-5.18838720030927,51.6898230201718],[-5.18725764103701,51.7088555932211],[-5.20134547045528,51.7150089303212],[-5.20281683067719,51.7157858555363],[-5.21480565294448,51.7236865627511],[-5.22876690638998,51.7188275972907],[-5.23222814865062,51.7181651076229],[-5.22780046497852,51.7231321872629],[-5.25406102406779,51.7381420796843],[-5.21081707768972,51.7339199659777],[-5.20282991859433,51.7556639786818],[-5.20136185004039,51.7555845520167],[-5.18892235689561,51.7539959549203],[-5.18609977646026,51.753635293782],[-5.16025408252088,51.7721306958591],[-5.11744526946609,51.7682685115974],[-5.10763494252556,51.7741246825765],[-5.10290244308223,51.8100690107829],[-5.11607837028695,51.8372894782735],[-5.12323571750917,51.8520609611719],[-5.13775011850692,51.8639064796122],[-5.13984624187769,51.8637996239734],[-5.14451831540977,51.8634783242185],[-5.18155926547392,51.8611280449743],[-5.17912240282864,51.8671301742653],[-5.18227784500124,51.8671454753514],[-5.18229731114669,51.8674362432688],[-5.19414951396447,51.8672022936544],[-5.19459768333795,51.8672044150624],[-5.18951000048437,51.8738364454413],[-5.19709784376886,51.8695940541522],[-5.20164015043026,51.8670538203245],[-5.20447786985139,51.8669974494639],[-5.21444498483037,51.8685565058286],[-5.22100775309495,51.8731782761944],[-5.23101904261232,51.8711467986449],[-5.24578779072766,51.8734526585042],[-5.28250054568755,51.8702174715029],[-5.28254490724203,51.870219071036],[-5.28277829481196,51.8700123634709],[-5.29634596077551,51.860753712523],[-5.29754591340954,51.8661140452952],[-5.30160671311995,51.8646085930616],[-5.31805159512926,51.8619699980916],[-5.31904216588953,51.8628478916475],[-5.30840640633723,51.8739412380321],[-5.30736027633533,51.8748453795842],[-5.30740895424512,51.8749812813465],[-5.30737070203544,51.8750211665368],[-5.31594579810749,51.8847169420365],[-5.29585660379789,51.8933643818407],[-5.30369348940482,51.903659832408],[-5.31428285560952,51.9022603839183],[-5.30554640738556,51.9083287659624],[-5.2951386948191,51.9098291398387],[-5.25922913418769,51.9147967004935],[-5.23620781446311,51.9295220702352],[-5.21019077997389,51.9322230838387],[-5.20229958879732,51.9427476292743],[-5.19640431811391,51.9506067257538],[-5.18527264476971,51.949997943105],[-5.15771571815076,51.9482224020343],[-5.15744764367097,51.9484713389069],[-5.1540429538745,51.9482840632727],[-5.15025113713002,51.9551528485752],[-5.14341794834115,51.9614948485208],[-5.12464541209809,51.9613331599587],[-5.12186130974262,51.9606477394607],[-5.12045726680395,51.9612966649301],[-5.10705992225769,51.96117891355],[-5.10452249364368,51.9686589936046],[-5.10328717693663,51.9692295574382],[-5.08545877284425,51.9684209389031],[-5.07994765130872,51.9853464548492],[-5.0956063173266,51.9937207398696],[-5.07223883182109,52.0045557940087],[-5.08958160364815,52.0153143851877],[-5.08709513731483,52.0179349116944],[-5.08393735158102,52.0212624480983],[-5.07485942335235,52.0307539162675],[-5.02079639233542,52.0203338801802],[-4.99183690796617,52.0260198751073],[-4.98933384355892,52.0204577856588],[-4.98757877697194,52.0165568721909],[-4.98710870373008,52.0164342633754],[-4.97837589299251,52.0145492698477],[-4.97015749192435,52.0127556637085],[-4.979385718764,52.0141958759802],[-4.98260769899205,52.014698524609],[-4.98264711265742,52.0146594592639],[-4.99249110626646,52.004760914879],[-4.99230782126824,52.0046893360535],[-4.9929520027247,52.0040243023375],[-4.99106732807363,52.0042048693981],[-4.98625492078501,52.0023251910613],[-4.98955218697996,52.000567166843],[-4.96898401679939,51.9949906134774],[-4.9697690070622,51.9973300749902],[-4.92688116558873,52.0088900558994],[-4.91965134166088,52.0100937081792],[-4.91619990297544,52.0190503510527],[-4.91493839975029,52.0223230977049],[-4.91019988922351,52.0346124114122],[-4.88943403975713,52.022951336841],[-4.88559389814179,52.0207938226053],[-4.88252250245585,52.0209094714451],[-4.87896411752268,52.0190917346237],[-4.81392612631698,52.0188308610048],[-4.83867229808737,52.0241861497288],[-4.84126524233349,52.024746909387],[-4.84395292569317,52.0367265115786],[-4.84001039714288,52.0458881836503],[-4.83136110084868,52.0515214700008],[-4.79649273268434,52.0579554013521],[-4.79083115690193,52.058671595112],[-4.75903421290179,52.0768593341007],[-4.74142775615332,52.0986911071477],[-4.74701455367876,52.1023359355163],[-4.74923197110596,52.1042305481472],[-4.73150798502386,52.1178941339316],[-4.68842459040595,52.1035494682847],[-4.68846872450581,52.1037624000446],[-4.68628873710061,52.129777327171],[-4.64197387016539,52.1382771126252],[-4.63167037861904,52.1382268368925],[-4.58867430325826,52.1380072993453],[-4.58280490131142,52.1379464907082],[-4.5675736911423,52.1443602871383],[-4.56257082384411,52.1421974086881],[-4.54557606001148,52.1335297275103],[-4.51861821217752,52.1349963367386],[-4.5096458091816,52.1397658313346],[-4.50617970867336,52.1401867040119],[-4.50162089979059,52.1440302364098],[-4.47098604202316,52.1602970871458],[-4.46602410666189,52.173926705549],[-4.46455943482448,52.1724034931705],[-4.46003609917005,52.1676566034575],[-4.45970558579329,52.1673547634079],[-4.44479508332534,52.1700541002587],[-4.39347073862264,52.2050421114088],[-4.37991400489952,52.2142008748379],[-4.37756343719627,52.2157883538373],[-4.35721638578549,52.2152521032014],[-4.3564678621234,52.2146714552421],[-4.35046740539497,52.2100159984532],[-4.34320168948238,52.2110498807539],[-4.32490781091729,52.2136508491314],[-4.32086505929122,52.215376963957],[-4.20749508267075,52.2636721178444],[-4.1403418184848,52.3226156678144],[-4.13594864752667,52.3303072443509],[-4.09018158032928,52.3984020949439],[-4.09002791724483,52.3995283682434],[-4.08952096510943,52.4032437183487],[-4.08678121165398,52.3995858125592],[-4.08910335690069,52.4063038646015],[-4.08628913863204,52.4269158824449],[-4.07000812049733,52.4646924519452],[-4.06256354099055,52.4722410056052],[-4.05946391130377,52.4753830398395],[-4.05209037156257,52.4808118661922],[-4.05375987160054,52.534345705761],[-4.04046678911766,52.5200483024455],[-4.03911343641351,52.5267899790974],[-4.01424036345142,52.5264678428292],[-3.9835010950363,52.5355781496473],[-3.94294144765522,52.5584465360724],[-3.93983950416619,52.5601939388688],[-3.96031209200846,52.5606706064287],[-4.06393144152474,52.5413385096026],[-4.06589881328974,52.5434167763652],[-4.09979423607999,52.5791859917336],[-4.12650785019748,52.6073274216568],[-4.09495018154508,52.6684417894407],[-4.07233024363182,52.6798010245929],[-4.05729938050629,52.6873435797886],[-4.04967779891118,52.715451594769],[-4.05122255497796,52.7037858432458],[-3.99156847966826,52.735983231659],[-4.03588053328016,52.7212071525048],[-4.05888506939955,52.7178032700325],[-4.07488215293387,52.7336145004202],[-4.10059299512562,52.7589975083345],[-4.15054397856784,52.808208959938],[-4.15182512627415,52.8150091133699],[-4.13183135095146,52.82504431166],[-4.12922702271997,52.8222947197213],[-4.11672489305326,52.8316875506937],[-4.12900022252253,52.8271522890359],[-4.12826824747198,52.829373036754],[-4.11908879363464,52.8480683337956],[-4.14851510001431,52.8957086221002],[-4.1331530660749,52.9008640114795],[-4.12280774483451,52.8954651495496],[-4.08288096846142,52.9011774352631],[-4.08258170415156,52.9012201957906],[-4.06463019050526,52.9228049328084],[-4.08359362662422,52.9160215282496],[-4.10353566915485,52.9088826166978],[-4.11052456771538,52.919962203429],[-4.12858117761871,52.921822939939],[-4.13477690281817,52.914048831303],[-4.15184895301864,52.9063681838563],[-4.21881279145767,52.9190497876043],[-4.22472977813939,52.9179149852175],[-4.2275693195461,52.9184552732904],[-4.23749452057278,52.9154656855767],[-4.26136009877672,52.9108819416539],[-4.26367277909336,52.9107093055363],[-4.31649497139219,52.9086308073507],[-4.32674277179486,52.8919450109488],[-4.37998279091425,52.8958786690009],[-4.38200134254567,52.896027326173],[-4.38457309197419,52.8952950914505],[-4.38629714219857,52.8953964212039],[-4.39767782433234,52.8916928884996],[-4.39767648344979,52.8915630197312],[-4.40105604002168,52.8906001250312],[-4.39872038533161,52.8860668024962],[-4.41055656240977,52.8854116087549],[-4.40516792766215,52.8843626775811],[-4.45704405456902,52.8711452306698],[-4.45895770270892,52.8698233599032],[-4.45994959109214,52.8696301855304],[-4.46170118218404,52.8679280869836],[-4.47656926075664,52.8576528552585],[-4.47038709611617,52.8477820513045],[-4.47075710813409,52.8475462718122],[-4.49638063019679,52.832608667996],[-4.4960638535501,52.8314117885514],[-4.5061340666821,52.8249867042476],[-4.49732295205388,52.8255887616103],[-4.49839506946469,52.8107478394791],[-4.4902051138504,52.8092631715175],[-4.48647323536559,52.7951424129924],[-4.48650276478174,52.7948126702727],[-4.51480487047842,52.7929669773909],[-4.52793506693973,52.7777937074845],[-4.54257021200904,52.7865518451069],[-4.53640942386611,52.8004270295983],[-4.60134875954142,52.8249560643039],[-4.60468029678803,52.8230068005452],[-4.6125463454908,52.8226121392431],[-4.64169078014049,52.8013346149069],[-4.64435291357277,52.7997744871498],[-4.66115398322311,52.806197674919],[-4.66425029558759,52.8047408275087],[-4.66561022092383,52.8050869052664],[-4.67157645446451,52.801934843359],[-4.68269465014507,52.7960589075481],[-4.68813146931372,52.7934985493165],[-4.72071610906177,52.8028843065941],[-4.73240429261638,52.7818478035446],[-4.76693527398571,52.7967089306984],[-4.72240216405045,52.8364573131328],[-4.72621977051184,52.8535167258001],[-4.69610573992318,52.8594470582566],[-4.67804153008747,52.8776803938556],[-4.67625989824457,52.87814368876],[-4.66882690662415,52.8800761669062],[-4.650935486394,52.9050069886016],[-4.64976478724771,52.9061863204889],[-4.647554567173,52.9062079621539],[-4.63211856746283,52.9060029264808],[-4.61914407160551,52.9204147900956],[-4.61657848021309,52.9229674416649],[-4.59929155317967,52.928951292882],[-4.57053594290437,52.9388958940894],[-4.56743969908518,52.9485642943397],[-4.56730889748,52.9483982126382],[-4.56061270699404,52.9378037676224],[-4.51959189283313,52.9403311452501],[-4.47179511907335,52.9666494654635],[-4.43747904226483,52.9983194719874],[-4.42650900529247,52.9984912602223],[-4.41006908109145,52.99807399675],[-4.38641651149547,53.0128553301044],[-4.35388882030095,53.0331591474026],[-4.34618628518052,53.0451864291777],[-4.34066197849044,53.0519999263485],[-4.34043301085445,53.0541654111783],[-4.33737497227258,53.0589364187351],[-4.33893351423429,53.0683424406138],[-4.33757842385681,53.0811472981035],[-4.3425086629175,53.089901898667],[-4.34651604349639,53.1140393884667],[-4.34656487692908,53.1143333404588],[-4.33817228702962,53.1213839096381],[-4.32440464366948,53.121633855099],[-4.32386616921886,53.121870099047],[-4.31957280188822,53.1214961295175],[-4.33319715509274,53.1143008044019],[-4.33376726708677,53.1139996308031],[-4.31934009198131,53.0927725143623],[-4.30574847840139,53.1079096435459],[-4.31375897525382,53.1066113105052],[-4.31301964080683,53.1146953062858],[-4.31188226927539,53.1271264989416],[-4.30504853475402,53.1301228212429],[-4.28328217491656,53.1394977172252],[-4.27369105245199,53.132743014178],[-4.27769110221196,53.1424627535206],[-4.27405274327309,53.1456001537804],[-4.21204840571697,53.1832674049456],[-4.21135316928597,53.1847381585677],[-4.21033775149811,53.1851657351812],[-4.21024517267744,53.1870818896772],[-4.19941972268261,53.2099672597167],[-4.16588017027677,53.2187575761149],[-4.16475365409641,53.2191153107164],[-4.16091120023079,53.219906318533],[-4.15826321252685,53.2213685571626],[-4.12254050657917,53.2371966595688],[-4.1144660653308,53.2314477674731],[-4.11320990536027,53.2369435156362],[-4.10642480348794,53.2323436107125],[-4.0990284622207,53.2344263402922],[-4.09106856610003,53.2366670230716],[-4.0855783523641,53.2256716302127],[-4.00734394317997,53.246873018431],[-3.98280786198421,53.2597232420361],[-3.84604597130551,53.2944489305182],[-3.82853243064823,53.2829304495995],[-3.82639015706345,53.2813819085216],[-3.82660332188409,53.2816611530531],[-3.82626933682937,53.2814413906625],[-3.82619070858807,53.2831077371167],[-3.82313219141384,53.2806504727316],[-3.82605996119429,53.2858790358723],[-3.82582660691523,53.2908247864013],[-3.83051214739973,53.2938272761263],[-3.83555175045935,53.3028202486899],[-3.84473488647281,53.3191966719982],[-3.87533464173946,53.3372535320614],[-3.87306934266164,53.3391685582782],[-3.83300685236931,53.3380227822496],[-3.81869402904938,53.3228375749511],[-3.80314517290609,53.3248046045872],[-3.77531206955024,53.3283201200186],[-3.77508967989102,53.3282495550233],[-3.7648039762842,53.3188188679638],[-3.73912426422799,53.3141752896065],[-3.73389955692185,53.3043419400653],[-3.73167901156137,53.3001612102052],[-3.70636419680238,53.2937164001169],[-3.60586925136701,53.290848137654],[-3.54797944955953,53.3069008261515],[-3.51196010932319,53.316868673755],[-3.50664310912187,53.315427722594],[-3.50642594391722,53.3153688612654],[-3.5025787332954,53.3173034310854],[-3.48061352051922,53.3283425776113],[-3.36669480876664,53.3513971934333],[-3.36342859947304,53.3520562574937],[-3.30970223080365,53.3557874803924],[-3.31547801115811,53.347785456834],[-3.31075113742153,53.3426689343916],[-3.31237949668949,53.3423040094668],[-3.3107039179781,53.3426178160341],[-3.30355096156197,53.3348726531702],[-3.27317880118107,53.3205463436379],[-3.26460442259713,53.3246308481095],[-3.25967136357956,53.3184910203842],[-3.25952697322224,53.319253165787],[-3.25820784306565,53.3145124793886],[-3.24700449833682,53.3104272763468],[-3.20311515651424,53.2944052470513],[-3.20167335989464,53.2935409785108],[-3.13532013870627,53.2537100145184],[-3.05574915366484,53.2230281692965],[-3.09378628600526,53.2444491029834],[-3.06854405094681,53.2392402816929],[-3.09835058159189,53.2539069378535],[-3.07028450662187,53.2535489170758],[-3.07849710120561,53.2560493839223],[-3.03602413178742,53.2518049844468],[-2.99837824071841,53.2358586442706],[-2.92229929319046,53.1892926726237],[-2.92783850918185,53.1714114107239],[-2.99508831011408,53.1541959628634],[-2.97949802680966,53.1506216460487],[-2.96381312520354,53.1327575259659],[-2.91023233565262,53.1126389642335],[-2.88109940909981,53.1216037184015],[-2.90207396485116,53.0920394250028],[-2.87572225444001,53.0815220294324],[-2.88164358493242,53.0743920840043],[-2.86147506312266,53.0606604010825],[-2.87255483685912,53.0586155397174],[-2.85924038438122,53.0542555278963],[-2.8701179110336,53.0453605941227],[-2.85571506743297,53.0372559051516],[-2.86104429459502,53.0228486549975],[-2.84406201375565,53.0176683679723],[-2.83599558998032,52.9971501477238],[-2.80331096845295,52.9895941862689],[-2.76827535226212,52.994860505091],[-2.75994017907759,52.9864196664707],[-2.7268406065337,52.9832729462979],[-2.73529356518204,52.9699461900541],[-2.72417751071701,52.9571216556058],[-2.72843937386261,52.9253018642916],[-2.75532645759697,52.9246280381643],[-2.79884789455755,52.8957587642381],[-2.84101496067848,52.9426237150063],[-2.88353939739913,52.9466392170532],[-2.88743132917765,52.952529891782],[-2.9288886576968,52.9386788302752],[-2.9598133204483,52.9511695556905],[-2.97502999814981,52.9689845250283],[-2.98202234589558,52.9591982546682],[-3.00964949707879,52.9561994732342],[-3.03507944191704,52.9294813957865],[-3.07651316775201,52.9254793449257],[-3.09595322236249,52.9302818603715],[-3.11416217690352,52.8939782174086],[-3.14750393985477,52.8901693466999],[-3.13552413220341,52.8850136669707],[-3.15241672487316,52.8787478871554],[-3.12771287517068,52.8671030337093],[-3.16301475133285,52.8474909461529],[-3.15126038173657,52.8425648891907],[-3.16788753046969,52.8192666796899],[-3.16820515656899,52.807328443007],[-3.15319003440369,52.8063686267333],[-3.16085535746191,52.795745086062],[-3.11828683788928,52.7835824218734],[-3.08663218444957,52.7955931576508],[-3.09168246700516,52.7866629804929],[-3.07951607132089,52.7715139126723],[-3.04778942055586,52.7726426121134],[-3.05257974036192,52.7686895440271],[-3.0389768046804,52.7704007776031],[-3.03509432692543,52.7640087036871],[-3.01719942628447,52.7676641820712],[-3.01079020650279,52.7585637000165],[-3.02180979863464,52.7519407818244],[-2.99199278314476,52.7437560394477],[-2.99131975670734,52.7338180025913],[-2.96506569361931,52.7322680648372],[-2.96107942399414,52.7164656946471],[-2.97810302519236,52.7153573267897],[-2.97759195389928,52.7265916760122],[-3.00055465557069,52.720275310728],[-3.02035717507642,52.7251022420807],[-3.02248595124981,52.7066679421564],[-3.04704782422812,52.691265841825],[-3.03858027693696,52.6753731677328],[-3.05111254306174,52.6473655591618],[-3.08356627754316,52.6412925211006],[-3.05979890383027,52.6307211853121],[-3.07318689675018,52.6289626632482],[-3.09362257367579,52.6093390885553],[-3.08955816273604,52.5995062989202],[-3.11741414901734,52.5857631484331],[-3.13950076573939,52.5857198089716],[-3.11149542442852,52.5413637657388],[-3.1370447146752,52.5340448107619],[-3.13306437914072,52.5274706108688],[-3.0854122871257,52.5345027028164],[-3.08727582526502,52.5513315082532],[-3.01423044769974,52.575496544676],[-2.99416397610143,52.5529108742502],[-3.0038736477802,52.5198330380465],[-3.03237893924736,52.5237313442287],[-3.02920220000926,52.5012680267969],[-3.11101713481874,52.4989348292799],[-3.18021448080757,52.4739344867693],[-3.19724017301225,52.4759894045068],[-3.23554290740389,52.4425036043898],[-3.21954450562745,52.4212529854221],[-3.17883654919064,52.4093973306139],[-3.15444662965245,52.3877151721652],[-3.11060650814314,52.3771928595191],[-3.06066441923135,52.3482395306024],[-3.04017440614788,52.3443264504579],[-2.97450325780244,52.3547007728913],[-2.95465135626995,52.3491547637487],[-2.96680116369793,52.3294490755367],[-3.00086604667812,52.3217658062582],[-3.01260808725634,52.2791690028117],[-2.9496347558264,52.2694682351223],[-2.97718162694566,52.2596861481048],[-3.00577598466957,52.2642595027327],[-3.03586088954314,52.2567570188263],[-3.04831809735967,52.2502329092591],[-3.04421511843317,52.2379274562371],[-3.07303671186313,52.235876921522],[-3.07209180395112,52.2130872885439],[-3.10208187078616,52.2027204256414],[-3.09465104889233,52.1837422730342],[-3.12243047087079,52.1634196055799],[-3.09889603996449,52.1547338860874],[-3.0825431809881,52.1630471617836],[-3.07253826591566,52.1557732356862],[-3.09369007605061,52.144305996423],[-3.13587330510567,52.1379083931517],[-3.14192072487181,52.1278671863232],[-3.10498507712928,52.116727617633],[-3.10546572555448,52.105386239037],[-3.12271516989117,52.103157931779],[-3.12589561706266,52.0783108225188],[-3.09058811273154,52.0505132879255],[-3.08628664345927,52.0401943744894],[-3.09919890693024,52.0226858085701],[-3.06736793858507,51.9831427888391],[-3.02594450044891,51.95728228813],[-3.00812331566293,51.9271305475725],[-2.97666533447376,51.9274901991849],[-2.9718463308906,51.9049816276871],[-2.87783522765838,51.9338143770327],[-2.84493489322441,51.9220259985486],[-2.86191985469077,51.9140181546114],[-2.84190837020532,51.9177264823441],[-2.83610068001895,51.9060450000692],[-2.76842830786665,51.8805409992424],[-2.77879887553985,51.8658590675969],[-2.73884858636236,51.8366165112784],[-2.719605153929,51.8489192770021],[-2.71512837058452,51.840243927709],[-2.69730211579747,51.844809127665],[-2.69329553822647,51.8338410121663],[-2.66619753963782,51.8356235570426],[-2.65040070567432,51.8261246889383],[-2.66087144177876,51.822753864529],[-2.6595387445651,51.8106823750603],[-2.67853782961014,51.8028452002868],[-2.66981057919979,51.7942734507367],[-2.68045213471702,51.7689294156759],[-2.66269206736834,51.7538947445588],[-2.67222512000601,51.736362951098],[-2.68754079654843,51.730426260047],[-2.66844054917478,51.7057888661475],[-2.683791476236,51.7006275164774],[-2.66916891576699,51.6931500125536],[-2.67225329932946,51.6810001370909],[-2.65686372175084,51.6745037142569],[-2.68640198534752,51.6631552756617],[-2.66592276127103,51.6643235438573],[-2.68033178982131,51.6475470396017],[-2.66851392779364,51.6456305945001],[-2.65664127759942,51.6227996018388],[-2.65879019534547,51.6163185346681],[-2.66245103051211,51.61757996239],[-2.69563305095823,51.6033818007135],[-2.71262590894194,51.5823557236139],[-2.75768315376024,51.5783736480386],[-2.82163585569539,51.5540701750549],[-2.82220360603922,51.5539231236227],[-2.86657918505682,51.542418182727],[-2.90510959281678,51.5324103709016],[-2.92377691189055,51.5368958863317],[-2.95122461540758,51.535066962455],[-2.97944910778006,51.5432548422211],[-2.97023127093507,51.5555882610268],[-2.99002632282397,51.5483598671363],[-2.99523180399573,51.5364833298448],[-3.0514488682964,51.5142062099789],[-3.08265803330593,51.5018183219685],[-3.08342916674797,51.5015964882453],[-3.11395346566868,51.4928097506461],[-3.14032795825512,51.4729941330573],[-3.1528673717171,51.4586494049863],[-3.16412911062178,51.4457575447619],[-3.1643982864147,51.4458169008465],[-3.16557404024211,51.4461046617722],[-3.16578953601663,51.4439720638603],[-3.16959934668919,51.4062428422002],[-3.18760801070388,51.400054160666],[-3.22411103586876,51.4036745437984],[-3.26092454198724,51.3947584294145],[-3.26452006604412,51.3892721826684],[-3.26900589729881,51.3878929391384],[-3.31051788159955,51.3926818245183],[-3.3779308129453,51.3812833848027]]]]},"properties":{"OBJECTID":10,"ITL121CD":"TLL","ITL121NM":"Wales","BNG_E":263405,"BNG_N":242881,"LONG":-3.99417,"LAT":52.06741,"Shape__Area":20818675970.99535,"Shape__Length":1555750.433162102,"GlobalID":"e2f20e65-69a8-4fb0-9c36-ee3cd7c8e7fb"}},{"type":"Feature","id":11,"geometry":{"type":"MultiPolygon","coordinates":[[[[-0.795139933749019,60.740928535366],[-0.791064505681689,60.7601948256089],[-0.784288426120821,60.7466077732142],[-0.784654842216251,60.746386341482],[-0.795139933749019,60.740928535366]]],[[[-0.947386560413486,60.6732982921101],[-0.954791521099787,60.6743590158151],[-0.960397819300987,60.6792005917915],[-0.966664357952688,60.6846103554647],[-0.966670702056796,60.6848300085094],[-0.978531147102653,60.6842003460945],[-0.981479290605857,60.6840838148059],[-0.965159174611254,60.695929868453],[-0.98426102583467,60.7194221205988],[-0.973127888370423,60.7188995517909],[-0.952024520497137,60.7175767487525],[-0.952230979817502,60.7179161396459],[-0.952158368812234,60.7179127165789],[-0.952273901331563,60.7179844534112],[-0.965156218846446,60.7372544542122],[-0.93900928323356,60.7507331810732],[-0.939033414834818,60.7507597362719],[-0.938980391125256,60.7507743984257],[-0.939173451878495,60.7509138355699],[-0.946856771000674,60.761238397296],[-0.932241437526572,60.7818596499063],[-0.954934066033582,60.791344473382],[-0.93380785057552,60.8044829841822],[-0.925436400262514,60.8095814126105],[-0.925495089995142,60.8095969002679],[-0.925273328345391,60.8097866331039],[-0.93819370606211,60.8129531313394],[-0.912979412256747,60.8161791277208],[-0.895149613961258,60.8300355653007],[-0.898188962045619,60.8362741454374],[-0.900352016404614,60.8406434083953],[-0.898022239421461,60.8411235141538],[-0.87592081317122,60.8456753003382],[-0.866109682794023,60.833529519507],[-0.880390495091762,60.8058155196446],[-0.874349796474498,60.8057481930677],[-0.874567379534655,60.8050539977443],[-0.873858828205529,60.8057427086081],[-0.867234907656851,60.8056685450242],[-0.839481074428091,60.8391174776396],[-0.835087752305136,60.8433769363319],[-0.826467641490638,60.8310257387083],[-0.8009669172518,60.8348449583699],[-0.798176757594764,60.8352223540746],[-0.797808892437191,60.8308704097265],[-0.797678398073141,60.8290888288727],[-0.777596838125939,60.8292873640731],[-0.781927098025087,60.8201111193764],[-0.782058255183817,60.8197359408831],[-0.766424434288394,60.8174526643338],[-0.800022587854739,60.810720157198],[-0.804360834594176,60.8101363532353],[-0.803947346514591,60.8099329642393],[-0.803622248191261,60.8097832581657],[-0.776534330622562,60.7968251832926],[-0.78009731738425,60.7823143673878],[-0.78078259420522,60.7802437973144],[-0.835800955657463,60.7865721381854],[-0.802805507424417,60.7584874924433],[-0.865625270777613,60.7573877812054],[-0.812623856462485,60.7492399647504],[-0.870727920235314,60.702224828331],[-0.842681518774401,60.6904233910511],[-0.834471286111169,60.6962267344937],[-0.833917275966614,60.6965719843426],[-0.832787072681853,60.6840819425743],[-0.8464014346638,60.678267822841],[-0.856713030010659,60.6738630068253],[-0.872805503918054,60.678492215972],[-0.903286947485009,60.6872526899519],[-0.913299821106487,60.6901278776146],[-0.91374799069444,60.6899471725209],[-0.91439662185132,60.6895867675133],[-0.935828922984826,60.6790075767345],[-0.947386560413486,60.6732982921101]]],[[[-0.886158426460544,60.6600837939278],[-0.9039796255403,60.6668858974602],[-0.906498385510874,60.6678468526003],[-0.918737055774036,60.6729222162843],[-0.908195062990261,60.678729392871],[-0.903612396411322,60.6776826757982],[-0.886974181668225,60.6738804907808],[-0.876604773992369,60.6710673533021],[-0.886158426460544,60.6600837939278]]],[[[-1.43768074579738,60.6164311016056],[-1.42961654452961,60.6201405094887],[-1.41717245109871,60.6168733395649],[-1.4373647276328,60.6164332452646],[-1.43768074579738,60.6164311016056]]],[[[-1.00300107238181,60.5977805999178],[-1.00574331685449,60.5980706816203],[-1.01032552935157,60.6004232749561],[-1.0051664099508,60.6093279209585],[-0.991158197123659,60.6189765075],[-0.988221525960131,60.6190029528189],[-0.971115395526944,60.6094310791693],[-0.980121492621615,60.602958817247],[-1.00189768474633,60.6062834971955],[-1.00188612826361,60.6060068127711],[-1.00196997768947,60.6060146522697],[-1.00300107238181,60.5977805999178]]],[[[-0.894047327488277,60.5628337726946],[-0.907113247453652,60.5743019364769],[-0.947981667311811,60.6101120845443],[-0.942164775853935,60.6206472134539],[-0.936260926470749,60.6307939387395],[-0.909489116372268,60.6297749599886],[-0.905349640340573,60.6265216405606],[-0.89758850382774,60.6204198949911],[-0.866442946217608,60.6326227686072],[-0.833343756747091,60.6284545205187],[-0.831492897006226,60.6281533076424],[-0.824513268523422,60.6071238356059],[-0.818049019520386,60.6019271586065],[-0.813214819749682,60.6042067258926],[-0.809385727056744,60.5991853469197],[-0.807962015169057,60.599809647987],[-0.807835674610372,60.5990278452897],[-0.805839976381578,60.6007400944307],[-0.773871990984123,60.6147464279184],[-0.770826226840846,60.5923589773625],[-0.772632904897606,60.5909139495377],[-0.800953538819366,60.5683045645978],[-0.831018335575287,60.5882470574849],[-0.83145811413025,60.5881364180208],[-0.83149784040061,60.5881623532667],[-0.844784662293252,60.5835459747253],[-0.846526638655662,60.5829509048436],[-0.848247770421923,60.5843110034022],[-0.859319682136277,60.5934002824644],[-0.890910999011704,60.592917865311],[-0.896683359043165,60.5869423925239],[-0.895081953695906,60.5861309524183],[-0.882018587017608,60.5797197225085],[-0.860035023396971,60.5688831168997],[-0.894047327488277,60.5628337726946]]],[[[-1.21965841208917,60.510605819175],[-1.23538856831305,60.515011032984],[-1.22608498467834,60.5186971409847],[-1.21965841208917,60.510605819175]]],[[[-1.14640189925399,60.4837822489514],[-1.16791612617533,60.4991418285382],[-1.16854667225579,60.5010759296837],[-1.17561484693459,60.5227410748745],[-1.18817042436763,60.522364538617],[-1.17654931707176,60.5264811211737],[-1.18993006526828,60.546384427312],[-1.18065533474099,60.5721869305909],[-1.19383174114817,60.5736550470811],[-1.19006902355865,60.5616267509333],[-1.20240393408382,60.5669668953965],[-1.18465638209058,60.5821985174372],[-1.2032406417971,60.6067703883068],[-1.18847205276708,60.6349304607477],[-1.1847796955986,60.6348435205972],[-1.15942139429283,60.6563643649647],[-1.15802654317163,60.6573751414707],[-1.1544133000455,60.6310724154571],[-1.15315919911809,60.6212898435799],[-1.13733437529573,60.6220215509474],[-1.11807285900948,60.6101598566008],[-1.11700376571234,60.6094900539741],[-1.11158423509418,60.6061614513471],[-1.13652086389511,60.6221506886707],[-1.13663168295327,60.6221458474508],[-1.14621929922705,60.6282048962077],[-1.12969827363721,60.6804057914384],[-1.12757427610336,60.687104006689],[-1.12587464514134,60.6924563452471],[-1.13538630864511,60.7047081264562],[-1.1190723647722,60.7192094754448],[-1.12792278736619,60.7267843247403],[-1.09632848957885,60.7286393860019],[-1.08541447079349,60.7266920489124],[-1.0747168305005,60.7071552577693],[-1.0747391564549,60.7073173725603],[-1.07463644444286,60.7071383885181],[-1.07340163994365,60.7305932734622],[-1.0468605230173,60.7240546079408],[-1.04200298510896,60.7226144706749],[-1.04342641592853,60.7316401807911],[-1.03317584407446,60.7308392562911],[-1.00715641193636,60.7232470598978],[-0.999748364893373,60.7210583132547],[-1.00938717764229,60.7129231425447],[-1.0053854790105,60.7106850159812],[-1.00640022534293,60.7088237669242],[-0.987640229152752,60.700755058021],[-0.986786905504684,60.7002773388908],[-0.98764776382346,60.7003214714423],[-1.00665032438554,60.7023168267478],[-1.00361080858773,60.7011388292034],[-1.0083114086669,60.7013791439891],[-0.999301488454028,60.6794963181918],[-0.989223947726634,60.6549844227799],[-0.999545692896798,60.6491034838686],[-0.983230660743316,60.6383051366425],[-0.996097596634,60.6337418518949],[-0.997688734458576,60.6333505685449],[-1.03225009258616,60.642825444858],[-1.03574705997347,60.6452565875657],[-1.06730687098882,60.668998932529],[-1.06593938857546,60.6662275181813],[-1.06702001612394,60.6669774639559],[-1.06556514552111,60.6654689689243],[-1.05386347709144,60.6417321028576],[-1.03508797217759,60.6338319307294],[-1.01949648247931,60.6176202736893],[-1.01920939728968,60.6167185492801],[-1.03008712489228,60.6100975095869],[-1.04621181688557,60.6005208594174],[-1.05700647056857,60.6052680701133],[-1.06999414575602,60.6113340516049],[-1.09111928106739,60.604470063106],[-1.03141573095902,60.5973506315044],[-1.02936824661417,60.5868958905273],[-1.0180207590715,60.590783684962],[-1.01772199004432,60.5824561363737],[-1.00323556514993,60.5800330562461],[-1.00572867204138,60.5655078299929],[-1.02415647684354,60.5612192357592],[-1.02117983029109,60.5576818558974],[-1.01436691048621,60.5488071898737],[-1.04850669168632,60.5499957393794],[-1.04800970489393,60.5495507604642],[-1.04046589841958,60.5353700881936],[-1.0436892926338,60.5338035260371],[-1.03945123975893,60.5334617803522],[-1.03807059664562,60.5308647847995],[-1.0252092491754,60.5323123094989],[-1.02141187375177,60.5320055535876],[-1.03290304207218,60.5104635516746],[-1.03584899645784,60.5106898327533],[-1.03433744980592,60.5077724541081],[-1.03747430008263,60.5018856502073],[-1.03327777064637,60.5001657787358],[-1.02962142445552,60.4986670524461],[-1.02878118135175,60.4970442295337],[-1.05258242883762,60.49266430516],[-1.03958800773919,60.498859288085],[-1.06560773195992,60.4902650539697],[-1.06860255664154,60.4897131792379],[-1.07171228971831,60.491085139972],[-1.09048543449184,60.4995331145432],[-1.09190425833729,60.4999665558778],[-1.09352295090139,60.5005885600687],[-1.11734003256293,60.5097355724707],[-1.12071811192334,60.5007697915836],[-1.12166767428128,60.4982486056679],[-1.11665966594545,60.4956064165121],[-1.11696194830828,60.4935601973963],[-1.11080583192994,60.4925171912961],[-1.09891654938541,60.4862403044702],[-1.1408152743302,60.4889722057422],[-1.14640189925399,60.4837822489514]]],[[[-1.14156397478243,60.4619772883968],[-1.1626823168968,60.4662731663512],[-1.15540958143935,60.4749773517067],[-1.14156397478243,60.4619772883968]]],[[[-0.798964220058708,60.4099945878471],[-0.759565925443333,60.4310000879003],[-0.757541760095924,60.4260494377395],[-0.759477271054326,60.4250472879084],[-0.756779829920654,60.4241855363388],[-0.754705625540036,60.41911034235],[-0.776231436669196,60.4204949860838],[-0.798964220058708,60.4099945878471]]],[[[-1.04060143273716,60.3522223548097],[-1.04404639740881,60.3589098085158],[-1.04530569485414,60.3631711924049],[-1.02782457336056,60.3703450865606],[-1.04060143273716,60.3522223548097]]],[[[-1.43167177195911,60.3451233331978],[-1.46342443255582,60.3560836327585],[-1.47565564025574,60.3743099725751],[-1.45819164098873,60.3738405020784],[-1.44924451170446,60.3866479631534],[-1.42777298562853,60.3903959556548],[-1.38235024484894,60.3761352018742],[-1.37874954093685,60.3677905883146],[-1.39189092143437,60.351471763681],[-1.43167177195911,60.3451233331978]]],[[[-1.00495757946221,60.3263854176685],[-1.03774567642201,60.3345892105777],[-1.01535317389404,60.3464894139513],[-1.02035482312609,60.351845643561],[-1.00368998188995,60.3683265397837],[-1.00263545156357,60.3691755032152],[-0.989075139987738,60.3698495775759],[-0.975741277085554,60.370492440649],[-0.962593882314681,60.3826853817423],[-0.936131296845869,60.3767047848094],[-0.934592862418917,60.3772490895588],[-0.934350627051099,60.3771960926578],[-0.933458521257044,60.3776504034206],[-0.913464448192568,60.3847208039558],[-0.913363640235504,60.3847564357502],[-0.900188846628755,60.3816721891158],[-0.913715453285543,60.3771839339904],[-0.927742805500945,60.372526769651],[-0.978691240568168,60.3314181607454],[-1.00495757946221,60.3263854176685]]],[[[-1.39474373562266,60.3213594827372],[-1.39578458388981,60.3227199154833],[-1.40393941711937,60.3333744402094],[-1.38563874307073,60.3423296193404],[-1.37800805551905,60.3369839940379],[-1.37406143483906,60.3340455493887],[-1.39255088424608,60.3227051515456],[-1.39474373562266,60.3213594827372]]],[[[-1.70437227256109,60.3153495850764],[-1.70396549337367,60.323761747298],[-1.70372682323003,60.3286950088151],[-1.70591469374021,60.3273622332887],[-1.70614886397707,60.3291852536548],[-1.7135635528181,60.3237828175185],[-1.71894345579488,60.3198615595375],[-1.7231322795037,60.323453874028],[-1.72353591270525,60.3238037707386],[-1.73866414208349,60.3369117012183],[-1.71870501213091,60.3462898096151],[-1.70982536025987,60.3403808199182],[-1.70949476969541,60.340474687683],[-1.69970340729834,60.3445121022986],[-1.69633223365843,60.3362205384312],[-1.69095601077378,60.3426011164952],[-1.6873813380476,60.3314501710918],[-1.68690445439284,60.3324546006395],[-1.68654539936013,60.3315550912197],[-1.68456802166463,60.3373747411837],[-1.68208645779206,60.3425988309017],[-1.67920469646281,60.3427384272989],[-1.66900098354925,60.3426933396875],[-1.66869575532317,60.3421431652996],[-1.67633536602848,60.3287832016955],[-1.66411392577203,60.3248204788781],[-1.66451690121964,60.3236681537701],[-1.66468476397537,60.3231881165667],[-1.70437227256109,60.3153495850764]]],[[[-1.47295567583819,60.3111204901609],[-1.48181183587149,60.3206548569536],[-1.48217616882437,60.3210582757345],[-1.47937978401086,60.3221610716219],[-1.47682430541287,60.3230637833573],[-1.46612700209498,60.3268414838087],[-1.46747789446534,60.3268532602069],[-1.46623108489821,60.3273446609531],[-1.49091638166943,60.3270553913035],[-1.47424678809202,60.3412382144354],[-1.47395669737485,60.3329150473283],[-1.47392557873474,60.3308097869786],[-1.46131888729553,60.3353564739925],[-1.43805768946094,60.3271764289541],[-1.45475248395936,60.3229748957015],[-1.46885848272728,60.3194223977951],[-1.47187811089531,60.3130773015505],[-1.47295567583819,60.3111204901609]]],[[[-1.58790242912176,60.1907547055623],[-1.60384360819854,60.2000627412515],[-1.58940464550949,60.2074641076598],[-1.58402697118106,60.2094739075753],[-1.58360906720445,60.2093005783517],[-1.56773411137846,60.1979417723049],[-1.5685158333399,60.1937687509617],[-1.58790242912176,60.1907547055623]]],[[[-1.36060766949264,60.1390551489125],[-1.36091910421115,60.1429761669095],[-1.36167173081152,60.152448196375],[-1.35038137348181,60.1472752788342],[-1.35576154632817,60.1429511873606],[-1.36060766949264,60.1390551489125]]],[[[-1.01055000249426,60.1317323628173],[-1.02406188410333,60.1409240997218],[-1.03459707024056,60.1480863848915],[-1.03887201602378,60.14658949318],[-1.04316383417105,60.1455320942982],[-1.0365541008004,60.1545462664278],[-1.00577527028238,60.1509803915592],[-1.00829953183012,60.1408073794025],[-1.01055000249426,60.1317323628173]]],[[[-1.34092927073133,60.1195421287561],[-1.35278592825122,60.1207426380161],[-1.35344590115611,60.1220998123656],[-1.34868322417599,60.1244076853943],[-1.33591624721893,60.1198276302395],[-1.33598991094543,60.1195473669845],[-1.34092927073133,60.1195421287561]]],[[[-1.37362254680231,60.1128980434075],[-1.36800366693967,60.1231642651138],[-1.36423321432638,60.1213477836008],[-1.35892708536801,60.1185115429737],[-1.36402139528632,60.1163579756217],[-1.37362254680231,60.1128980434075]]],[[[-2.06423033655834,60.1097416935431],[-2.06589506742343,60.110511113455],[-2.0935208775999,60.1290642973259],[-2.11453477952095,60.1329666818989],[-2.1166928232291,60.1339618649043],[-2.11272743051287,60.1444660673067],[-2.11217957878451,60.1459167753064],[-2.07367065601435,60.1576837570056],[-2.0523918706163,60.1565535451261],[-2.04355980856897,60.1445068275161],[-2.03989946606413,60.1395114407403],[-2.04949702882528,60.1276706515145],[-2.06423033655834,60.1097416935431]]],[[[-1.07291872331246,60.1027258960852],[-1.12233360877341,60.1199124551872],[-1.11811704670293,60.1415836897364],[-1.11727168251553,60.1459248331043],[-1.11336942756474,60.1492813244889],[-1.11623961806277,60.1512231517927],[-1.11495576017105,60.1578116791213],[-1.1191099035754,60.1531647512754],[-1.14551456695954,60.1710122619397],[-1.14797263820309,60.1728818810392],[-1.12970257103875,60.1843394647399],[-1.07885729746091,60.1708991509358],[-1.07899402560408,60.1711741735444],[-1.07890419530302,60.1711508273929],[-1.08583543150081,60.1800865149429],[-1.09011696946786,60.1857210491187],[-1.080818670156,60.1884315510477],[-1.07436702601443,60.1654383984129],[-1.07631595891634,60.1625530770785],[-1.07351597159806,60.1624030208196],[-1.07238193134844,60.1583574440269],[-1.0657807973923,60.161988156065],[-1.05734553509197,60.1615352033717],[-1.05100549829319,60.1696673542823],[-1.04544050788737,60.166361905004],[-1.05633690438596,60.1411579223433],[-1.07291872331246,60.1027258960852]]],[[[-1.31029309249998,60.0992534200314],[-1.29779032613658,60.1086254402644],[-1.29938770419635,60.1249186388371],[-1.29873144395225,60.1264243947047],[-1.28185753564041,60.1303377905467],[-1.27601577481942,60.1316918925627],[-1.2821559893375,60.1166113967988],[-1.28618281405861,60.1067136796222],[-1.30769391437869,60.1000307657013],[-1.31029309249998,60.0992534200314]]],[[[-1.343343825916,60.0598024628369],[-1.34853538409131,60.067727475398],[-1.35601578463543,60.0793536127106],[-1.32599528399302,60.0949573123256],[-1.34854625192733,60.1067783044012],[-1.34072604329745,60.1063508988507],[-1.32118917144456,60.1051044506226],[-1.31584980421973,60.1183035950446],[-1.31336965378833,60.1126853622061],[-1.31013645707546,60.1052144238634],[-1.33105788289014,60.0820688994658],[-1.343343825916,60.0598024628369]]],[[[-1.36781897939856,60.0426794691836],[-1.37588679323404,60.0479363502861],[-1.3446916778863,60.0588571392511],[-1.3555678607554,60.0512265649524],[-1.36781897939856,60.0426794691836]]],[[[-1.33661115626299,60.040637710599],[-1.32415336547558,60.0606200223628],[-1.32831160101277,60.0758900134915],[-1.3234840657434,60.08364886362],[-1.30107793357106,60.0961479416191],[-1.30076133749018,60.0951561420934],[-1.33661115626299,60.040637710599]]],[[[-1.35123994341189,60.0193428289804],[-1.36350249462387,60.0304963903655],[-1.34482011169885,60.0273971162779],[-1.35123994341189,60.0193428289804]]],[[[-1.1815837209071,59.9924338715959],[-1.18809434770355,60.008053393773],[-1.15952896009683,59.9933046916529],[-1.1815837209071,59.9924338715959]]],[[[-1.27769801480718,59.8533417301983],[-1.28758262054597,59.8648110522766],[-1.29679910703195,59.8754989319902],[-1.29683673030884,59.8755439721756],[-1.29694232306214,59.8756633862718],[-1.31256386726631,59.8563720523404],[-1.31351335920767,59.8552138167299],[-1.30630945312489,59.8816421965284],[-1.31885307438074,59.8975151438065],[-1.34435439284043,59.8970759534364],[-1.35022409439012,59.8834067202585],[-1.35870716111529,59.8928587820048],[-1.381647151869,59.8886677327309],[-1.3922363188736,59.9131566972751],[-1.37030897340684,59.9185771772537],[-1.36401485555811,59.9201058609286],[-1.36404011140849,59.94584113118],[-1.34500342260653,59.9423403914195],[-1.34350051809582,59.9464175969789],[-1.32997850518745,59.94651953906],[-1.33011570993582,59.948129824634],[-1.32917092154109,59.9480464221779],[-1.33106416677423,59.9632417687569],[-1.33178987202405,59.9690627141986],[-1.36134974320926,59.9694350966412],[-1.3547283095361,59.9806541800258],[-1.33065816606466,59.9718029246843],[-1.33110419573185,59.9725466921833],[-1.33014649944786,59.9722178497351],[-1.34694136607399,59.998933189475],[-1.31854699842661,60.0123239850902],[-1.31777700630309,60.012686860613],[-1.31754150973479,60.012797879458],[-1.31706496371599,60.0144399154754],[-1.29403532117706,60.0710352790468],[-1.28284881459635,60.0847405662488],[-1.27190526454193,60.0981362007724],[-1.26785554282754,60.135129003119],[-1.26700388938399,60.1372097481673],[-1.26727026363273,60.1404684487725],[-1.26706528883681,60.1423379024034],[-1.26736699700918,60.1416517496322],[-1.26740140734835,60.1420726944544],[-1.27063855331069,60.1342095264461],[-1.27074157465397,60.1339751140908],[-1.28178724276935,60.1335688771392],[-1.30558551170232,60.1326904659458],[-1.29515903598939,60.1426431849024],[-1.29051730458215,60.1470718155073],[-1.29085268955422,60.147127784655],[-1.2906946288329,60.1472810905752],[-1.29187150773154,60.1472977946377],[-1.30238631889327,60.1490518504188],[-1.28350420297104,60.1955501473901],[-1.28394290399932,60.1954988597652],[-1.28575829454871,60.1951899565342],[-1.2970443559253,60.1933858262326],[-1.31592883236724,60.1591644513713],[-1.31690383761442,60.1642388985636],[-1.3181507324101,60.1718424532709],[-1.29603329962034,60.2001396952964],[-1.27988632095686,60.2205978716309],[-1.26725457914103,60.236583013712],[-1.2704567567414,60.2327964327811],[-1.26468795652879,60.2401524596977],[-1.27985338676617,60.2221028331778],[-1.32838103446054,60.1641993222499],[-1.29200188535086,60.2534586907591],[-1.34767618061839,60.2006928007961],[-1.36893886503701,60.2347454448574],[-1.3674230583242,60.2398517763883],[-1.352241016083,60.2377134064652],[-1.35256047574991,60.2383800547642],[-1.35248087136269,60.2383700420205],[-1.35623098331003,60.2449735329661],[-1.35656181942973,60.2450382550485],[-1.35694787692732,60.2456925532203],[-1.38638754150683,60.251348474792],[-1.3939641773665,60.2441148382402],[-1.41146262391863,60.255291492075],[-1.4349735129219,60.2550325833091],[-1.38863227897216,60.2350934248269],[-1.37641590128508,60.2365630617944],[-1.37083706942939,60.2222410419593],[-1.36097521944785,60.1946508857299],[-1.37297149347564,60.190081811457],[-1.37335057828784,60.1899736973811],[-1.3687253872279,60.2096793336757],[-1.38988962081731,60.2016136392684],[-1.39454333287553,60.1998715537906],[-1.39578043829087,60.2053139444917],[-1.39816679880297,60.2172352636231],[-1.39825321100544,60.2161870042877],[-1.39851312197938,60.2173294312851],[-1.4014162249939,60.1791176100792],[-1.42225414710982,60.1647444572164],[-1.43876722600992,60.172182680362],[-1.43871845112001,60.1756360080399],[-1.43813052345476,60.1873929097034],[-1.43856240651292,60.1866766010495],[-1.43853146013061,60.1888648904473],[-1.45639942041531,60.1570639419429],[-1.46268867095672,60.1466092945311],[-1.46985738690454,60.1603099701699],[-1.49379196028694,60.1628353419884],[-1.51056139736587,60.1647017880502],[-1.51188028901252,60.1830902683011],[-1.51501216981951,60.1824052014042],[-1.53473707034483,60.1798844337849],[-1.54191236676859,60.1838072446233],[-1.54642814144633,60.1888328942191],[-1.54291724432961,60.204248311505],[-1.48737015162994,60.2045286322592],[-1.48435091169533,60.2040592009895],[-1.50388011903383,60.2088460897028],[-1.50292042178204,60.2092156697904],[-1.47034872414049,60.2205120655228],[-1.47552267858542,60.2197601348906],[-1.47260538317633,60.2208821705987],[-1.4955072248944,60.216853562622],[-1.50666983995744,60.215228526594],[-1.5055443029199,60.2283992921984],[-1.49138665474934,60.23076116464],[-1.49393780556111,60.2309396119535],[-1.49308904175351,60.2311187704137],[-1.51054503660421,60.2321000063288],[-1.51571867724476,60.232461062008],[-1.51132992433879,60.2420220049922],[-1.52814988031916,60.2455529120095],[-1.53265581943666,60.2469688860414],[-1.53256470818785,60.2464792095137],[-1.53417530040984,60.2468170861159],[-1.53040909497619,60.2338031703099],[-1.52035072959632,60.230850968408],[-1.51482523641414,60.2290789305854],[-1.55409535843528,60.2015273684529],[-1.55671338933018,60.202050345495],[-1.55086800272325,60.2208767984811],[-1.56390232023449,60.2288100150778],[-1.56477981421535,60.2280523135043],[-1.56528129786247,60.2283409843499],[-1.56911115198439,60.2243116701322],[-1.57503595105552,60.2191932515212],[-1.58294162924266,60.2193265479014],[-1.61205674234519,60.220141798332],[-1.61157624650139,60.2198053736884],[-1.59782972107673,60.2106092725939],[-1.60254845248207,60.2098515896018],[-1.62532916641498,60.2073968855531],[-1.64092522675287,60.2147700709873],[-1.65177082259335,60.219894400385],[-1.64079117762986,60.227120500108],[-1.63725785936827,60.2294450315791],[-1.64077226863666,60.2288506076584],[-1.65499957810371,60.2264430478931],[-1.6557778693818,60.2266141219009],[-1.69004363634949,60.2346875698878],[-1.69786344504739,60.2470915219192],[-1.69793718505132,60.2472332530309],[-1.69562956982238,60.2485475260084],[-1.68664719388108,60.253646835457],[-1.68647793729825,60.2537582904066],[-1.70324245576865,60.2549288206925],[-1.68019174224777,60.2770666478765],[-1.68118145681356,60.2772936347194],[-1.68054486078387,60.2779384398753],[-1.70207408779679,60.2879682793102],[-1.70242064602982,60.2893194672829],[-1.701079474859,60.290322136973],[-1.67129321385948,60.3035573416424],[-1.65700093612503,60.3059428162131],[-1.6399239303183,60.3062751472767],[-1.60359345394118,60.3069748345136],[-1.60134413820417,60.3069001728111],[-1.59480575379822,60.3025446409311],[-1.5730959290489,60.2875412358827],[-1.57322814258401,60.2881602732524],[-1.57220154788462,60.2874755105937],[-1.57429660803885,60.2931621591789],[-1.57584151534389,60.3003918314883],[-1.56976371029079,60.2947719842522],[-1.53609293336546,60.2922607233524],[-1.53695614921593,60.2930741043897],[-1.53623031780893,60.2930333728955],[-1.55062757591976,60.3059919248257],[-1.50541899262288,60.3194704429388],[-1.50196596811554,60.3141097201223],[-1.4779837730915,60.2744610793907],[-1.45925287189091,60.2888133063436],[-1.45999658998703,60.2888106616828],[-1.45973789173702,60.2890146101064],[-1.47904539380395,60.2904488611431],[-1.48807407202509,60.3067433130023],[-1.46906156997889,60.3026104086699],[-1.44494273551985,60.297305866549],[-1.44517296981348,60.297393476884],[-1.44489389168485,60.2973510382111],[-1.46618050495686,60.3054495326808],[-1.43816129050316,60.3090378027641],[-1.46083919019534,60.3129803310622],[-1.44026304776171,60.3229148955184],[-1.43725745310658,60.3243652822336],[-1.42698836083043,60.3286594936177],[-1.42350977396243,60.322842984529],[-1.42032529248259,60.3175163552558],[-1.41895236216799,60.3150609318964],[-1.41128271426393,60.320315808794],[-1.38768843792188,60.3137247939151],[-1.37534262809613,60.2850076561922],[-1.37511331418498,60.2854430418415],[-1.37462122852429,60.2843315046266],[-1.36628683115187,60.2994720088239],[-1.33917864121765,60.3011127353277],[-1.35236039885505,60.3029196593577],[-1.34977031715668,60.303492933491],[-1.36825812604541,60.3107239162452],[-1.36987733176932,60.3133012958301],[-1.37007997043237,60.3226007974921],[-1.37023273603301,60.3296085391597],[-1.35819024042854,60.3426184922002],[-1.35474844919813,60.3442830074573],[-1.33918871774272,60.3339068716699],[-1.33060819093583,60.3374332716649],[-1.34003110205416,60.3595971976741],[-1.30062096132774,60.3606668742311],[-1.27701623170898,60.3510229320473],[-1.27103801174293,60.3485789057774],[-1.26155618329192,60.3513003883839],[-1.2768547586756,60.3583022807727],[-1.30192218881488,60.3697649295377],[-1.36402758536268,60.3693368188533],[-1.36159536562135,60.3711125715002],[-1.3436646725786,60.3826595968298],[-1.3533032669343,60.3944905119884],[-1.35441033935597,60.3936877912036],[-1.35469080542282,60.3944290364778],[-1.36527571921564,60.3858068729664],[-1.37764562439061,60.3768289331671],[-1.40497300911171,60.3837291033496],[-1.40966149478981,60.3956998834538],[-1.38539908951432,60.3977228626124],[-1.38628395551403,60.3979361373864],[-1.39560686639851,60.3999904207247],[-1.41575596256809,60.4044631232642],[-1.4077690266305,60.4139919173862],[-1.39503207086358,60.4099085393693],[-1.39035789401045,60.4083577150466],[-1.3979764242887,60.4177016109647],[-1.39899438763096,60.4189656148827],[-1.39934577408635,60.4193804644807],[-1.45275066323489,60.4160141178377],[-1.44939788035095,60.4442878649961],[-1.43451801916034,60.4479953211443],[-1.42225768894283,60.4508121408546],[-1.42310910481068,60.4508362617324],[-1.42183545169454,60.4511533233429],[-1.4652709133436,60.4520874633534],[-1.46443805786582,60.4646094427727],[-1.43036759007361,60.471009636259],[-1.43538467346585,60.4705332964826],[-1.43208297387771,60.4712009870123],[-1.46478518542186,60.469332567309],[-1.4554434143698,60.4901157288584],[-1.45694945294909,60.4894536437478],[-1.45657445167228,60.4901471764139],[-1.47724530023738,60.4805268918759],[-1.4886334313587,60.4755145900439],[-1.48845033494488,60.4753083652877],[-1.48851380224989,60.4752788003126],[-1.48314826708427,60.4715839653395],[-1.48074538635713,60.4698617133633],[-1.48123094478991,60.4693428380114],[-1.49735781567797,60.4532239738862],[-1.51495944888292,60.4661233917635],[-1.51515846537402,60.4662875611641],[-1.49382191362463,60.4762912695479],[-1.49627652339582,60.4841218424781],[-1.49813128726906,60.4839078657349],[-1.49821178990224,60.4840483165778],[-1.53534605894343,60.4796084813905],[-1.53753921968781,60.4793547472998],[-1.55394900931608,60.4902878436615],[-1.55398104572791,60.4902608354061],[-1.55445168082479,60.4905238641162],[-1.57116867061454,60.4764184888389],[-1.58446986732889,60.4817920227724],[-1.61277772283678,60.4734619714719],[-1.62651673790318,60.482653089017],[-1.63300974844951,60.4872349884726],[-1.61664775218967,60.5031123245569],[-1.61071312425089,60.5088668038142],[-1.58316865802919,60.5086365418431],[-1.57692406831184,60.5029928784158],[-1.576745109391,60.5028311082085],[-1.57470245755426,60.5008111181063],[-1.57462996240749,60.5008322679629],[-1.57377362255193,60.5001447313777],[-1.56612762128334,60.5029584728177],[-1.56167752498287,60.5045956894242],[-1.57859631957686,60.5090792568757],[-1.56562721692835,60.5152840384728],[-1.56645696312145,60.5366212084239],[-1.5664730531754,60.5377804295455],[-1.53348670050592,60.5562803216266],[-1.51831466390514,60.5316963973872],[-1.51827271984388,60.5316763354924],[-1.46773731968488,60.5103016572808],[-1.44484080282123,60.5037888718713],[-1.3940027581447,60.5119812899421],[-1.45541118377959,60.5112890692711],[-1.46309656156226,60.5159305321],[-1.4974705871808,60.5371382819583],[-1.49720807625362,60.538597879566],[-1.4819901789044,60.552833637159],[-1.43456451214373,60.5737832644824],[-1.43607165924011,60.5757925187604],[-1.44402046170606,60.5887631150784],[-1.41916000868625,60.6020623753745],[-1.42057971777787,60.6021674975566],[-1.4185638390875,60.6032269832632],[-1.43480054531379,60.6032261656872],[-1.42116447004931,60.6146787446496],[-1.37519675215946,60.6058285852833],[-1.34964353281615,60.6099689572103],[-1.34922777346777,60.6097212993632],[-1.33333116011416,60.5997502718211],[-1.3341020332617,60.6007077902197],[-1.3335270303041,60.6003650118643],[-1.33442721458622,60.6011116871231],[-1.34895788075634,60.6191487900216],[-1.34440175842067,60.6268224997549],[-1.34369282222443,60.6276246878676],[-1.32960252417089,60.6216797112477],[-1.32813461279279,60.6228291948012],[-1.32717301699364,60.6225205422375],[-1.30872319910259,60.6376228467931],[-1.30436420545337,60.595122625952],[-1.3189685392698,60.5833127904379],[-1.33577239290073,60.5830317441935],[-1.31370192763795,60.5710498919249],[-1.31545390347227,60.5413979706033],[-1.34168221839513,60.5367619963527],[-1.35322909301367,60.5417070604414],[-1.36690073792298,60.5264137741328],[-1.32371082971117,60.5254804491405],[-1.36227005657629,60.5170288461525],[-1.33756062589987,60.5194847411083],[-1.3241257274801,60.5107979441609],[-1.34408741945098,60.5030436628335],[-1.34361296128811,60.5020513762358],[-1.33734390305979,60.4889343915688],[-1.35721139225818,60.4791206385962],[-1.33207032457777,60.4782889715767],[-1.32730088271243,60.495078723041],[-1.31035574300793,60.4954951702031],[-1.31148339670981,60.4822033819069],[-1.33113816065474,60.4784145001871],[-1.32002361351852,60.4518134122665],[-1.33964668109935,60.4507982230055],[-1.36364892485714,60.4292633654843],[-1.35595709924269,60.4133015778628],[-1.37083158710911,60.4143538726158],[-1.3837156523982,60.3974996070572],[-1.37547358072325,60.3937898723669],[-1.32757833109099,60.4110049484428],[-1.34674791029607,60.4135217302141],[-1.33037676445596,60.437153889984],[-1.29549762386415,60.4438927166146],[-1.28178391334671,60.4365781592629],[-1.27748766910339,60.4481871758103],[-1.27487817308737,60.4474230250929],[-1.26029206203829,60.4431500904467],[-1.27478937320047,60.4514235842021],[-1.30416017650698,60.4681675360957],[-1.2802303093271,60.4877626782065],[-1.27406640931601,60.4838850541164],[-1.26167028251769,60.4760831631452],[-1.22898817860941,60.4949964679746],[-1.20318726843307,60.4782915637895],[-1.20814902180871,60.4564233801388],[-1.18892258919659,60.4642120380572],[-1.1822730493124,60.4618737395451],[-1.17701490618745,60.4544544504411],[-1.17685937706416,60.4536274486012],[-1.2028600571097,60.4452256821812],[-1.16737644925171,60.4420055030159],[-1.19432594440492,60.4316880161772],[-1.19541215740037,60.4314746213271],[-1.19972845630082,60.4291922765419],[-1.25755089874064,60.4030484143068],[-1.24028816399985,60.4077227596257],[-1.25900400823523,60.3978019796643],[-1.19406293396453,60.4198676166027],[-1.19326676874649,60.4189478182421],[-1.19085860492193,60.4137546204119],[-1.19360454461985,60.41263783701],[-1.22434375839472,60.4021214518291],[-1.21341471801256,60.4045770012658],[-1.22041570196914,60.401726605049],[-1.1695766193378,60.4144002703774],[-1.16390471166058,60.3775032376256],[-1.16382815430965,60.3776142951047],[-1.16381250186453,60.3775137334503],[-1.16278050168082,60.3798543647168],[-1.1513754997859,60.4033999128822],[-1.13447863465697,60.4040544783208],[-1.12175673296753,60.4043941773844],[-1.13688258529989,60.4118620991353],[-1.11899854264832,60.4290986457111],[-1.11080400821486,60.4154664029322],[-1.11038775490249,60.4157874347612],[-1.11006513155234,60.4152639465453],[-1.07124045462582,60.4457076734258],[-1.05090790239811,60.4496051302925],[-1.04784272289263,60.4402014362326],[-1.07343689790001,60.4244473684088],[-1.14136387230571,60.3829873831144],[-1.14070712994842,60.3829434992451],[-1.14098869085272,60.3827694893744],[-1.1326194109758,60.3824027981948],[-1.12728029507229,60.3820455749597],[-1.12778306202727,60.3784125659251],[-1.12939067995053,60.3697570160054],[-1.12890325601666,60.3703150719908],[-1.12903266657901,60.3693793433714],[-1.10792547188851,60.3938972855185],[-1.08433951701452,60.3898995476701],[-1.07523042224644,60.3883021656957],[-1.07549959588915,60.3567350259276],[-1.11819292218845,60.3453022958669],[-1.19344852798013,60.3531575665932],[-1.18397316220505,60.3498461300861],[-1.1699339431129,60.3279106229037],[-1.16974627158201,60.3280443174061],[-1.16806925118767,60.3222626818834],[-1.155962550165,60.3378599388884],[-1.13588509961918,60.3212865693656],[-1.13391353681054,60.3196578500253],[-1.13378910092381,60.3212729239588],[-1.13366016867444,60.3229461690462],[-1.12646764315273,60.3262415357022],[-1.10926435931478,60.3231832446449],[-1.10712599398907,60.3219495146921],[-1.10445909989752,60.3223284967819],[-1.09891384776285,60.3213418474908],[-1.08828208105555,60.3246260117716],[-1.08499788063052,60.3250921652419],[-1.08718641089805,60.3209611064537],[-1.09275982897625,60.3104358201715],[-1.08161552286222,60.3049155798887],[-1.08180886465344,60.3046906619005],[-1.0872304617781,60.299542532759],[-1.09681728258798,60.3005669128516],[-1.11646788349939,60.3028420485923],[-1.15986893634243,60.2807115784098],[-1.14774110042509,60.2804452998115],[-1.14348045737586,60.2802822546975],[-1.15428274143153,60.2727928532655],[-1.14605859810252,60.2733918678939],[-1.14809268291918,60.265193794527],[-1.14534374350052,60.2734439094148],[-1.11482159200769,60.2756622796337],[-1.10838829579553,60.2760809224278],[-1.11717969996875,60.2710502165756],[-1.11303552893401,60.2678651441804],[-1.11125453057564,60.2662293194107],[-1.11098671301485,60.2662902209835],[-1.11050387003547,60.2659190328928],[-1.10140679220939,60.2684681832942],[-1.0963571331433,60.2696158051405],[-1.10210845238809,60.2589800685346],[-1.14409177038725,60.2594500961259],[-1.16592244482433,60.241838273088],[-1.17145586086039,60.2402827821166],[-1.17804770628085,60.2524749501782],[-1.16713959737562,60.2588697318751],[-1.1649884899971,60.2599541188961],[-1.16526630806756,60.2599675678782],[-1.1649252984252,60.2601674054119],[-1.1671276501548,60.2600576608007],[-1.1900522195786,60.2611647699303],[-1.19937916933996,60.2701758103105],[-1.20079744796562,60.2685324111005],[-1.19942623684438,60.2640782007215],[-1.19367454196419,60.245227533238],[-1.23142218681296,60.2300242687196],[-1.18514147762315,60.2323210168269],[-1.18534532706065,60.232121390779],[-1.22174983454682,60.1988051023223],[-1.2174974890813,60.2006266150523],[-1.21740853735894,60.2006749732548],[-1.21182278712372,60.2031754724778],[-1.1680065636232,60.2224426174352],[-1.18095411696824,60.2120212817531],[-1.16994754087272,60.2088507215999],[-1.18738426680092,60.2041752887045],[-1.1916146762482,60.1996646343936],[-1.2179905628892,60.1734678300452],[-1.21464510981524,60.1750838248415],[-1.21876338290693,60.1706839799537],[-1.1540028426994,60.2039067647399],[-1.15510335662604,60.1998682469343],[-1.15886002603609,60.1891161839696],[-1.15804759509417,60.1890588461347],[-1.15806025925557,60.1890123374891],[-1.15740081545849,60.1890970262257],[-1.14497115386336,60.1889331222122],[-1.16323055272103,60.1658789531787],[-1.13199395828296,60.1488667220173],[-1.13642704317042,60.1449882587192],[-1.13744437161984,60.1441690117586],[-1.14125805049184,60.144905958314],[-1.15965060079457,60.1487822390408],[-1.15958224242942,60.148444891189],[-1.16063894392763,60.1486488711968],[-1.15891684121718,60.1418488243784],[-1.15556741816356,60.1285998869154],[-1.1558044256632,60.1287776812885],[-1.17217398890324,60.1410592152323],[-1.1724555820399,60.1412477103727],[-1.17521166842529,60.1190983291994],[-1.20389716737137,60.1306551307702],[-1.19940623197655,60.1064594579314],[-1.20441809472151,60.105210253936],[-1.2256144545984,60.1005620257758],[-1.20713825602454,60.0899756104204],[-1.20689962174817,60.0898350399223],[-1.20937755042042,60.0859312112066],[-1.2172262439133,60.0739607259626],[-1.19977880106838,60.0572398905366],[-1.20350428393108,60.0478361027209],[-1.20360690857461,60.0476548452189],[-1.17156541803572,60.0406758183983],[-1.17440616779522,60.0350948948636],[-1.20034012822113,60.0352227227748],[-1.20772795730949,60.0356207901884],[-1.20872684142238,60.0440352902701],[-1.20841610646151,60.0450652888526],[-1.20877834191658,60.0444690565894],[-1.20902666688941,60.0465603942565],[-1.2108433102811,60.0410697293204],[-1.2147794149866,60.0345880060751],[-1.23335342023218,60.0332676974759],[-1.2329025952571,60.0321071995576],[-1.23327296164714,60.0320909274216],[-1.22801472830027,60.0195198195064],[-1.22337080157398,60.0075516710732],[-1.20128363230022,59.9931151435229],[-1.19803724656742,59.9909591124506],[-1.20814854685866,59.9893053367275],[-1.20851707433951,59.9892452793441],[-1.20856841826862,59.9892367648119],[-1.2060032756418,59.9778248347252],[-1.20484586479124,59.9725640005618],[-1.22060846969101,59.994895831349],[-1.22067118555248,59.994832128617],[-1.22072050481145,59.9949018498447],[-1.23415750609399,59.9811275035328],[-1.25252075939402,59.996812279162],[-1.25987194471091,59.9889164780016],[-1.2769460208302,59.9906306667405],[-1.27653126613424,59.99003901065],[-1.27750650392894,59.9901096677874],[-1.26719952178394,59.9765963439978],[-1.25856588000375,59.9764137197251],[-1.25406022565202,59.976285747603],[-1.26328208946112,59.9650401026389],[-1.26121751230421,59.9628701115739],[-1.25594013778671,59.9573218381783],[-1.256282255761,59.9538684100327],[-1.26504016725526,59.9511911204072],[-1.25804732773767,59.9360397768546],[-1.25806125695027,59.9358990104589],[-1.25842331427406,59.9354813768097],[-1.27026839572518,59.9330508374702],[-1.27156855598977,59.9204183715723],[-1.2863650468002,59.9216938706049],[-1.29202097559286,59.9221809681681],[-1.28642831500111,59.9187539107005],[-1.27809695368119,59.9136468315933],[-1.2692460618763,59.9081455780405],[-1.27196944353698,59.8856650135293],[-1.28715886915358,59.8846433260957],[-1.30050397032288,59.8837442027801],[-1.28719556621745,59.8829294240342],[-1.28325926691961,59.8826881691756],[-1.28318025654972,59.8727581008282],[-1.28318789815271,59.8727078869712],[-1.28316987909234,59.8725631371955],[-1.2766580319035,59.873993731415],[-1.26882158710946,59.8755363053323],[-1.26970582162175,59.8729632413843],[-1.27769801480718,59.8533417301983]]],[[[-1.65085210922471,59.5125401254997],[-1.65358557231322,59.5162996061281],[-1.65060370965571,59.5241123611573],[-1.64826864971521,59.5245709948198],[-1.64375576435069,59.525457228106],[-1.6399067927958,59.5521094881068],[-1.60818176402961,59.5535406933012],[-1.61293911308044,59.5405296456345],[-1.61251588995064,59.5404780517478],[-1.61252451178709,59.5404520600682],[-1.59723852097223,59.5395979128669],[-1.60055095842763,59.5323927730521],[-1.61595906456281,59.5330996570556],[-1.60883351825674,59.5232403731531],[-1.62569390009184,59.526826672829],[-1.62951880569372,59.5148207312212],[-1.63975635530841,59.5132179026083],[-1.64839242431372,59.5126904569341],[-1.65085210922471,59.5125401254997]]],[[[-2.42042223106134,59.347644010702],[-2.43030814508538,59.3574031991156],[-2.43830307996311,59.3570535389979],[-2.44863132061742,59.3574007440795],[-2.43242661156776,59.3863210544971],[-2.41102443800218,59.3897811410146],[-2.40393173737203,59.384644281032],[-2.39803766955785,59.3868041824732],[-2.39770110544315,59.3866408414539],[-2.39668722116536,59.3872989825069],[-2.38360716439012,59.3920900082878],[-2.37558921707144,59.3857713827677],[-2.37232823840454,59.3822240487312],[-2.38136870954307,59.3807678400209],[-2.40431732861492,59.3803748405046],[-2.40629963125608,59.3767481377521],[-2.40962099298206,59.3762121926528],[-2.40814494520136,59.3733713534322],[-2.41107364737927,59.3680106499658],[-2.40184366174533,59.3612382085773],[-2.39879584364292,59.3553663926501],[-2.41960227671665,59.3478860609879],[-2.42042223106134,59.347644010702]]],[[[-2.9051829606149,59.3232624829997],[-2.91119406506558,59.3492371462347],[-2.87904099191574,59.3854644432125],[-2.87854084484029,59.3855550665623],[-2.86910584596282,59.3703799124991],[-2.87155842296381,59.36832992997],[-2.88301344725282,59.3622259664087],[-2.88050200866111,59.3608519693798],[-2.88886437387487,59.3538564559062],[-2.87667227964905,59.3344002134924],[-2.88433785270566,59.3255347236488],[-2.88454043163861,59.3253086810927],[-2.89651656303887,59.3305903148952],[-2.89722106636832,59.3300699994683],[-2.89728045660472,59.3300950277227],[-2.8997813750692,59.3278301993739],[-2.9051829606149,59.3232624829997]]],[[[-2.72142187270584,59.2298223092675],[-2.74644377230558,59.2336502105256],[-2.74075946555847,59.2444513632216],[-2.73939285150869,59.2470471356368],[-2.73661932224514,59.2444748219771],[-2.7211116851892,59.2300839704524],[-2.72142187270584,59.2298223092675]]],[[[-2.88297531376251,59.228407591204],[-2.88176424739861,59.2332617947952],[-2.87857346300744,59.2435931985971],[-2.87483714307871,59.2556836277351],[-2.89098384497684,59.2545736282511],[-2.9121932481473,59.2771001309683],[-2.96117066956347,59.2900347226422],[-2.95376419564806,59.2801506148507],[-2.95640974202721,59.279058481492],[-2.95006954816425,59.2752177074765],[-2.94823861588234,59.2727725571035],[-2.97706881145031,59.2682109510369],[-2.98340762666835,59.2594035003751],[-3.02468232101597,59.277690947916],[-3.0249387128013,59.2778187765523],[-3.02543405182273,59.2808509235493],[-3.02313994255099,59.3051612477009],[-3.02998531876679,59.3086844953751],[-3.03060295974879,59.3124581653274],[-3.05600568716712,59.3232756769408],[-3.06968496575793,59.3290959704585],[-3.07052365703019,59.3295267877192],[-3.05612545363413,59.327135966988],[-3.03372331463161,59.3234122882111],[-3.0331611503696,59.3237984507742],[-3.03280011768888,59.3237415493933],[-3.03023808688013,59.3258061818468],[-3.02458875767695,59.3296856230112],[-3.01441266160063,59.328711996073],[-3.00675547557586,59.3276085185529],[-3.00584573597988,59.32789167506],[-3.00244688481928,59.327566051473],[-2.97963463966432,59.3356308621889],[-2.97588606614223,59.3540358873029],[-2.95430263119627,59.3591736333286],[-2.94948244541084,59.3561040798154],[-2.94410865103845,59.3490181272067],[-2.95261491903813,59.3463241394326],[-2.95560495215332,59.3460721844945],[-2.95551012991554,59.3454069844997],[-2.96925295424901,59.3410519418413],[-2.95447475545287,59.3381418180232],[-2.95371976713183,59.332842102706],[-2.95553847866709,59.3277381092776],[-2.98288445398709,59.3260079624764],[-2.98920746891068,59.3167091757794],[-2.98288000901176,59.3174319444193],[-2.97125427651686,59.3174344106942],[-2.96034205569517,59.3102242422112],[-2.96028575508999,59.3094479154791],[-2.9593401832807,59.3095620622096],[-2.95670945700941,59.3078231462806],[-2.94158923012685,59.311072019385],[-2.93967549632911,59.3032781265522],[-2.9151479651212,59.2978641956042],[-2.90402089241314,59.3038043549108],[-2.88264001539808,59.2859208308245],[-2.8808446179666,59.2662501431556],[-2.85483325027713,59.2672353690943],[-2.84545572846192,59.2571176451157],[-2.83802042647439,59.2477868440435],[-2.85364122823271,59.250159036574],[-2.85961631973323,59.2514034650484],[-2.86747803071033,59.2436677071754],[-2.88297531376251,59.228407591204]]],[[[-2.69455725168825,59.1862183949437],[-2.69522229659472,59.1947974317066],[-2.6957426207299,59.221102059691],[-2.678652045325,59.2198838972228],[-2.67425014986165,59.2241882811085],[-2.67217720611411,59.2244309754796],[-2.66627522064897,59.2319833740051],[-2.65637970821419,59.2416500584145],[-2.65322158359393,59.2430115191297],[-2.6475786220191,59.2449484953589],[-2.60212526087061,59.2605336238684],[-2.60609583256179,59.2633053384244],[-2.59278418883904,59.2690302893773],[-2.61526320009204,59.2944640016632],[-2.61030328835603,59.2919695353109],[-2.60857620186561,59.2897627505783],[-2.60743010607294,59.290524284616],[-2.60531659212555,59.2894610402626],[-2.58929984512275,59.2949016805922],[-2.58293085017353,59.2932568188789],[-2.56149184340943,59.3034863437053],[-2.5616234535151,59.3042941900638],[-2.55808711794108,59.3054935155282],[-2.52943276814371,59.3028384010245],[-2.55636583074379,59.2874318149868],[-2.55285705137866,59.2758578007388],[-2.57007200556404,59.2776567573176],[-2.58343944305542,59.2644360274893],[-2.55746366177488,59.2602439482683],[-2.55387016959027,59.2689925912271],[-2.54449577121428,59.2601301183188],[-2.48556650665669,59.2878779691955],[-2.45074684305664,59.289935915295],[-2.44713939530983,59.3036735457263],[-2.42380465630999,59.3118916247748],[-2.42013136603085,59.3035101024897],[-2.41665114925988,59.2875164250728],[-2.41252023057848,59.286129851695],[-2.41199301206497,59.2849252527139],[-2.40801955668718,59.284618889354],[-2.39042529923313,59.2787093798481],[-2.42296953038476,59.2750558534827],[-2.43414503969262,59.2821500630673],[-2.43451638620393,59.2824748412286],[-2.43457548764996,59.2824677908291],[-2.43644383352727,59.2836088502043],[-2.47612546113777,59.2775034837899],[-2.47905308981538,59.277051429469],[-2.51347740074423,59.2455477916558],[-2.51931065920068,59.2402027872889],[-2.50725127422417,59.2229913373757],[-2.52388436359721,59.2339682956534],[-2.51564263240726,59.2455391706854],[-2.51084832072141,59.2522662417744],[-2.52347831630684,59.2577531592517],[-2.53826072834679,59.2505633670663],[-2.5329025619585,59.2454692601273],[-2.52481747678307,59.2377793378351],[-2.56537177097932,59.2365602736748],[-2.56855592224571,59.2261985930368],[-2.57103865596846,59.2211238582475],[-2.57354863496349,59.2222364972773],[-2.57871231452996,59.2319453769167],[-2.57660578462798,59.2374789839983],[-2.56077386012749,59.2385351998315],[-2.57020048525421,59.2449635789009],[-2.60202469665994,59.2292365426669],[-2.60750714516566,59.2372942336448],[-2.63076495241059,59.2375848872938],[-2.63307149556762,59.2348660392641],[-2.63721881666696,59.2346064869646],[-2.64343148904012,59.2226483572131],[-2.65388615331495,59.2103092830161],[-2.66835275793799,59.2085752699947],[-2.67213199777601,59.1967576515013],[-2.6743206352239,59.1917536178374],[-2.68817635737512,59.2040660544759],[-2.69455725168825,59.1862183949437]]],[[[-5.84056959858645,59.1159542490264],[-5.82264799247598,59.1260447391374],[-5.82496990161887,59.1329037709643],[-5.81298106666716,59.1190073705654],[-5.84056959858645,59.1159542490264]]],[[[-2.59962030118507,59.147895354106],[-2.58710643982702,59.1570176964881],[-2.57924589591484,59.148696382103],[-2.58318442827478,59.1481003193775],[-2.59962030118507,59.147895354106]]],[[[-3.11792098078008,59.139444944443],[-3.12514958052484,59.1476097266346],[-3.12576110445671,59.1484367804655],[-3.11112020436175,59.1463918417235],[-3.11792098078008,59.139444944443]]],[[[-2.78828150698459,59.1380583425771],[-2.79439570418956,59.1599688746855],[-2.80003440972373,59.1621650958051],[-2.81565671623405,59.1722887809846],[-2.82159298520084,59.1705570876602],[-2.82368131524151,59.1713695907574],[-2.82739306156279,59.1865889740137],[-2.82762681798374,59.1880029817774],[-2.82349404957626,59.1946395310133],[-2.80298318754627,59.1834416127779],[-2.77987656193796,59.1894727726466],[-2.78017816442915,59.1908773839033],[-2.7798498597397,59.1909735022822],[-2.78148167005754,59.196946693114],[-2.78987905381945,59.2359934048149],[-2.76906727893591,59.2442871120707],[-2.75980825267008,59.2479745480114],[-2.7603720560126,59.2443383867617],[-2.76203197761003,59.2336287939268],[-2.76280825841668,59.2318336907171],[-2.73653815477461,59.2193273076416],[-2.73983566783957,59.2157559366434],[-2.75653099339773,59.2093643889729],[-2.75384104959743,59.2005781988226],[-2.75974777565799,59.1941725590926],[-2.76649526520792,59.1919394851519],[-2.75692129366309,59.1585062737968],[-2.73963996334186,59.1479481776946],[-2.7484976544767,59.1457737961374],[-2.78828150698459,59.1380583425771]]],[[[-3.04010505636202,59.1264751935203],[-3.05004907562392,59.1300612474673],[-3.0931380992408,59.1455826759098],[-3.11835812850943,59.1726619404879],[-3.07420451552534,59.1992006696285],[-3.05211616062081,59.1974176418486],[-3.0508701160739,59.1973169398753],[-3.0497425185245,59.1835090103953],[-3.03654544120048,59.1785785640287],[-3.03265309621961,59.178525633072],[-3.03012231724042,59.1777109200474],[-3.00735689549145,59.178178702993],[-2.99386289576067,59.1779915628157],[-2.96936409630132,59.1875273564479],[-2.95276842234012,59.179913109261],[-2.9787519903624,59.1631720232704],[-2.96554264408188,59.1350836753274],[-3.04010505636202,59.1264751935203]]],[[[-2.6647588548649,59.1282850438499],[-2.66731836287214,59.1285156283429],[-2.68064965872685,59.1346201542336],[-2.68104029136061,59.1351856162988],[-2.68027277231671,59.1354063299501],[-2.6697848512106,59.1340193271308],[-2.66763212272563,59.1390402873426],[-2.6663675645325,59.1394037159782],[-2.6647588548649,59.1282850438499]]],[[[-2.92029784923537,59.1249793961992],[-2.94509423868459,59.1546416321883],[-2.93179911270822,59.168803965116],[-2.92869707739866,59.1695022537394],[-2.91036865079215,59.1643120194494],[-2.90818538319563,59.1632579852715],[-2.92029784923537,59.1249793961992]]],[[[-2.96698089737288,59.1107896615118],[-3.01151064391814,59.1132666554437],[-2.96190254641757,59.1270856677019],[-2.95141154915863,59.1184201588168],[-2.96698089737288,59.1107896615118]]],[[[-2.97388261603012,59.072120279446],[-2.99296374069843,59.0864024956596],[-2.96431385552894,59.0907561640567],[-2.94658049986102,59.0784130807845],[-2.95159579418235,59.0738616246901],[-2.96159627104396,59.080462575857],[-2.97331295586031,59.0724938601679],[-2.97388261603012,59.072120279446]]],[[[-2.60582241267,59.0722650733602],[-2.60474621068712,59.097128223115],[-2.63265139466205,59.1078111330053],[-2.6577032197131,59.1003152408303],[-2.6441434274423,59.0874063900212],[-2.65104071963268,59.0759720074702],[-2.66526801071524,59.0762304390463],[-2.68673649351984,59.0781173734567],[-2.66992050243707,59.108681823172],[-2.6295880320962,59.1101493483793],[-2.6202209880777,59.1184197443067],[-2.67533625475538,59.1532564802468],[-2.65374695358738,59.1516805273862],[-2.62834980017771,59.1601631608646],[-2.61681097977518,59.1536644245895],[-2.63499598201622,59.1558934713175],[-2.63469936961667,59.155525562291],[-2.63589914438735,59.1556559225286],[-2.62487113231071,59.1431817648621],[-2.59490556873682,59.142604604508],[-2.57454262600961,59.1419525260353],[-2.60542031536136,59.1370110303576],[-2.59627507982034,59.1158981452771],[-2.56012202016596,59.1196654813636],[-2.53730387264992,59.1217898230437],[-2.55295323830004,59.1112882845148],[-2.55186401420919,59.1083498108901],[-2.5504291838271,59.1002844866671],[-2.54866958598421,59.099728980797],[-2.5480660296183,59.0980996576419],[-2.52713982897435,59.0929286223172],[-2.5381185804164,59.0760195726801],[-2.54644565175711,59.0781549635229],[-2.56744677898209,59.0841584447591],[-2.57634877534535,59.0757259297135],[-2.60582241267,59.0722650733602]]],[[[-2.57258563599711,59.0250375624967],[-2.57263217860116,59.0253643134181],[-2.56939145442554,59.0355839810077],[-2.5602634490142,59.0309634915838],[-2.56453921861462,59.0284184603451],[-2.57258563599711,59.0250375624967]]],[[[-2.90119393061311,59.019036988412],[-2.90158746386877,59.0194573881458],[-2.9013500900002,59.0257829660929],[-2.89720985510848,59.0260927222518],[-2.90119393061311,59.019036988412]]],[[[-2.82519488011487,59.0193233043249],[-2.85125642479172,59.0249304539382],[-2.87873507738918,59.0324863374153],[-2.88291329502911,59.0317318472651],[-2.9013168627297,59.03568106302],[-2.90488778323792,59.0331758385283],[-2.9120652847172,59.02932087601],[-2.93394841306715,59.0303738496367],[-2.91149440665082,59.0637518828591],[-2.90238896884694,59.077267683932],[-2.89321653595695,59.0638784985961],[-2.8925061027536,59.0628410100702],[-2.88894138802266,59.0616165761679],[-2.88874903223466,59.0613912359464],[-2.88797774775537,59.0612855478141],[-2.86230251473214,59.0524605919017],[-2.87005468760009,59.0578215236849],[-2.86732615145816,59.058453720203],[-2.856438639389,59.0569592694967],[-2.84151833079137,59.0642249154178],[-2.84071775186222,59.0646146308705],[-2.83765743588834,59.0653227250176],[-2.84000790712006,59.0767876029935],[-2.83072323210142,59.0794070957052],[-2.81956402548246,59.0793485820385],[-2.80675808986325,59.0861635201026],[-2.8033821134486,59.087114731913],[-2.80220890193124,59.0807805882003],[-2.80168034221884,59.0686125178981],[-2.80601590148684,59.0644500507925],[-2.82421955335129,59.0469606123687],[-2.81055596878953,59.0336071239375],[-2.80578252333824,59.0285138857843],[-2.82519488011487,59.0193233043249]]],[[[-3.26688873416168,58.9237678267611],[-3.29296558505949,58.9240732047727],[-3.30549647261283,58.9246863259224],[-3.30837996837377,58.9403166876318],[-3.29497441910324,58.9363195179326],[-3.2826875887265,58.9323250365392],[-3.27284840484851,58.9357472704964],[-3.26688873416168,58.9237678267611]]],[[[-2.68292009485686,58.8922169465291],[-2.68385526983651,58.8961886525043],[-2.683626527784,58.8992776640273],[-2.6641817999371,58.9015416114796],[-2.68292009485686,58.8922169465291]]],[[[-3.16809507019333,58.8722577820055],[-3.17076049055785,58.8763267035039],[-3.17285532077835,58.8820219027101],[-3.17334206615157,58.8833449346722],[-3.170256511483,58.8820454486474],[-3.15856178177288,58.8771186271733],[-3.16413129785893,58.8736545888207],[-3.16809507019333,58.8722577820055]]],[[[-2.97825990728646,58.850521564973],[-2.98850079657427,58.8526352644957],[-2.96002985897296,58.8597746391253],[-2.96062503032214,58.859100543449],[-2.97825990728646,58.850521564973]]],[[[-3.16236735510028,58.8344111039719],[-3.17748754868035,58.842817440344],[-3.18091535127034,58.8459977698854],[-3.17869060907451,58.8480231518652],[-3.16502318407617,58.8543768808998],[-3.15907833684598,58.8502008388518],[-3.15111146582728,58.8403942106365],[-3.15546894019008,58.8366160446784],[-3.16236735510028,58.8344111039719]]],[[[-3.08001992621812,58.8140972614294],[-3.10097993668985,58.8203283473572],[-3.10159116454134,58.8197373469806],[-3.10216770026113,58.8198880145127],[-3.10361340686563,58.8177818577118],[-3.10710623228971,58.8144037443532],[-3.13885370128285,58.8167562802482],[-3.14269190956124,58.8334146557935],[-3.06990031972423,58.8494283969357],[-3.06771127172834,58.8436264904],[-3.11355641941739,58.8368820378602],[-3.10916059948183,58.8337884684056],[-3.1109529269832,58.8333801407089],[-3.1084980890749,58.8333221627822],[-3.10188184406534,58.8286645001597],[-3.07706437076841,58.8315549357185],[-3.08001992621812,58.8140972614294]]],[[[-3.23016665000257,58.7718432318013],[-3.25001344339832,58.7816296916019],[-3.29698667648184,58.7780655251597],[-3.32221950878101,58.7964199051371],[-3.32844123695507,58.8174857520742],[-3.36999826787244,58.8371976033968],[-3.37924967498305,58.8678708748195],[-3.38893941097481,58.8686312887568],[-3.407362438257,58.8700750634574],[-3.43424734530918,58.8737039354069],[-3.43053014995411,58.8794259435082],[-3.40268311735304,58.9222286197381],[-3.39118346267955,58.9245427401548],[-3.35323880468989,58.9321690605522],[-3.32656183350762,58.9278219027236],[-3.32347224735961,58.9236110718198],[-3.31395564586989,58.9059884545068],[-3.30209109395632,58.9056360865615],[-3.22276327366396,58.8815594773651],[-3.22210339907934,58.8813588495061],[-3.21306909101265,58.8779596367689],[-3.21507984061763,58.8765941684236],[-3.23118682036453,58.8704630162358],[-3.20022165339285,58.8538035866177],[-3.19825041143525,58.8525140722221],[-3.21488810862873,58.8406185577378],[-3.21043378141157,58.8397526083639],[-3.21111533212912,58.8391656633297],[-3.19092982635719,58.835958559422],[-3.20546501659924,58.8268912746174],[-3.19446134664702,58.8257036153196],[-3.17355598331515,58.8221711071744],[-3.20355047330784,58.804696433751],[-3.2464046914498,58.8007760164664],[-3.25931480388116,58.7867945033429],[-3.2362885257795,58.7833633759714],[-3.21628767215227,58.7960625819487],[-3.20899921914113,58.8003656248897],[-3.15259376207174,58.8065011199175],[-3.14711197950471,58.8047749103515],[-3.13910403306465,58.8015231084888],[-3.15388497712893,58.7867524204555],[-3.13344400181351,58.7864822850893],[-3.1337493462766,58.7861212421152],[-3.1881721978733,58.7770344139926],[-3.23152121278089,58.7852259663569],[-3.23013631425037,58.7841041501466],[-3.2319853456912,58.7844202779104],[-3.22254053701837,58.7779497257619],[-3.22024812194164,58.776091791258],[-3.22734083977555,58.7729731241516],[-3.23016665000257,58.7718432318013]]],[[[-3.07066276643758,58.7362551030222],[-3.05030432893323,58.7520101849958],[-3.05314699483761,58.7397137502125],[-3.07066276643758,58.7362551030222]]],[[[-2.9613292575445,58.7300834632239],[-2.96375743857291,58.7350055970889],[-2.9653843359447,58.7413094091974],[-2.9667383998884,58.7410463115177],[-2.96675871977976,58.7410874799828],[-2.96737683574137,58.7408548525461],[-2.97643995309505,58.7387867157382],[-2.99239787629405,58.7538308450359],[-2.97984257620201,58.7610528312669],[-2.97902245834356,58.78591147564],[-2.9802225561759,58.786049464663],[-2.98022301844134,58.7861020994291],[-2.98314487409971,58.7862047410157],[-2.99407738040513,58.7869818015461],[-3.02194588130566,58.8072052637916],[-3.02158087429757,58.8074434944473],[-3.00982834033393,58.8130128891181],[-3.00902448477831,58.8122364899942],[-2.99932619539138,58.7997334548781],[-2.97429234351778,58.8182055205853],[-2.98338166103342,58.8121765588141],[-3.00361471540378,58.8267896552742],[-3.03284041776288,58.8201910864546],[-3.03648726793628,58.8194577886293],[-3.01370825326723,58.8328313114011],[-3.00410693816867,58.8310272838694],[-2.99073556044326,58.8279292117284],[-2.97646512865641,58.8323803721008],[-2.96387273700818,58.8360616026232],[-2.95794376799466,58.8260079064355],[-2.90334077726562,58.8429794536011],[-2.90275462694502,58.8430778665823],[-2.90297482116821,58.8430662735146],[-2.90279545810178,58.8431092580994],[-2.90255056505787,58.8432247751166],[-2.96332230205123,58.849620939697],[-2.93893744900137,58.8607541112586],[-2.93137428148608,58.8594050002984],[-2.91555790629327,58.8554386191179],[-2.91600623317553,58.8566620564584],[-2.91330076025493,58.8561789556845],[-2.92227664006699,58.8737643854903],[-2.92365498995796,58.877521698189],[-2.90942115965568,58.884145140881],[-2.89580407523211,58.8904777717107],[-2.89598263630852,58.8906070880071],[-2.89591851896016,58.8906359460858],[-2.89626897180691,58.8906702175285],[-2.91001147569132,58.8963572652289],[-2.92200294405637,58.893183982018],[-2.93446977202717,58.8943997979795],[-2.93587759885774,58.896073709174],[-2.93321651404556,58.9025414296288],[-2.97269552497984,58.9397866134779],[-2.97297094713461,58.9401131511617],[-2.96896716553232,58.9600633261977],[-2.98347942736216,58.962617607438],[-2.98526521674928,58.9613972082558],[-2.98559504209191,58.9614429451376],[-3.02745268257023,58.9408952082256],[-3.03597553475313,58.9389921546974],[-3.0442389933348,58.9390600571744],[-3.05450021844441,58.9391436390105],[-3.09085055571069,58.9430379347229],[-3.07956211078953,58.9310047037953],[-3.08005695268233,58.9298857023462],[-3.11349056418933,58.9312320471191],[-3.13013324783709,58.9169993745208],[-3.15698172055394,58.9206399801307],[-3.18068460047658,58.9120567022026],[-3.18838696735487,58.9185794241804],[-3.1980527396322,58.913276901807],[-3.22838886200128,58.9346671987133],[-3.22981197105818,58.9658719341793],[-3.25068742790681,58.9829612133011],[-3.26376574259064,58.9624441743305],[-3.28593297451201,58.9609152599359],[-3.29353626237964,58.9680947874884],[-3.30004656379945,58.9501157255831],[-3.35569102782014,58.9647024399247],[-3.36619153014166,59.015246074491],[-3.34785615018854,59.0376254092993],[-3.35571563984212,59.0470604690102],[-3.35666948905432,59.0483698592055],[-3.33431045979771,59.0545718637011],[-3.34575334698498,59.0599701653139],[-3.34934760141973,59.0616652295217],[-3.34679581223668,59.098249225162],[-3.35753808364777,59.1038481831921],[-3.35673449099047,59.1043895734884],[-3.32003046788781,59.1228218055912],[-3.32195448228399,59.1278003968932],[-3.31919627718,59.1296552362875],[-3.32320740023585,59.131041603554],[-3.32511989907813,59.1359878714528],[-3.32393699060083,59.1361926478411],[-3.31221449054433,59.1354660075385],[-3.26846028638943,59.1457815206139],[-3.22763380739223,59.1528196509444],[-3.19828992007821,59.1541189477676],[-3.11268420784226,59.123385073952],[-3.11001382274206,59.1234036644407],[-3.09531009559424,59.1182584890051],[-3.07322071317967,59.123522815563],[-3.0696489124277,59.1136265297881],[-3.04932251504717,59.1063292905463],[-3.04571100894971,59.1050320876798],[-3.04610144197595,59.1048190687142],[-3.04923378854829,59.1034263844666],[-3.0610301366792,59.0981798766949],[-3.05951362267597,59.0974991057267],[-3.06256983406523,59.0958304876614],[-3.04883182923619,59.0902467820653],[-3.00411557202291,59.0720494487216],[-3.00633103435021,59.063050577218],[-3.01228925415099,59.0388259007442],[-3.04745641483208,59.0451458080822],[-3.05831351922445,59.0470945111897],[-3.06530894520653,59.0484587555104],[-3.06493581052348,59.0482825640222],[-3.06558536113264,59.0483990719593],[-3.05331447983556,59.0362008540814],[-3.05416670817968,59.0344342735066],[-3.06107196582773,59.0237696507018],[-3.07638296337074,59.0236544520125],[-3.081134224917,59.0237102204741],[-3.09265740053254,59.0159707718574],[-3.09558231280474,59.0162834383796],[-3.09745062479575,59.0127501359644],[-3.10197593188664,59.0097088055215],[-3.12321666168775,59.0107153390675],[-3.12257359603149,59.0103765948224],[-3.12408049474646,59.0104440024361],[-3.11938331162159,59.0086959235548],[-3.11140158736808,59.0044900413067],[-3.10468205666533,59.0032225525534],[-3.10437580893205,59.0031084974837],[-3.10429100887787,59.0031206388121],[-3.08663908971519,58.9998169588638],[-3.0872779244508,58.9991566890347],[-3.08190607830184,58.9989230769792],[-3.0532629424702,58.9935088151043],[-3.04615093647817,59.002212772945],[-3.04138689392447,59.0080406210738],[-3.04024470670196,59.0088388676273],[-3.00712464445289,59.0101489647959],[-2.97609981664924,58.9934266476352],[-2.96041017005166,58.9847274214539],[-2.96026186645157,58.9848809124861],[-2.95998985327676,58.9847340873255],[-2.94960067735326,58.9959109180752],[-2.93205637550205,59.0140449764219],[-2.9281867860626,59.0069957161027],[-2.9280402695216,59.0063154836254],[-2.9279327687262,59.0063262304233],[-2.92758676008019,59.0059023694272],[-2.91857956739256,59.0072608635505],[-2.90272916772925,59.0088430835485],[-2.90361189757137,59.0077380294596],[-2.91161780085508,59.0055278096724],[-2.90646424323557,59.0041667714606],[-2.91546031958097,58.9928980630577],[-2.91267521328379,58.9926970034831],[-2.91316116799015,58.9922386702867],[-2.90618691049292,58.9922283624077],[-2.89105666381599,58.9911342168209],[-2.90920738283765,58.9852803466088],[-2.91956573169851,58.9825264570455],[-2.91917462567986,58.9653682621663],[-2.88751461241765,58.9601631100335],[-2.88674827165372,58.9607808159623],[-2.88587516991713,58.960641325841],[-2.87641729510527,58.9691054558975],[-2.85585728848123,58.9856581577854],[-2.83725433185446,58.982923890298],[-2.82531495824178,58.9807255334661],[-2.80178682717645,58.9907775036768],[-2.79267206059638,58.9682693849772],[-2.7919222591802,58.9654171078943],[-2.82001113770075,58.9668388454825],[-2.84839282069992,58.9580026277792],[-2.82808431691995,58.9374883383958],[-2.82845579392579,58.9286509262027],[-2.83063543371688,58.924967125077],[-2.84311269714309,58.9260933811378],[-2.82491049693723,58.9206578880411],[-2.81947494921302,58.9274576055943],[-2.81003192462863,58.9285652242615],[-2.80136855191686,58.9285917218841],[-2.80580924085789,58.9226671538594],[-2.78816711241267,58.9156334543723],[-2.77856970694861,58.9270283377708],[-2.79195324654054,58.9269712393987],[-2.78605074015499,58.9402452601391],[-2.80341607498288,58.9471191018909],[-2.72225444624277,58.969098002613],[-2.7078895331177,58.9727675361914],[-2.71918339098316,58.9372623425253],[-2.71187207106766,58.923642352819],[-2.71201763624186,58.9219353471759],[-2.74735371745928,58.9238978815741],[-2.76215324784065,58.913124037591],[-2.77894884081743,58.9141174451323],[-2.78506157582827,58.9146372991557],[-2.78522754222109,58.9144882355815],[-2.78615243286357,58.9145428292155],[-2.79524947936088,58.9054840895898],[-2.81829887071676,58.8847548236299],[-2.82956330931584,58.8746137577803],[-2.84428950597846,58.8845878559113],[-2.85509628914949,58.8919025309788],[-2.88399672111176,58.9002840722022],[-2.89704692637694,58.8955902729328],[-2.89664142193666,58.8954123547058],[-2.89694776410262,58.8953125376698],[-2.89157053846959,58.8931872198677],[-2.88366285125586,58.889716313575],[-2.89144264362824,58.8842705546662],[-2.8984122847763,58.8793900310069],[-2.91330202560303,58.8695378851867],[-2.9122098553135,58.8697230596693],[-2.91306286575393,58.8691251891639],[-2.8853333410619,58.8735586882009],[-2.8860241826037,58.8677234010849],[-2.88857004329243,58.8551123582573],[-2.85788482352894,58.853112555607],[-2.87518142183358,58.8483696732206],[-2.90094175325997,58.8417080077592],[-2.90061273778549,58.8413896135971],[-2.90633598519881,58.8398176895596],[-2.87781213693157,58.8192163926509],[-2.89628763521683,58.8190003885612],[-2.93059285793383,58.794293222068],[-2.92154761163987,58.7837056999996],[-2.93404740668978,58.7720477848824],[-2.93975238912433,58.7672548986103],[-2.90963546454371,58.7540090908475],[-2.91349580461008,58.7476997661705],[-2.92387205343372,58.7332728148605],[-2.9613292575445,58.7300834632239]]],[[[-2.91954562834144,58.6862196097874],[-2.92837751462877,58.6874839303338],[-2.93276872976542,58.6883265668254],[-2.91883071864252,58.6915013268531],[-2.91954562834144,58.6862196097874]]],[[[-3.13872773399589,58.6670008402256],[-3.11571180039019,58.6964298948938],[-3.10060065896494,58.684641377761],[-3.10556487438767,58.6714532169776],[-3.13872773399589,58.6670008402256]]],[[[-4.33657279000789,58.5502765226212],[-4.34653425379596,58.5502144704829],[-4.35034534380192,58.5509654375704],[-4.34902904157109,58.55406134511],[-4.34602338695942,58.5559292502317],[-4.34777303164294,58.5570149119106],[-4.34620515549128,58.5607011701923],[-4.33319343675033,58.5617917638467],[-4.33582845862933,58.5512840938055],[-4.33657279000789,58.5502765226212]]],[[[-4.29637801083868,58.5445065143329],[-4.29702144230587,58.5447474441254],[-4.30401904600634,58.5486204610969],[-4.29937547628075,58.549920303481],[-4.29566788418896,58.5504031186972],[-4.29560167864871,58.5492069555823],[-4.29637801083868,58.5445065143329]]],[[[-5.17181980199761,58.3740884271173],[-5.20317219280685,58.3763101278333],[-5.20673920940055,58.3797929132413],[-5.20326671338313,58.3839928674535],[-5.18072471914743,58.3897964591986],[-5.16670925535625,58.3825330171513],[-5.17181980199761,58.3740884271173]]],[[[-6.8745812565079,58.2599373405512],[-6.87938027765065,58.2604013645777],[-6.88318720153077,58.269965046048],[-6.85905712260117,58.2605368649635],[-6.8745812565079,58.2599373405512]]],[[[-6.93569317704014,58.2281195687031],[-6.95116670223593,58.2388966693749],[-6.94111094981723,58.2402667048794],[-6.93620702332257,58.2409109174119],[-6.93569560715109,58.2299196020017],[-6.93569317704014,58.2281195687031]]],[[[-6.88728447355843,58.2040959667081],[-6.89451049503189,58.2188014134647],[-6.87713753988432,58.2084816603099],[-6.87759585271105,58.2082797203635],[-6.88728447355843,58.2040959667081]]],[[[-6.78357698236152,58.2010390296739],[-6.80433117327999,58.207310355631],[-6.86723830318708,58.2074625409172],[-6.87555297558827,58.2201715300909],[-6.85893691261748,58.2153683692911],[-6.85373106572939,58.2259101963511],[-6.87154193730899,58.2421217269044],[-6.87156623495036,58.2421438310206],[-6.87188855129007,58.2424301461103],[-6.87055611387585,58.2401984655377],[-6.86211590555076,58.2240120344267],[-6.87130246838665,58.2274863825477],[-6.87695190456111,58.2298773001759],[-6.87711896749728,58.230243216026],[-6.88717127575473,58.2549866349708],[-6.88923515734787,58.2600621090263],[-6.8495485971301,58.256814712924],[-6.8493474168495,58.2564308983768],[-6.83961516294155,58.2378527019497],[-6.83688933071654,58.2321261345511],[-6.83393697571115,58.2392539602853],[-6.81858981099646,58.2286265424592],[-6.81883388665012,58.2299226436517],[-6.81790301361692,58.2293451488756],[-6.81753430806454,58.2356863999126],[-6.79821379907057,58.2194671094435],[-6.79537039045527,58.21991000968],[-6.78534057703881,58.2188726449658],[-6.78357698236152,58.2010390296739]]],[[[-6.92169144634939,58.1894656398773],[-6.93379594777544,58.1927216429786],[-6.93043930879588,58.1934723901775],[-6.92289644329396,58.1950312886157],[-6.92169144634939,58.1894656398773]]],[[[-6.44752075445543,58.0995356699448],[-6.44841309249971,58.0997742548521],[-6.44261494678369,58.1040756195061],[-6.43256936382021,58.1070502579282],[-6.4314943985384,58.105734520434],[-6.4370254461505,58.1023692556023],[-6.44752075445543,58.0995356699448]]],[[[-7.11888224949819,58.0732559272718],[-7.1359230631862,58.0751954719179],[-7.12849411431798,58.0859532358927],[-7.1274394420699,58.0857041860588],[-7.11888224949819,58.0732559272718]]],[[[-6.60429769249536,58.0859496212734],[-6.60428874811815,58.0859950632852],[-6.60273103315847,58.0866350198056],[-6.59475188845856,58.0871379912969],[-6.60429769249536,58.0859496212734]]],[[[-6.60942385802011,58.085311134671],[-6.60913731167368,58.0854525029048],[-6.60908507368124,58.0853533384415],[-6.60942385802011,58.085311134671]]],[[[-7.1036373558791,58.0045460794998],[-7.1329037065841,58.0116500499844],[-7.15342757647133,58.0088433247866],[-7.15834418494772,58.0133702550294],[-7.16590921114236,58.0204243564784],[-7.16987537188076,58.0267727969078],[-7.13277742113771,58.0379847349081],[-7.10749876915424,58.0287310147664],[-7.10537831253703,58.016830783587],[-7.1036373558791,58.0045460794998]]],[[[-5.43227253205146,58.0382767035961],[-5.43726512138661,58.0387312402971],[-5.44800597094221,58.0417339982099],[-5.44479621353367,58.0479952837408],[-5.44201394627994,58.0502274707676],[-5.42370274821999,58.0474323907856],[-5.42893990736624,58.0413204793394],[-5.43227253205146,58.0382767035961]]],[[[-6.41224500947184,57.9978760683245],[-6.44414503953397,57.9977503710747],[-6.44394422241943,57.9985450519347],[-6.44172801700957,58.004987171256],[-6.42012942088953,58.0054172026006],[-6.41224500947184,57.9978760683245]]],[[[-6.72377602278122,57.9855218264565],[-6.7407374343809,58.0012765131758],[-6.73886683778978,58.002149046033],[-6.72578395650143,58.0078631990933],[-6.71286832916527,57.9942488805114],[-6.72377602278122,57.9855218264565]]],[[[-5.44756990025293,58.0038819610326],[-5.45824303572646,58.0121195823728],[-5.45450372781314,58.0133121260709],[-5.44599251396125,58.0159068883772],[-5.44003214233796,58.012574137686],[-5.43476793973109,58.0091623556066],[-5.44756990025293,58.0038819610326]]],[[[-5.39721357820263,58.0001735458173],[-5.42172399117206,58.0054030470102],[-5.40924684393264,58.0238370866609],[-5.40897807204326,58.0237229616188],[-5.39746698972316,58.0172476265358],[-5.40136733407064,58.0115560897047],[-5.40348717565491,58.0098567352787],[-5.38671992138637,58.0074179511123],[-5.38492351781844,58.0071565135784],[-5.38660481196632,58.0062014646607],[-5.39721357820263,58.0001735458173]]],[[[-8.48741512470603,57.8637127192417],[-8.49970763588222,57.8669294545279],[-8.49064930781347,57.8766258527903],[-8.48741512470603,57.8637127192417]]],[[[-5.34604978577349,57.9798203574466],[-5.3483464614822,57.9920391511112],[-5.33888403336089,57.9851847209944],[-5.34604978577349,57.9798203574466]]],[[[-5.45304152113547,57.9624517689768],[-5.44668655453502,57.9670199964067],[-5.44076928157865,57.9636658172239],[-5.45304152113547,57.9624517689768]]],[[[-5.51949404216295,57.9546135195985],[-5.52574309835415,57.9610742153629],[-5.5093733913696,57.9680088763101],[-5.49763232818995,57.9575935969224],[-5.51046919873289,57.9558016621597],[-5.51949404216295,57.9546135195985]]],[[[-8.6313237887592,57.8245939283456],[-8.6499958333043,57.8279585277851],[-8.62481412985474,57.8336649612644],[-8.6313237887592,57.8245939283456]]],[[[-5.21258104846992,57.9384461755323],[-5.23319901055929,57.9421256486058],[-5.23457645870016,57.9424752100647],[-5.23937401214181,57.9477879754112],[-5.23800983876058,57.9479691453131],[-5.22808160973091,57.9492871691216],[-5.2164002749509,57.9485187763938],[-5.21055461588033,57.9481338338241],[-5.21046454611589,57.9471650748279],[-5.21258104846992,57.9384461755323]]],[[[-7.07760023188507,57.8752175062663],[-7.08313242278387,57.887429961497],[-7.08598614171162,57.893726077546],[-7.07754643259264,57.8945572793915],[-7.06504339654474,57.8956992633858],[-7.04882741420492,57.8971784370599],[-7.04139814049615,57.912382486812],[-7.00848805893002,57.9216678490383],[-6.98992657417913,57.9093619779785],[-6.98924559761227,57.9073020493439],[-6.99479756454686,57.8931471883906],[-6.9965870501588,57.8931479341869],[-7.00612625513983,57.8844400606125],[-7.01387994481139,57.8809726238343],[-7.01546084395403,57.8815895352196],[-7.03482737500509,57.8893595497083],[-7.04823910512652,57.8947366752255],[-7.05107617372918,57.8887124820193],[-7.05423608109136,57.882000470869],[-7.06276398398506,57.8795254786718],[-7.07760023188507,57.8752175062663]]],[[[-6.32486443819624,57.898342365862],[-6.34288722007873,57.9019406612375],[-6.3355839674083,57.9079822252358],[-6.32486443819624,57.898342365862]]],[[[-8.57611077895836,57.8003496553256],[-8.57955895435059,57.8012597304746],[-8.58494130068697,57.8066538699763],[-8.61023575417562,57.8093498005034],[-8.61222211618425,57.8167229641723],[-8.61524873146423,57.8279529487844],[-8.59848452328998,57.8198151015125],[-8.59337820356293,57.8269551688831],[-8.56516363749292,57.8253891138732],[-8.55832918455587,57.8195331753214],[-8.55001269736329,57.8124041565857],[-8.56809200096505,57.8107540876589],[-8.57045131941315,57.8105707540745],[-8.57611077895836,57.8003496553256]]],[[[-6.74651984872432,57.8710695382721],[-6.74775996015235,57.8792006904898],[-6.73990430789103,57.8741777462813],[-6.744963474156,57.8715316946147],[-6.74651984872432,57.8710695382721]]],[[[-6.35261149653481,57.8800682262719],[-6.35857604382127,57.8948730149699],[-6.37947633316026,57.901941674589],[-6.38129260500159,57.9026200939994],[-6.36211468105961,57.9044635981302],[-6.36098761835743,57.9042781102306],[-6.35261149653481,57.8800682262719]]],[[[-6.6709861667119,57.8497669199548],[-6.6713669192029,57.8598497676589],[-6.68039396002853,57.8595025420288],[-6.68185061431652,57.8594760821109],[-6.68306745986486,57.8593995814411],[-6.67778692575672,57.853284746809],[-6.68818774058435,57.8563181780842],[-6.68397478108847,57.8622606363982],[-6.68367428161421,57.8624013121601],[-6.68374739746063,57.8624397512294],[-6.683569983025,57.862831503181],[-6.69949099370229,57.8712314686984],[-6.69962075672502,57.8707818966516],[-6.70402711110809,57.8632676881495],[-6.71400553534473,57.8750298277012],[-6.7012697112149,57.873214554391],[-6.70164021061402,57.8742335464528],[-6.6924479344261,57.8735209955609],[-6.703277450524,57.8793350801569],[-6.65138519882755,57.8708080710238],[-6.64135122910891,57.8564965746169],[-6.6709861667119,57.8497669199548]]],[[[-5.45917554585734,57.8784482726544],[-5.47823196826826,57.8844588516983],[-5.47740255905292,57.8880175707736],[-5.47259578126098,57.896291523134],[-5.45948793006388,57.8789853465466],[-5.45917554585734,57.8784482726544]]],[[[-7.25673629594013,57.7974717292332],[-7.25818590624485,57.8047496232338],[-7.24527116429525,57.8017446699865],[-7.24857413938901,57.8002789373716],[-7.25673629594013,57.7974717292332]]],[[[-5.60326969085343,57.8213492209409],[-5.63945012942307,57.8331990953127],[-5.6337789572435,57.8478608830732],[-5.60186781739044,57.8301685666523],[-5.60326969085343,57.8213492209409]]],[[[-7.22275753175308,57.760169274211],[-7.24125770709754,57.7597498419564],[-7.2658709193325,57.7735567356716],[-7.26541792028117,57.7740027353583],[-7.22955066183802,57.7854390272291],[-7.21459733789692,57.7847878654314],[-7.2002594490678,57.7725695482528],[-7.22275753175308,57.760169274211]]],[[[-3.92661523049823,57.8417741146218],[-3.96447661967481,57.8518359332522],[-3.9434494287205,57.8526935949582],[-3.92661523049823,57.8417741146218]]],[[[-7.07562973742876,57.7513866726534],[-7.09821618741994,57.7684621761518],[-7.09521504774648,57.76967682723],[-7.08225945093827,57.7736651295923],[-7.07581413112003,57.7523191145128],[-7.07562973742876,57.7513866726534]]],[[[-7.06227088089012,57.7329417722113],[-7.0933302146659,57.7395119031174],[-7.09328125989687,57.73966472007],[-7.08788723602266,57.7488880181366],[-7.07986203483069,57.7442101617404],[-7.06227088089012,57.7329417722113]]],[[[-6.97469807767566,57.7290434860685],[-7.00261061828985,57.7528160913594],[-7.00909186022104,57.7537690239907],[-7.02305719260957,57.7637960054891],[-7.02432980451126,57.7672976090108],[-7.01514039112888,57.7695865488243],[-7.01415368536248,57.7694090920707],[-7.01484714028599,57.7696595782949],[-7.01402129555765,57.7698652337462],[-7.03142078976977,57.775648131353],[-7.0307824240797,57.7724911561393],[-7.03127488697642,57.7686710318111],[-7.04816184002153,57.7755240799367],[-7.05441945944841,57.7780622877203],[-7.08379508275129,57.807003829209],[-7.12034207797701,57.8167529590518],[-7.13359572980903,57.8373422171167],[-7.10533898117435,57.8412747505463],[-7.10195633566107,57.8399868894006],[-7.08171062925259,57.8301304997928],[-7.07595173842718,57.8092634225029],[-7.0543136695702,57.8194291192128],[-6.99830844945003,57.8456977013099],[-6.99285546829689,57.8684975966953],[-6.9836764308803,57.8632398595644],[-6.95772614169502,57.8675405772427],[-6.95133122032075,57.8646491631618],[-6.93914267339312,57.8720201395386],[-6.92038341396293,57.865265280387],[-6.90553206383016,57.8687707041532],[-6.96005269235566,57.8868101202998],[-6.95657840842388,57.8924452818525],[-6.94902920275358,57.904683710906],[-6.94677162370203,57.9051383348865],[-6.94099861141048,57.9028200163495],[-6.91914103394082,57.9106983401401],[-6.91843040359007,57.9108412349768],[-6.87499039148053,57.9004471199052],[-6.87306565153628,57.9007548368987],[-6.87180841681296,57.9004705023567],[-6.8589462330013,57.9030111391172],[-6.84497744753467,57.9052415997107],[-6.81356612579654,57.9008839024622],[-6.81841676060174,57.9025472463318],[-6.86422896427132,57.9225338644828],[-6.86574840167733,57.924219332488],[-6.84267600787356,57.9275829736274],[-6.84299760898864,57.9278353931988],[-6.83959915714212,57.9282150577185],[-6.84945177869146,57.9345503896665],[-6.85150061042606,57.93322351974],[-6.91330933071492,57.9362199188473],[-6.91399909276932,57.9363061496217],[-6.90436139046114,57.9477864313867],[-6.90168091909299,57.9508757110852],[-6.90176816050621,57.9508357899644],[-6.90180318683182,57.9508171971211],[-6.92187989745635,57.9403006393718],[-6.94387472292034,57.9506904045054],[-6.96982283405424,57.9500088750525],[-6.99983704606136,57.9655583539325],[-7.00802988224617,57.9638927897482],[-6.99547666640486,57.9543223141978],[-7.02274110697416,57.9522690770224],[-7.05622044200767,57.961716909662],[-7.05848724506145,57.9705156525408],[-7.07524373643143,57.9678396046444],[-7.07880341922191,57.967270780911],[-7.07994853249753,57.9671204333833],[-7.0902237223311,57.99490628919],[-7.09166642765905,57.9939556233788],[-7.11413124354923,57.9886801686125],[-7.11369441739324,57.9889399964909],[-7.09241968785919,57.9995013086108],[-7.0916785027608,58.0010484352406],[-7.09097484397207,58.0014352415433],[-7.0901359043211,58.0042679829707],[-7.08263568992288,58.0199136274337],[-7.08234139206994,58.0205272774837],[-7.05606105904389,58.008791812914],[-7.05461706394359,58.0107983823696],[-7.05242936659888,58.0100237614716],[-7.03127965271112,58.0294607770805],[-7.01965809810177,58.0330641696645],[-6.94032052677344,58.0459844402186],[-6.90664941783182,58.0491165310148],[-6.92251869422937,58.0488754857614],[-6.90933675264219,58.0510143569268],[-6.97936711608333,58.0479957238789],[-6.9814632799561,58.047962797518],[-7.03894850173116,58.0337421133025],[-7.06164746400733,58.0409501447558],[-7.06168364261378,58.0413700925711],[-7.02135162733445,58.0539361213212],[-7.02079413278665,58.0540433194093],[-7.05141589022496,58.0550846226469],[-7.05913434691196,58.0553783191822],[-7.0236826650981,58.0697411051252],[-7.0205047800782,58.0710275526458],[-7.02479964661029,58.0743095113562],[-7.02895008161924,58.0807342030079],[-7.03185879425977,58.0797021509557],[-7.03366089610505,58.0810784833723],[-7.06612755715725,58.0680558258161],[-7.06955009903551,58.0666819947324],[-7.06730789043498,58.0613486625023],[-7.07262110118607,58.0620744654585],[-7.08327295356621,58.0659176994749],[-7.07805252825017,58.0675799838956],[-7.07761792896718,58.0677183535079],[-7.0896240791066,58.0689834309001],[-7.09265986136966,58.0693031220243],[-7.10146015703573,58.072475744111],[-7.10475187755437,58.0839355944625],[-7.10981986942614,58.1098626667564],[-7.11261559414561,58.1112794539036],[-7.11339226852508,58.113977591953],[-7.12843806195618,58.1192944111035],[-7.13544864792299,58.1228438382413],[-7.12949507295705,58.1378807334862],[-7.12686691280243,58.1386414899],[-7.11742526175239,58.1372377371583],[-7.11000791740713,58.1435195165902],[-7.10863591136351,58.1439163417742],[-7.11617062752519,58.1505775703728],[-7.10144066559262,58.1515874263268],[-7.09418738230389,58.1590143438671],[-7.0927718319529,58.1595060886201],[-7.0930869284095,58.1601410641712],[-7.08935036167133,58.1639662277619],[-7.10454381276351,58.1833364292561],[-7.08410954126344,58.1892834874045],[-7.05926250509828,58.1807310219894],[-7.05922355491976,58.1808873351667],[-7.05694382569736,58.1801168867707],[-7.05308422793088,58.185442571955],[-7.04287390215172,58.1709889238004],[-7.03740925178104,58.1837622883304],[-7.01817620925475,58.1840420280877],[-7.03138370133011,58.2007168043051],[-7.04222333573175,58.188119680057],[-7.05924517764904,58.1936162284677],[-7.06475205195105,58.196455570857],[-7.04882300882749,58.232469352883],[-7.02470110875903,58.2440418541489],[-7.02419664405156,58.2442808355523],[-7.02668697062918,58.2322829135575],[-6.9945895744313,58.2331312436743],[-6.99269160775858,58.2320663208714],[-6.97621442231303,58.2202200351271],[-6.9745435428329,58.2218788745491],[-6.97001534169315,58.2193356154625],[-6.95856741978693,58.2345699758666],[-6.95539270485685,58.2323205878211],[-6.94208350929024,58.2188909277124],[-6.93465113283829,58.217615315809],[-6.93447931751325,58.2174934360608],[-6.93077970961896,58.2169506674077],[-6.90855873258506,58.2131330525123],[-6.90960434130076,58.2088376392849],[-6.91118791058123,58.2033829015479],[-6.91254487483723,58.2034092886019],[-6.94395633978086,58.2042800776241],[-6.94519695701747,58.1987144262591],[-6.96199690951754,58.2031732156814],[-6.96274197932038,58.2034127253102],[-6.96259509066306,58.203338091622],[-6.9626772031608,58.2033607227436],[-6.93332765687606,58.1861635068563],[-6.89319488710514,58.1870782411996],[-6.89231900609783,58.1587712377449],[-6.88985615527611,58.1551028733329],[-6.88934875146651,58.1502124891199],[-6.86885792534753,58.1237923034872],[-6.86362701656847,58.1159829650816],[-6.8643761572771,58.1180077793438],[-6.85889534579626,58.1109309457547],[-6.86824521256591,58.1284612595842],[-6.883462568806,58.1695107733186],[-6.88204383735715,58.1728065931057],[-6.87254077582671,58.1727136660584],[-6.87069283682534,58.1717930896859],[-6.87118602361231,58.1727003619001],[-6.86913732241996,58.172680212368],[-6.87571820149708,58.1866081751946],[-6.86170891350555,58.1823608875154],[-6.85913050151636,58.1811813305608],[-6.86071284060506,58.1877130420547],[-6.86063436365688,58.1876908908562],[-6.85525037425785,58.1961178824652],[-6.84769807182266,58.1984954370251],[-6.84185212537774,58.1967904871291],[-6.82858018124792,58.2043991107925],[-6.82622810103307,58.2042156255001],[-6.79017675523022,58.196305687085],[-6.78274275693949,58.1896692606599],[-6.78199127504903,58.1897369903691],[-6.78208750588732,58.1878313010749],[-6.78100372256252,58.1898259904287],[-6.77148731575876,58.1906832134934],[-6.76612440244063,58.1890725153939],[-6.758829672529,58.1868810085766],[-6.74978789160851,58.1921578439301],[-6.73414444948413,58.1663253099474],[-6.73267247775904,58.1754695926714],[-6.71547467437131,58.1693659014523],[-6.7247889569184,58.1822244401662],[-6.71411671026191,58.1836747159523],[-6.70682803369943,58.1841056604896],[-6.70771695156165,58.1845450746648],[-6.73510125656009,58.1979362335186],[-6.73760512026446,58.1911139204054],[-6.73915547602439,58.1916403620006],[-6.73966696999011,58.1958666886536],[-6.74924935752046,58.1950670063256],[-6.75999155831321,58.1987121131634],[-6.76063338563882,58.1995342900872],[-6.75872391456095,58.2045455630757],[-6.75087130711391,58.2078810796851],[-6.73671227845012,58.2048395142656],[-6.73988521960136,58.2133117967082],[-6.74673611827781,58.214428449497],[-6.7723428094329,58.2353382093042],[-6.7736303519171,58.2363887718753],[-6.77422134256091,58.2363356159142],[-6.77584319656284,58.2383046816851],[-6.77700275214352,58.2360854037151],[-6.78615635022323,58.235261511082],[-6.78899026150436,58.2360661680446],[-6.80120435896219,58.246209826786],[-6.78911107309844,58.2485096596572],[-6.79290800423762,58.2491960570916],[-6.79166506581115,58.2496433591602],[-6.80916310253396,58.2533177314881],[-6.81127160508718,58.2578732612507],[-6.81773472598979,58.271829229507],[-6.78644199847062,58.2789066524597],[-6.77838409236339,58.2801402605709],[-6.77678026340252,58.2803857247998],[-6.77841844472824,58.2803946488486],[-6.77982324904138,58.2804022860075],[-6.77846103561216,58.2807100460335],[-6.77227456075691,58.2821074898595],[-6.77863135958416,58.2819712746749],[-6.82525872061207,58.280962602042],[-6.81090873567533,58.288668625237],[-6.79535967883123,58.2966871294097],[-6.80220726498022,58.3024687516765],[-6.8042936355906,58.3043673130484],[-6.78180079748422,58.3054171168041],[-6.75769732710017,58.3065376393275],[-6.75544619476014,58.3060959402533],[-6.74683232069682,58.3124128648677],[-6.710343878736,58.3341001866489],[-6.70627745788435,58.3356922607542],[-6.69512333236802,58.3338522280025],[-6.68896941978242,58.3311356041681],[-6.68672171003469,58.3324654990057],[-6.686627528541,58.3324499509701],[-6.68619868465284,58.3328666321204],[-6.6534473401198,58.3533112960589],[-6.65028947365892,58.3538554999055],[-6.6395254491645,58.3435334782342],[-6.639252102123,58.343245582715],[-6.62602357844518,58.3478558465116],[-6.61979279689577,58.346164222737],[-6.58233346095298,58.3634713241915],[-6.54713539941225,58.3650744255361],[-6.51922450618312,58.3970947142979],[-6.49707307802254,58.3982409650455],[-6.45490135537796,58.423263831587],[-6.43586207626788,58.4345450192063],[-6.37285010710264,58.453522722286],[-6.35458194324407,58.4590151605483],[-6.33326860431599,58.4785607301366],[-6.30789004938021,58.4767580461697],[-6.27151487470553,58.4988008397582],[-6.28197554503848,58.5108586725659],[-6.26180948272969,58.5158770777566],[-6.22401532644707,58.5015813487562],[-6.2232835872075,58.5012752719938],[-6.22678671755041,58.4892844137732],[-6.18099588402045,58.4668758157035],[-6.18644566481633,58.4597558526876],[-6.19638314760264,58.4467650636773],[-6.16710128852782,58.429940248668],[-6.16819506850761,58.4173158510866],[-6.18964842147298,58.4086479272627],[-6.21851571669211,58.3682003016728],[-6.16223051804442,58.3426058574566],[-6.19443549140372,58.339467175261],[-6.19594580808162,58.3385992567778],[-6.19845269427811,58.3383055758822],[-6.21381272398524,58.3283273313422],[-6.2330919183786,58.3172341109038],[-6.23388660629228,58.3152757639326],[-6.24674676614257,58.3069077853768],[-6.24235092565336,58.2956688591133],[-6.24398026306982,58.2954635009586],[-6.27659672880701,58.2940453477917],[-6.28185398496968,58.2872037244429],[-6.28109960148099,58.276772447678],[-6.28068180993692,58.2709916706473],[-6.28101409863261,58.2699309479483],[-6.31863570379704,58.2699962726905],[-6.32839239229601,58.2616240760421],[-6.31910979111055,58.2443927375277],[-6.34885719554664,58.2292605936612],[-6.34622631001619,58.235268677827],[-6.36373480088163,58.2378765245852],[-6.36180346107987,58.2269998230217],[-6.37898138320317,58.225019511647],[-6.35894735996497,58.2169353024829],[-6.33468459259321,58.2224482950554],[-6.33776718119955,58.227753600815],[-6.31530247004874,58.2188595168365],[-6.30365576312083,58.211012466252],[-6.29084376616855,58.209166250931],[-6.28473712964472,58.2067445405951],[-6.22447063202899,58.227328891623],[-6.20330482916973,58.2474285492508],[-6.17232102336318,58.2513899446468],[-6.16394040423989,58.2585588871448],[-6.15739723837124,58.2637769279636],[-6.13566923417948,58.2589931014404],[-6.16518434036486,58.2285818552478],[-6.15366496892262,58.2209202016145],[-6.15680131374558,58.218790091194],[-6.17890764137273,58.2038599882952],[-6.17942740111502,58.2037559348359],[-6.20776059607316,58.1989234725474],[-6.20722264385948,58.1931539817332],[-6.20738645752978,58.1890019244417],[-6.22693044043462,58.1846072191897],[-6.24847603347551,58.1801083428333],[-6.29022026790615,58.205904442905],[-6.29340743887899,58.2050322371455],[-6.32146017369339,58.2012690950939],[-6.32169436965795,58.1972858973155],[-6.32877782755875,58.1953446110696],[-6.329513745484,58.195976696194],[-6.33076336348238,58.1948003490753],[-6.35292089609685,58.1887235000459],[-6.35366743676036,58.1901595963451],[-6.35997681851757,58.2036037618111],[-6.3869577054125,58.2063552497742],[-6.39169931902264,58.2069028977121],[-6.38810242650225,58.2136059295534],[-6.38754646029957,58.2146246476209],[-6.39687151795404,58.2060904651061],[-6.39427372687073,58.202605004537],[-6.39625878286075,58.1990518026104],[-6.38433995578176,58.1888533669205],[-6.37156019414611,58.1909028207486],[-6.38405031778191,58.1818313909086],[-6.38769338911736,58.1794543281099],[-6.36749267986322,58.1527712269812],[-6.37718153456513,58.150159337209],[-6.40875273910586,58.141749762146],[-6.42016526980244,58.1462361702857],[-6.42389765929312,58.1476640612016],[-6.42408682814644,58.1477388879859],[-6.42405800254475,58.1476922507613],[-6.42347465104536,58.1375679163818],[-6.41917349026752,58.1382468216393],[-6.41830635023073,58.1383836737676],[-6.41749089670728,58.1370634966153],[-6.37060275399175,58.1427143989847],[-6.36935726395168,58.1425269959954],[-6.37054132769966,58.1314008623346],[-6.37122806007347,58.1312937826992],[-6.39986538499213,58.1344292496655],[-6.40094864838014,58.1349171013248],[-6.40480580638228,58.1337826976898],[-6.41814046103884,58.1299250434826],[-6.42207318670375,58.1287869050562],[-6.4929470128679,58.1429846064952],[-6.4859932251467,58.1407473253038],[-6.49478233236052,58.142418673201],[-6.46711285879003,58.1346116208723],[-6.46819877221853,58.1270291090277],[-6.46826752644016,58.1266308090285],[-6.46828291010915,58.1264414913241],[-6.45820265813013,58.1307252598241],[-6.4443809351914,58.1236498372413],[-6.44798990578659,58.1291587710936],[-6.42876599763783,58.1257151147437],[-6.45799190734111,58.1053479184215],[-6.45962763224216,58.1050138813433],[-6.49816588155667,58.1005709028353],[-6.51024344372585,58.1029802634635],[-6.51737085075172,58.0983520662948],[-6.53077786403495,58.0968012171388],[-6.54117283924703,58.0995807332111],[-6.53274787026874,58.0965732089833],[-6.63480764326693,58.084715312079],[-6.63451164883279,58.0845302527092],[-6.62412777136603,58.0780364613986],[-6.60976104353058,58.0851446054398],[-6.60902170119981,58.0852315252023],[-6.60570249025583,58.0788115426019],[-6.60436147249114,58.0856255944416],[-6.60433050458279,58.0857829244201],[-6.59053039044164,58.0874038896849],[-6.57804600369556,58.0881775864872],[-6.57572665318312,58.0870069516749],[-6.57536361660162,58.0866725345546],[-6.56711052845227,58.0790680233604],[-6.56604589223366,58.0821195102247],[-6.56540526174882,58.0817960057726],[-6.56335257791913,58.0871043131203],[-6.56313141922125,58.0876761435722],[-6.55725938515161,58.0873229694569],[-6.52699608927794,58.085498351818],[-6.52624081814461,58.0854423086956],[-6.52388435965409,58.086629958417],[-6.51981612205775,58.0886591431529],[-6.5091870105234,58.0939591256405],[-6.4797858457897,58.0900759973393],[-6.47279324618675,58.0891513260783],[-6.47134741052019,58.0903732871638],[-6.46556955591001,58.095255518165],[-6.43210250739519,58.0897272345262],[-6.42972562736909,58.0918300303484],[-6.42374199134733,58.0973484333533],[-6.43525584196802,58.100492104374],[-6.41523015227067,58.1064567170837],[-6.39978488605912,58.1110535810288],[-6.39800176652871,58.1077743671064],[-6.39702921396535,58.1035945918408],[-6.39634267314724,58.1047226489586],[-6.393795262455,58.1000358640756],[-6.39486156713844,58.0995654164871],[-6.40315434909974,58.0989940514295],[-6.39901792762535,58.0977314547773],[-6.40009462869297,58.097256316232],[-6.38503180992575,58.0933791907069],[-6.38346435257602,58.0929755799074],[-6.38408109426154,58.0929336310877],[-6.39873278625521,58.0922762486043],[-6.39864836955565,58.0919419645322],[-6.40066166312726,58.0918047733932],[-6.39701640228207,58.0844171638237],[-6.38306061340736,58.0905802474413],[-6.37878148395884,58.0924027936744],[-6.38122772164088,58.0790977704245],[-6.37415035745486,58.0775736927448],[-6.36890261036659,58.0763921257292],[-6.3812442012334,58.0678817627864],[-6.36746317996342,58.0647155782269],[-6.37373555775801,58.0486627119422],[-6.40809443152349,58.0487462051851],[-6.43997075446894,58.0488154000628],[-6.40764426211779,58.0450971891972],[-6.36337498780703,58.0399906455296],[-6.3583071055739,58.039393012447],[-6.38845936101517,57.9999991239938],[-6.40266944124958,58.0047185866951],[-6.4114954842947,58.0076484557338],[-6.43843189130259,58.0170675822131],[-6.44959020163881,58.0058810140654],[-6.45968212287561,58.0198072967673],[-6.46373325427065,58.0159055333638],[-6.46747848968839,58.018271439617],[-6.46984218004216,58.010020067639],[-6.47046510642593,58.0094198064084],[-6.49986590524428,58.0165934437189],[-6.49994647043073,58.0166132987553],[-6.49957687107888,58.0163881818194],[-6.49067917619764,58.008940409641],[-6.50429665305021,58.0079971191375],[-6.52374251760471,58.0140521661521],[-6.52819851719614,58.0163322303323],[-6.52601439560545,58.0063710546553],[-6.52591700174735,58.0055438168983],[-6.53244022671733,58.0052854893234],[-6.5708460017016,58.0044958532578],[-6.5608229287802,58.004157557731],[-6.58010687714873,58.0033875591833],[-6.47576445869283,58.001254482829],[-6.47479408900723,58.0012210343937],[-6.4724864567213,58.0000492288011],[-6.45112571462143,57.9886872740661],[-6.4488920691465,57.9656405160648],[-6.46836294783455,57.9613048886372],[-6.47188874096164,57.9375128668775],[-6.48636929888495,57.9388518609376],[-6.50180562495897,57.9403941640524],[-6.51927195578955,57.926938295092],[-6.54911265555876,57.9580886263552],[-6.54034825416839,57.9164714589845],[-6.56603315318861,57.9197536900251],[-6.56408836791291,57.9144945979945],[-6.57300747455045,57.9246111751551],[-6.57707032864264,57.9104691640278],[-6.58232442108338,57.9150454718602],[-6.6095514826595,57.9470283458275],[-6.6091067504401,57.9498318710228],[-6.64609097755748,57.9640992994768],[-6.60633955560075,57.9172565703589],[-6.62386366952554,57.9168344269005],[-6.63376835680643,57.9280266306043],[-6.63332367028247,57.9263560315114],[-6.63413832872859,57.9271757160286],[-6.63226461309329,57.9223766729577],[-6.63212651826337,57.9218577152951],[-6.64453664086725,57.9246148495196],[-6.64490881987716,57.9242737659803],[-6.64691446252835,57.9220645896101],[-6.6510006510028,57.9176811535129],[-6.70210438402368,57.9604208052469],[-6.71244171499524,58.0112544540806],[-6.68076256635082,58.032317028294],[-6.66425824672486,58.042520238307],[-6.66501150891485,58.0531000098162],[-6.63283178985245,58.0547157483522],[-6.62169846854953,58.0468956526101],[-6.59265483314069,58.0521660357556],[-6.58796065140903,58.0530003842852],[-6.5866487753743,58.0532549070751],[-6.6951127070858,58.0581717942086],[-6.67770918996125,58.0551336088738],[-6.67138087310496,58.0537548001145],[-6.6720866595428,58.0444895294596],[-6.6953427284417,58.0303366847302],[-6.72403659544278,58.0133532635331],[-6.74203262738903,58.0084677041559],[-6.76057000168402,58.0034311642816],[-6.7568838965794,57.9926696386228],[-6.73964544911311,57.990449543007],[-6.7384397535681,57.9902941655656],[-6.72913948102611,57.9750243832112],[-6.72155040990315,57.9620059476135],[-6.72281555243508,57.9568513753027],[-6.72389736010048,57.9530927998311],[-6.70634821741769,57.9530505348681],[-6.7043865690029,57.9511882358332],[-6.67379770076904,57.9172581248561],[-6.71378753873754,57.9157441263335],[-6.71232147540712,57.9152133173409],[-6.71264243951276,57.9151975184202],[-6.69715606047371,57.9097205117001],[-6.67865261856235,57.9030139215837],[-6.67013555814907,57.8999251328907],[-6.66967144041219,57.8982786013768],[-6.66551049131579,57.8822922558587],[-6.69736581680115,57.8806266154554],[-6.72558911164583,57.8839182891718],[-6.74454968495929,57.8861257537263],[-6.7733242285512,57.8994782035452],[-6.80297155190874,57.8975742241621],[-6.79040755070537,57.8840975237687],[-6.78984323836354,57.880847669552],[-6.79299824829361,57.881015670244],[-6.80154556882741,57.8855119631712],[-6.8119039121039,57.882020663178],[-6.8128823353501,57.8820725938401],[-6.80391693870143,57.8672010129809],[-6.77407038664057,57.8674977577274],[-6.75559185790446,57.8426364903775],[-6.75063436648289,57.842354980966],[-6.73672654359717,57.8273055006692],[-6.73659559370772,57.8268512038425],[-6.75067527526979,57.8220595931938],[-6.75516576450887,57.8299733398029],[-6.75704907105539,57.8269421080992],[-6.75945359981122,57.8287972904555],[-6.76048359607412,57.8214614270287],[-6.76536766861548,57.8338201703109],[-6.76705759317964,57.8315127747018],[-6.77299076803103,57.8257942440895],[-6.79787099839336,57.8344183116101],[-6.79780262268463,57.8340356305142],[-6.79160253282803,57.8048120907779],[-6.80686245187362,57.8155845549576],[-6.81196275425706,57.8095100797192],[-6.81629863900007,57.8107124545785],[-6.82362428501102,57.8128058139934],[-6.82382908161737,57.8130029193083],[-6.84478134196991,57.8344908149655],[-6.84732989357028,57.8271205403911],[-6.84837492521575,57.8275373367603],[-6.86275499192886,57.8336396645606],[-6.86127509611799,57.832680907659],[-6.86282711229349,57.8332995401389],[-6.83358304093014,57.8146772127241],[-6.84624928595751,57.8027813235231],[-6.84886915477211,57.8069564765588],[-6.85307079398394,57.8136599469196],[-6.85309182373987,57.8136839271636],[-6.85400588538409,57.8123672329522],[-6.857711274943,57.8073472505457],[-6.8618365322054,57.8115505558791],[-6.86312273858056,57.8128957596881],[-6.85603026627122,57.7986457995611],[-6.87083776899473,57.7978929652857],[-6.86943405012386,57.7977234307948],[-6.87130927322278,57.7976166251833],[-6.86209001926178,57.7948045290158],[-6.8623459679689,57.794738663666],[-6.88365669735103,57.8005321169738],[-6.88148388949882,57.7951737971272],[-6.88303722971252,57.7955998988912],[-6.87284938179674,57.77386353239],[-6.92248673465072,57.7824620439368],[-6.92074856769346,57.7811077603269],[-6.92289800913789,57.7814323624403],[-6.92039926507076,57.7808355872097],[-6.91430633544055,57.7760871987368],[-6.92082517946976,57.7749832623299],[-6.89925451789424,57.7643501781221],[-6.89905568545215,57.7641950718356],[-6.929480402188,57.7594891585081],[-6.9305982084138,57.7624357885776],[-6.9326296453605,57.7590015691194],[-6.93706251070375,57.7583150871333],[-6.94460171113854,57.7387490664851],[-6.97877355463251,57.7436384603895],[-6.96574094526342,57.7304364945989],[-6.96529868591003,57.7298956310467],[-6.97469807767566,57.7290434860685]]],[[[-7.27974402297192,57.6999988492133],[-7.29934901690319,57.7071592971838],[-7.29312019280978,57.7193055070864],[-7.29231370395518,57.7195486551584],[-7.27519776131831,57.7154459469092],[-7.27974402297192,57.6999988492133]]],[[[-7.18287384275345,57.7030030545692],[-7.18350723545927,57.7034016956498],[-7.19378450123755,57.70986830231],[-7.19788740277781,57.704144257305],[-7.22818178024709,57.707231437487],[-7.19963595828525,57.7345242042331],[-7.16498815215399,57.7386943537319],[-7.14420737157704,57.729398501354],[-7.14581623750267,57.726660539744],[-7.15285718387595,57.7173602354434],[-7.17265160009174,57.7193124804135],[-7.16620822618892,57.7115114823758],[-7.17098609531218,57.7090728239705],[-7.17561375274129,57.7097610966784],[-7.18151093292037,57.703699098665],[-7.18196961122129,57.7034648531765],[-7.18287384275345,57.7030030545692]]],[[[-7.02481152233285,57.699835774512],[-7.02504355844834,57.6998981679747],[-7.03814518872032,57.7037611926495],[-7.04086170134874,57.7045618815135],[-7.03836290418716,57.7053239330704],[-7.03329188076302,57.7068701833371],[-7.02481152233285,57.699835774512]]],[[[-6.29333329164014,57.7222202020661],[-6.29513644706455,57.722631876282],[-6.30577969274028,57.7253911645589],[-6.2984825271963,57.7289260103021],[-6.2957982491585,57.7256655386307],[-6.29333329164014,57.7222202020661]]],[[[-5.8011761964294,57.7265173582954],[-5.82241789228348,57.7305702445903],[-5.82026949763205,57.7367263941055],[-5.78975648076094,57.7367572187947],[-5.8011761964294,57.7265173582954]]],[[[-7.3881171755851,57.6577798862899],[-7.39043137410794,57.6586969432335],[-7.38564827297922,57.6597214704014],[-7.3881171755851,57.6577798862899]]],[[[-7.1079997674914,57.6691780298817],[-7.10325354366725,57.6736164023454],[-7.09730608055595,57.6704599196491],[-7.09661019510972,57.6699628637342],[-7.1079997674914,57.6691780298817]]],[[[-7.39324775956913,57.6537443154613],[-7.39832457860448,57.6598653878913],[-7.41363288332526,57.655527498499],[-7.43721560623928,57.6602415124909],[-7.4393364203217,57.6611924307991],[-7.42399718820513,57.6643757288069],[-7.38277164844914,57.668529529698],[-7.37613023181882,57.6678305626641],[-7.39204112017815,57.6588903739957],[-7.38839530841385,57.6575611414436],[-7.39324775956913,57.6537443154613]]],[[[-7.2836799529852,57.6548762868112],[-7.30984082819883,57.6609562674901],[-7.3063554715533,57.6627959493868],[-7.2878682717581,57.6678892696536],[-7.2836799529852,57.6548762868112]]],[[[-7.29155040658163,57.6518917205931],[-7.2951829400727,57.6535836734144],[-7.29245097497154,57.6532891954683],[-7.29155040658163,57.6518917205931]]],[[[-7.09119908686591,57.6598947955924],[-7.10245208958259,57.663526495297],[-7.09865326532277,57.6659728927639],[-7.09609061024242,57.6674391444736],[-7.09465847137773,57.665835309844],[-7.09119908686591,57.6598947955924]]],[[[-7.10038694780507,57.6514335961818],[-7.12061598715493,57.6596503976147],[-7.115908779203,57.6623004210368],[-7.10038694780507,57.6514335961818]]],[[[-7.04726286086794,57.6502282732772],[-7.04778414774066,57.6503411276388],[-7.05898850183533,57.6540642439888],[-7.05330581564271,57.6612301940827],[-7.05044912564652,57.6577442370699],[-7.04726286086794,57.6502282732772]]],[[[-7.67790348232784,57.5203804803619],[-7.64595504753028,57.535202245419],[-7.64550578809117,57.5348699772914],[-7.64007873102785,57.5247553932742],[-7.67790348232784,57.5203804803619]]],[[[-7.6204727611185,57.5121538596233],[-7.62311506325188,57.5196173874093],[-7.62247538236296,57.5267214237173],[-7.6220072814049,57.526923558543],[-7.60647411599847,57.5331606739212],[-7.60574743718224,57.5329414786863],[-7.6025450003863,57.5230980588138],[-7.6067345782136,57.5187790742815],[-7.6204727611185,57.5121538596233]]],[[[-7.62393728737882,57.5104824928847],[-7.62387392608216,57.5111865657171],[-7.62065758792082,57.512064701734],[-7.62393728737882,57.5104824928847]]],[[[-7.15191015347602,57.4962304631133],[-7.15512978344626,57.4968595042193],[-7.15823244610522,57.5033556914333],[-7.15759355279393,57.503255929102],[-7.14361416288274,57.5008833578162],[-7.14399313286244,57.5005637658278],[-7.15191015347602,57.4962304631133]]],[[[-6.63848683322214,57.5115997693425],[-6.64045880111887,57.5116349932167],[-6.64982234726982,57.5142060726038],[-6.64723863732151,57.5247965292372],[-6.63848683322214,57.5115997693425]]],[[[-7.20623258777507,57.4760248098079],[-7.23026755079048,57.4794221603408],[-7.23026025932615,57.4841874220794],[-7.23192446776371,57.4834369863838],[-7.23272193720681,57.4854734914354],[-7.24555276719799,57.4788295183494],[-7.24613892741291,57.4789600790369],[-7.26946632323946,57.4928832771992],[-7.26948419995316,57.4927989630911],[-7.26954684465187,57.4928866002785],[-7.2722626012058,57.4861154486581],[-7.27762650305378,57.4873298366154],[-7.29205770702524,57.4906104451902],[-7.30396730636337,57.504103760914],[-7.28314701823891,57.5046626566823],[-7.27686527326264,57.5048304219946],[-7.27885384719122,57.504873405792],[-7.30515623670884,57.5054593890373],[-7.29130547384342,57.5115677150496],[-7.291354868288,57.5115624266156],[-7.29144424013162,57.5115527027705],[-7.32589811543149,57.5089996553825],[-7.32754810276447,57.517426169568],[-7.32897140569513,57.5246913063336],[-7.32226567380676,57.5249138005269],[-7.31876327149308,57.5250216345911],[-7.34609254325274,57.5416855548122],[-7.32979315315916,57.5270103852868],[-7.32938620891859,57.5265788929263],[-7.34087053701391,57.5168614067008],[-7.34607760250332,57.5124534427288],[-7.35822680602024,57.5021638685868],[-7.37272350858871,57.5155048250915],[-7.39757927788087,57.5383513873713],[-7.39722749253003,57.5509194952851],[-7.38941013419085,57.5540872012401],[-7.39717392668976,57.5528332668491],[-7.39699391589843,57.5592646750781],[-7.39981310910937,57.5573803551623],[-7.39999818065558,57.5590421461555],[-7.41105679052763,57.5506682430597],[-7.43713349082738,57.5689851416306],[-7.41630384817931,57.572468273903],[-7.39811968900282,57.5632754650337],[-7.38577272346684,57.5570201018025],[-7.38564662232835,57.5570106431365],[-7.35226361192515,57.5545584663604],[-7.32957399390734,57.5528865081929],[-7.35229971339042,57.554803986813],[-7.35947354643828,57.5554083315488],[-7.35232412255251,57.5549699824912],[-7.33995908371323,57.5542107896875],[-7.35234865031255,57.5551367938558],[-7.38498170062978,57.5575695227338],[-7.41649613468986,57.5733362692017],[-7.41850326718747,57.5828853006808],[-7.44183306726179,57.5877822875671],[-7.42974722205238,57.5784069261918],[-7.44335825934351,57.5702868449522],[-7.44514750442263,57.5700208931558],[-7.48321448908707,57.5681315026807],[-7.49388809995662,57.5824353890747],[-7.48272730722466,57.5906311105868],[-7.4975129725665,57.5944660722503],[-7.49086950276909,57.5854902526735],[-7.50421802336817,57.5832308537646],[-7.54806014281464,57.6050429906311],[-7.54552150768296,57.6061695327344],[-7.53397086805748,57.6086052437355],[-7.53092314993288,57.6025375265865],[-7.52052615395603,57.6046064064678],[-7.51736631220535,57.6121042834272],[-7.51659681883524,57.6122663685558],[-7.51711016639165,57.6127119546356],[-7.51433164759478,57.6193023649894],[-7.52634597997278,57.6223174733353],[-7.52466473794571,57.6228317294179],[-7.50011236697557,57.6272867943732],[-7.50097259762368,57.6300747742542],[-7.49906002786337,57.630659159753],[-7.50345470330455,57.638116531802],[-7.50358412465978,57.638535732695],[-7.48568487744056,57.6506388764454],[-7.4946690426174,57.6592162365174],[-7.49236244046413,57.6599979918655],[-7.47608099678691,57.661256949306],[-7.4609182789717,57.6579679285032],[-7.44949834393407,57.6631543501846],[-7.40925649531697,57.6432132104645],[-7.41290543059748,57.6374139161035],[-7.38265055569257,57.6308573433341],[-7.37590370193796,57.658788303484],[-7.36797996849382,57.661013891094],[-7.33966581637227,57.6689604551645],[-7.34490880020757,57.6807611666642],[-7.34145743707738,57.6822911593056],[-7.32390903655113,57.6868728653611],[-7.3213244165085,57.6912117779888],[-7.31484407963945,57.6940815165505],[-7.30990655901512,57.6875207579364],[-7.31031728099331,57.6863427722014],[-7.32351873192688,57.6791916477504],[-7.32097885764037,57.6741964085257],[-7.33718963736317,57.6581035137597],[-7.29859743440761,57.6539516310295],[-7.29116424844082,57.6512924568509],[-7.28415470777042,57.6404107757138],[-7.28690255146749,57.652514083989],[-7.268563018808,57.6475161502088],[-7.25380113613236,57.6526276891645],[-7.26374635468454,57.6559788660718],[-7.246442069581,57.6533442926462],[-7.2782753599507,57.6642875154296],[-7.26174980449626,57.6679157137969],[-7.26084004053833,57.6677027032375],[-7.26008697262906,57.6682806248187],[-7.24325499038381,57.6719727957204],[-7.22365912287265,57.6888210953478],[-7.22084493722892,57.6887997714838],[-7.20805092884968,57.6829748548705],[-7.19314599039494,57.6968132006522],[-7.19352724839364,57.6913400123872],[-7.19415361576459,57.6906955228664],[-7.19358628668255,57.6904924034068],[-7.19364265575774,57.6896830834552],[-7.1559929472149,57.6766407361116],[-7.16105733113326,57.6645026840828],[-7.17345777294779,57.6695060499265],[-7.16684405170229,57.6615501820664],[-7.16749560366898,57.6613769732776],[-7.16502301048456,57.6593588904205],[-7.16443830973348,57.6586552448872],[-7.19256019907774,57.6575009693785],[-7.18509707726363,57.6519810455538],[-7.18448253282652,57.6519645283449],[-7.13468196595255,57.6505922770128],[-7.13782924180215,57.639343039485],[-7.10000205961414,57.6487626177123],[-7.10451556761439,57.6506292522568],[-7.09967129652694,57.6508767854706],[-7.09960837869668,57.6508882929279],[-7.0936134004517,57.6467578877933],[-7.080731543873,57.6482382229031],[-7.06441290822586,57.6412341308958],[-7.06311739023321,57.6403036613688],[-7.09485709819214,57.6125616153683],[-7.10034770930041,57.6079110822583],[-7.13247322050226,57.6255623237436],[-7.11679538330422,57.6313004827634],[-7.11660812805529,57.6313645060573],[-7.11453476175892,57.6321302711066],[-7.1438977323186,57.6276172124292],[-7.15697495584543,57.6311519840126],[-7.1663166666407,57.6330236376384],[-7.15541917407054,57.6259292900449],[-7.15940251659202,57.619983998637],[-7.19443246234354,57.635906821795],[-7.19728545616702,57.6372035384276],[-7.19683045646084,57.6371555100205],[-7.16894631672043,57.6342085683434],[-7.16995490906711,57.6350523388491],[-7.17533155014455,57.6396440216025],[-7.16724837506908,57.6374754865206],[-7.165591456982,57.6370054575168],[-7.1648767016877,57.6440599497071],[-7.21747151158491,57.6409910384588],[-7.21277140506385,57.6394073040293],[-7.2191181029546,57.6389072617319],[-7.21879158671115,57.6388069444809],[-7.21885121633916,57.6388013580606],[-7.18885484399893,57.6310391649297],[-7.1986662064394,57.6213218348633],[-7.20012041584335,57.6200714652283],[-7.19988277079383,57.6201165104822],[-7.20124357591211,57.618768173176],[-7.18207185128762,57.6165066135869],[-7.18340331878759,57.616158264113],[-7.15276292304622,57.6130355312453],[-7.15554198823195,57.6096508379863],[-7.15611107594433,57.6090607091548],[-7.18233396555546,57.6114960588127],[-7.15615090563835,57.6090194068631],[-7.16302802095055,57.6018863955548],[-7.15504021031855,57.596989143639],[-7.18227223130014,57.5929938053521],[-7.18167734016366,57.5930308725936],[-7.1822265619105,57.5929588125902],[-7.17839853834842,57.593266547126],[-7.1574546539947,57.594636372914],[-7.16310543648943,57.5875259824572],[-7.1514706727233,57.5862341127578],[-7.10188404453689,57.5934744550819],[-7.1104195585098,57.5781536947354],[-7.11766235867797,57.566183707454],[-7.15281066084652,57.5587272199609],[-7.16934360231556,57.5620630171323],[-7.17386533488106,57.5653633193384],[-7.18743186595982,57.5661505982923],[-7.18108646252876,57.5596785309736],[-7.18049102014215,57.5588150292231],[-7.20286977749318,57.5617532130714],[-7.2591075487804,57.5536781502519],[-7.26855341787067,57.5603291491553],[-7.24928826847162,57.5591733350229],[-7.24846354619428,57.5591023882767],[-7.25629578641779,57.573985089393],[-7.25409680282166,57.5641342970152],[-7.28578638876148,57.5629893492126],[-7.28907958817689,57.5628763459372],[-7.28903906690286,57.5628582214746],[-7.27099719948449,57.554738239181],[-7.28033105309162,57.5542688274853],[-7.29939067676967,57.5533084334611],[-7.29979167942823,57.5532879598288],[-7.27536715455932,57.5522536673485],[-7.16546675988842,57.5473701277225],[-7.16572341975439,57.5545444935021],[-7.13513194842247,57.5540634797905],[-7.14387393280163,57.5250667379177],[-7.14648618218498,57.5163937910865],[-7.16950063622161,57.5132505477445],[-7.168690241762,57.5132228176745],[-7.15563299617287,57.5111352151295],[-7.17681464746847,57.5083563412161],[-7.22422573065947,57.5184950938521],[-7.19660328337807,57.5068211323293],[-7.23143165579888,57.5132031289896],[-7.23615013701378,57.5140718564391],[-7.23485922660576,57.5134998179371],[-7.22172293802818,57.507610724137],[-7.24952361696124,57.5061673910909],[-7.27093951995675,57.5151194856154],[-7.27629879544209,57.5177311967254],[-7.27231132226651,57.5156926373104],[-7.27758089929219,57.517894009311],[-7.25934113276925,57.5049605106337],[-7.26287685408576,57.5023565977264],[-7.26282240458907,57.5023530261288],[-7.24756311194838,57.5034307037298],[-7.22341558904089,57.501787318352],[-7.22041087088389,57.4989402547097],[-7.20623258777507,57.4760248098079]]],[[[-5.97832140372491,57.5144902977232],[-5.99788918679494,57.5275383832235],[-5.98044299200733,57.5404406790679],[-5.99391196881039,57.5357885089487],[-6.00111135725674,57.5427356389619],[-5.99601494161604,57.5441671626449],[-5.97990213889963,57.5467123607672],[-5.98065383260159,57.5484800240054],[-5.97635196667951,57.549687328184],[-5.98843128675622,57.56675787044],[-5.98850906116573,57.5669405465652],[-5.98948348326309,57.5692291146068],[-5.98308914104925,57.5747308107252],[-5.98198173725335,57.5753504496376],[-5.97504638768209,57.5711330209192],[-5.97878673126466,57.5771380157811],[-5.96623193375669,57.5718691557985],[-5.96678366574665,57.5732074952129],[-5.96546089495813,57.5727025907331],[-5.96727004431335,57.580319264794],[-5.95384845015189,57.5684860542889],[-5.95405769268441,57.5680250439989],[-5.97832140372491,57.5144902977232]]],[[[-7.18056553342169,57.4688518777843],[-7.19173247883354,57.4780056651183],[-7.18897224103343,57.4841230222159],[-7.20551095839757,57.489292273814],[-7.20721990082548,57.490691540775],[-7.20432835515698,57.4977296930955],[-7.2040725955421,57.4981632017107],[-7.18010913185068,57.4919292906573],[-7.17728111330127,57.4910968777726],[-7.17813195850832,57.4913919244777],[-7.1769917160171,57.4911178206486],[-7.19205357427613,57.5009031087675],[-7.18688884949615,57.5023547037413],[-7.16914366860505,57.5021256956088],[-7.16060193622971,57.494676754447],[-7.16023925233652,57.4942964813441],[-7.16584233603523,57.4917267357747],[-7.1705840432624,57.4919481877695],[-7.16842340392794,57.4905427770505],[-7.17526184241069,57.4874053070032],[-7.15804758624424,57.4837078361031],[-7.1742426814166,57.4813375178056],[-7.17027992175644,57.4754121720181],[-7.17937271252098,57.469312076963],[-7.18056553342169,57.4688518777843]]],[[[-5.99258840907166,57.5064499547903],[-6.00886194754419,57.5121736143079],[-6.01047008958382,57.5127390093838],[-6.01302076785244,57.5137853486229],[-6.00912316849357,57.514549603521],[-6.00302055403393,57.5157459181058],[-5.99549918468241,57.5093020521955],[-5.99258840907166,57.5064499547903]]],[[[-7.26046066483543,57.3970887295656],[-7.26124474250517,57.3972516105878],[-7.28269578329965,57.4017164247589],[-7.28521447736072,57.4022279045311],[-7.30595430250308,57.3964432887803],[-7.33156195226147,57.4131760433233],[-7.34426486455687,57.4214705167565],[-7.35250780729584,57.4191089154367],[-7.39255087703322,57.4241058248494],[-7.39553019041432,57.4320746318981],[-7.39391129362232,57.4334508426593],[-7.39701160944429,57.4360355902035],[-7.40487855560499,57.4570539736507],[-7.40231030384873,57.4596914647119],[-7.40621022385457,57.4606092471887],[-7.40984917221777,57.4703207157734],[-7.37903119627777,57.4747145904244],[-7.36762037526966,57.4917520708722],[-7.34360613279961,57.4955975592052],[-7.33715441621983,57.4966297826491],[-7.33679511430148,57.4964872926161],[-7.33451423347121,57.4950676180614],[-7.3330902429095,57.4927589862967],[-7.32877213886246,57.4914929135533],[-7.30916312492326,57.4792779669861],[-7.25823854902757,57.4796400095401],[-7.26235239903491,57.4727474034401],[-7.26610637390876,57.4664526642456],[-7.25983985447027,57.466697077649],[-7.25433058871917,57.471612254078],[-7.24684265164319,57.4748939132264],[-7.24112331604808,57.4689482310191],[-7.23962803786663,57.464799983599],[-7.23863039238261,57.466355936877],[-7.23687595930329,57.4645313079683],[-7.23456467907859,57.4726955319578],[-7.21997906471049,57.467407940257],[-7.20682407745892,57.4572576904609],[-7.23550844749501,57.4613992000173],[-7.24111644855985,57.4509702289389],[-7.21839333138689,57.4461596908964],[-7.2424501064328,57.4468605653709],[-7.24998803154516,57.4539679048898],[-7.25003163368774,57.4539996892353],[-7.25026535391263,57.4396552156557],[-7.26493084498403,57.4509289223177],[-7.26326410468798,57.4399393443206],[-7.27539751433127,57.4389087048666],[-7.27511725359324,57.4388484011116],[-7.28357314768971,57.4380694289131],[-7.24790017514859,57.4293425529891],[-7.2328290240268,57.4297397194888],[-7.23273116583915,57.4297186615725],[-7.23305163935415,57.4298612632876],[-7.24485024299822,57.4379105450652],[-7.2159993314486,57.4362722198467],[-7.20475930294281,57.4294585451211],[-7.20193852557517,57.4242888119542],[-7.22420857969985,57.4265818537205],[-7.20613171952443,57.4159115574163],[-7.20576906374109,57.41566191771],[-7.23462983075189,57.4136947334393],[-7.23515298151216,57.4136589112038],[-7.1972699353393,57.41338303566],[-7.24158400131201,57.4106478564451],[-7.23773070370751,57.407170057651],[-7.22872028467441,57.3990242695063],[-7.31374976616708,57.4178847495086],[-7.26808022781161,57.4076238203738],[-7.26415820012647,57.4022020316203],[-7.26046066483543,57.3970887295656]]],[[[-7.21934042023566,57.3888825421959],[-7.21980179752038,57.3889603414382],[-7.23369532987415,57.3915084995559],[-7.23312235969256,57.3922629522219],[-7.21766318242323,57.4051437306352],[-7.18985818075594,57.4106854067101],[-7.18984456467307,57.4100464848259],[-7.19702491236923,57.401623016747],[-7.1897032073861,57.4034099670889],[-7.18953562588664,57.3955348487332],[-7.20298603784345,57.3925339340494],[-7.21891003087281,57.3902099060579],[-7.21635994721016,57.3895481931192],[-7.21934042023566,57.3888825421959]]],[[[-6.49246379357329,57.3304115635119],[-6.51318372369871,57.3312830615712],[-6.4928251857935,57.3449120829905],[-6.49224455949316,57.3446646790998],[-6.49220943686636,57.3307931344822],[-6.49246379357329,57.3304115635119]]],[[[-6.05026873848663,57.3283824845843],[-6.06700043397983,57.3336733483302],[-6.0660024619236,57.3460349068278],[-6.07626168494418,57.3482980792952],[-6.07737789600138,57.3502757447793],[-6.08267952266869,57.3497132743315],[-6.08803324319822,57.3508934844019],[-6.07423255784824,57.3803157383478],[-6.07527037812543,57.3843242292762],[-6.08486121158509,57.4213213693339],[-6.05663508307247,57.4597601093551],[-6.01782988426122,57.4546097797723],[-6.01131474904719,57.4650951331597],[-6.02944420157884,57.4694354271542],[-6.01920170062723,57.4729319387631],[-6.03041865619871,57.4920892780171],[-6.01998774183036,57.4799249202554],[-5.99334525895845,57.4929843125507],[-5.99206965610386,57.4936127000982],[-5.99001076290334,57.5045944201299],[-5.97839010772007,57.4945850996114],[-5.9830281667799,57.4794627871683],[-6.00304951098763,57.459175621774],[-6.03234615269997,57.4294448501171],[-6.01865334488865,57.3888351957285],[-6.01498918477263,57.386263312329],[-5.99343726908495,57.3711261628333],[-5.99306757539197,57.3708663624073],[-5.99297356959897,57.3668656280331],[-5.99276981352825,57.3581882440776],[-6.02113603757471,57.3333388684664],[-6.05026873848663,57.3283824845843]]],[[[-5.82161837266172,57.3344854845425],[-5.84550008657953,57.3350290495249],[-5.85476569349481,57.3573357711338],[-5.8412395374466,57.338247892063],[-5.83529640358245,57.3513183564456],[-5.82161837266172,57.3344854845425]]],[[[-5.89100516707004,57.3056037876002],[-5.89286560714202,57.3152044594804],[-5.88335270888605,57.3097271724698],[-5.89100516707004,57.3056037876002]]],[[[-5.49949390706752,57.2926686902548],[-5.49814031368811,57.2940689875223],[-5.49911954261701,57.2927435866096],[-5.49949390706752,57.2926686902548]]],[[[-5.9803576637724,57.273838041837],[-5.98303978166591,57.2753098380939],[-6.00730577082608,57.2886175698306],[-6.01678680263355,57.2983919293501],[-6.02241979083304,57.3058079202956],[-6.01623482798299,57.3203663927538],[-6.01112427175861,57.3219484094526],[-5.99837636209307,57.3249138824884],[-5.98845804981764,57.3239987011291],[-5.98831095373498,57.3239598259458],[-5.92611424662532,57.3074991712312],[-5.92898563456235,57.2809461306255],[-5.9803576637724,57.273838041837]]],[[[-5.86448071650469,57.2684769267897],[-5.86996396250105,57.2776994794692],[-5.85925433809449,57.2813455738537],[-5.84771011631575,57.2742050796686],[-5.86448071650469,57.2684769267897]]],[[[-7.31737674932224,57.1422016074794],[-7.32593931699358,57.1497689933742],[-7.29979814772011,57.1430736386059],[-7.31737674932224,57.1422016074794]]],[[[-7.22937576711533,57.0959261518684],[-7.23302168909906,57.0966887181172],[-7.27970406967949,57.1081361878219],[-7.2834450686817,57.1072208043345],[-7.28753399311341,57.1080737046555],[-7.30157381338761,57.1110009145645],[-7.31748209853476,57.098885124143],[-7.32336263705409,57.1054820142982],[-7.37348850631352,57.1039114649842],[-7.39176080319801,57.113544131609],[-7.40529791477225,57.1372178932826],[-7.40468295993634,57.1376296164839],[-7.40613195332386,57.138675391019],[-7.41241299758137,57.1496474997464],[-7.4131117568587,57.1537912922919],[-7.41337467356694,57.1553501552378],[-7.40895595309885,57.1604047809157],[-7.416198103915,57.1720804127832],[-7.42389519390177,57.2175968958141],[-7.43549300862758,57.2365044377141],[-7.45821309160793,57.2408938644638],[-7.43011400897575,57.2462072071096],[-7.42952890784187,57.248601195168],[-7.42947982608597,57.2486134775358],[-7.42949891359959,57.2489402467839],[-7.42273891869753,57.2789535370949],[-7.4209005363118,57.2798643506704],[-7.42241288967802,57.2803999765345],[-7.42055776754983,57.2886283803411],[-7.39670052165487,57.3014604335376],[-7.3883484259799,57.2977941807647],[-7.39969077469302,57.3076079091902],[-7.40178878213057,57.3342702665965],[-7.40211783904049,57.3384470388653],[-7.40242899924429,57.3467645784744],[-7.40281593665343,57.3473037572229],[-7.40376189256759,57.3592957068049],[-7.42953329361835,57.3880454245763],[-7.42876458711994,57.3882558821949],[-7.41240866039415,57.3871600316771],[-7.40372805293257,57.395106568389],[-7.39199935996083,57.3983133059748],[-7.37801620991694,57.3952991843804],[-7.38495051290901,57.3923552927029],[-7.34042149944477,57.4026234221176],[-7.32893301995361,57.3951346619614],[-7.31776395541314,57.3878500414738],[-7.2965836045032,57.38649816986],[-7.27950547339915,57.3817399300538],[-7.27916319381362,57.3816440738902],[-7.26729488135561,57.374001692069],[-7.30045719695735,57.371946344465],[-7.24375864385177,57.354093933135],[-7.24103653706587,57.3526513558821],[-7.24187368574344,57.3499062948271],[-7.27044106447017,57.3497793040143],[-7.27366285623981,57.3500517242075],[-7.27007541435129,57.3446899252175],[-7.26459532914996,57.3442441830547],[-7.26102084103629,57.3418007140237],[-7.25420484228701,57.3433983357768],[-7.23385440320074,57.3417390317255],[-7.22075295805074,57.3490200737033],[-7.22086754957975,57.3487911252269],[-7.22616598394599,57.34170825971],[-7.22754923025368,57.3398586942882],[-7.23627335550278,57.3410217281682],[-7.23084135256025,57.3356646961418],[-7.26500283124505,57.3329373953903],[-7.26391911518294,57.3291016425493],[-7.26373982727072,57.3280905067822],[-7.29408743168775,57.3371424489548],[-7.27184847764979,57.3230374783324],[-7.23657321933858,57.3238438295178],[-7.22804478719336,57.3238822401465],[-7.22056234441957,57.3007783977657],[-7.19869304244517,57.3063525200743],[-7.1920862992316,57.2986066165109],[-7.20156861080644,57.2834820522662],[-7.20326581932847,57.2809170671245],[-7.20949364178742,57.2812346036284],[-7.22713066207998,57.282210872512],[-7.25314502445646,57.2603636515614],[-7.25301298771918,57.2602085655496],[-7.25085240568893,57.2578484124155],[-7.2426638191695,57.2488614233026],[-7.26691385364144,57.2248152958174],[-7.26759438225894,57.2241448996541],[-7.27723828266082,57.2244536515175],[-7.30279338379732,57.2256342268012],[-7.30132889480118,57.2331769694006],[-7.3009474095244,57.2339562363792],[-7.29892598990418,57.2332562665651],[-7.28748872415059,57.2279002048931],[-7.29192684816147,57.2308321704768],[-7.2832296344035,57.2278189535094],[-7.30595194449618,57.2395694824329],[-7.30628065435276,57.2387357754771],[-7.30712231652684,57.2366009104703],[-7.33407839738116,57.230715619024],[-7.33542582763978,57.2305799363391],[-7.34450741248996,57.2428851628365],[-7.34547625402055,57.239845876669],[-7.34862518985139,57.2428939138915],[-7.34803158518374,57.2372498763538],[-7.36298831161569,57.2458124842694],[-7.35892650493627,57.2396114585128],[-7.36356585840902,57.2437136951092],[-7.35559180134562,57.2345187453488],[-7.34961178152018,57.2253823785201],[-7.31848659299124,57.2232760454998],[-7.32011622822417,57.2243095163769],[-7.30918423709415,57.2296436477222],[-7.30857629033526,57.2297394079565],[-7.30371993916858,57.2209577917774],[-7.30074867546395,57.215582645539],[-7.29994056458931,57.2155844615696],[-7.29980335762192,57.2153526484876],[-7.26761780011789,57.2108444139074],[-7.26184031840837,57.2073249239789],[-7.2634411332112,57.2020828634305],[-7.26698628860113,57.1933404222453],[-7.26481100597561,57.1920475141591],[-7.24478220524521,57.1642673126919],[-7.24462299138136,57.1636635246916],[-7.24955968722574,57.1607600115249],[-7.26462684984737,57.1518943368616],[-7.27350215432126,57.1509176900783],[-7.29444424701203,57.1563697977071],[-7.30270210447932,57.1585182506712],[-7.30859305390306,57.1600504342686],[-7.30858619961406,57.1592366904233],[-7.32121119564921,57.1640967838872],[-7.31044879573219,57.1581894310079],[-7.3085686950441,57.1571571777166],[-7.30851703734501,57.1510116489315],[-7.29323103959617,57.1479008900018],[-7.29082551556056,57.1474111435496],[-7.29065410897545,57.1473169552345],[-7.29319420937988,57.1476438106392],[-7.32159134131954,57.1512941061271],[-7.326258763353,57.1560587662029],[-7.3286069411671,57.1584943037305],[-7.32853628274254,57.1583794424623],[-7.32797667750632,57.1574450074085],[-7.32644565568634,57.1550714218123],[-7.32378929383207,57.1508634973161],[-7.32730715674752,57.1511611706627],[-7.35594768476786,57.1536952782222],[-7.35559794926675,57.1535962755319],[-7.35597387445488,57.1536402811082],[-7.33461564115536,57.1367920052387],[-7.33483844774009,57.1365573293154],[-7.33439711344987,57.1366202949073],[-7.3334737264738,57.1358947140224],[-7.29232339958413,57.1415642192493],[-7.28489772579747,57.1425856892894],[-7.25566033498082,57.1376710664468],[-7.24630586337011,57.1357812709997],[-7.24399390571035,57.118835380645],[-7.24119763852738,57.1207030826075],[-7.24086268838791,57.1195605601804],[-7.23435225281609,57.1252742656871],[-7.23265801303598,57.1264054120555],[-7.21185610754475,57.1174480490637],[-7.21549635212878,57.110608304799],[-7.22028293686211,57.1109637776545],[-7.23002288931071,57.1116865227177],[-7.21859060796578,57.1105838742534],[-7.23399966119819,57.1040785532429],[-7.22937576711533,57.0959261518684]]],[[[-6.23241498477923,57.1315059689848],[-6.25595593935721,57.1495461563525],[-6.22718058207226,57.1579984982507],[-6.21465995676984,57.1528358710666],[-6.22137811798532,57.1586348708794],[-6.20568235108485,57.1659975083398],[-6.18341844861069,57.1627771984995],[-6.1823652122919,57.1525875457293],[-6.21024013864826,57.1507857247467],[-6.20894688534027,57.147885405556],[-6.20401559446424,57.1360314876736],[-6.21496312686629,57.1331986339048],[-6.23241498477923,57.1315059689848]]],[[[-5.79359357400616,57.1435488847709],[-5.79152597720868,57.1469705813278],[-5.78735057400091,57.1493170102214],[-5.78159427873113,57.1459464080594],[-5.79359357400616,57.1435488847709]]],[[[-7.45051035972466,57.0635240596455],[-7.44739327765252,57.0657556516657],[-7.44261788705189,57.0685019134512],[-7.43619970153489,57.0656963368158],[-7.43532965859381,57.0652274086261],[-7.45051035972466,57.0635240596455]]],[[[-7.29230363101952,57.0524979197339],[-7.30990557199543,57.0612287657035],[-7.31669764188176,57.093047489959],[-7.31722959761807,57.0959494063382],[-7.3074473431609,57.0902733350924],[-7.31009490005097,57.0894830140756],[-7.30211710687677,57.08717914902],[-7.29993310101375,57.0859111221624],[-7.28472265523993,57.0883744047436],[-7.26983386935327,57.0907834909552],[-7.26867402679463,57.0909230161204],[-7.27779198034351,57.0678088186132],[-7.28177293605586,57.0676862265812],[-7.29937892012414,57.0671425320495],[-7.29906846494745,57.0670404492463],[-7.29894770890962,57.0670127569706],[-7.29908816950571,57.0670153833099],[-7.29154671665366,57.065315196305],[-7.28108729138958,57.0628738486912],[-7.27778922150792,57.0621037932126],[-7.28070287204387,57.0601749724817],[-7.29208722242175,57.0526360860307],[-7.29230363101952,57.0524979197339]]],[[[-7.39530006499521,57.0429010903086],[-7.39842527885462,57.0449619455941],[-7.40091141645485,57.0499740977482],[-7.38990241881333,57.0619289557309],[-7.38943151009777,57.0621833525837],[-7.37134890360422,57.052045838476],[-7.39530006499521,57.0429010903086]]],[[[-7.32419434804361,57.0156426306026],[-7.334482375926,57.0175076260298],[-7.34412652587425,57.0206909442348],[-7.3355304238214,57.023108975822],[-7.32460844188876,57.0259121461675],[-7.32419434804361,57.0156426306026]]],[[[-6.58454002210246,57.044941138],[-6.6051712194224,57.046090833673],[-6.60792356286525,57.0476387880642],[-6.59754600018939,57.0583321323081],[-6.5924077903489,57.0606325085656],[-6.57394022219925,57.0630075185121],[-6.56009144450105,57.062684134194],[-6.55900919352678,57.0649255169932],[-6.52465107144412,57.0693315910308],[-6.49395985646049,57.0683187890827],[-6.48836867746255,57.0671521966264],[-6.48810643409623,57.0579103989723],[-6.48854674891852,57.0560038505546],[-6.49791496875108,57.0559080337781],[-6.54969194042423,57.0581204405533],[-6.55765515539124,57.0533950958636],[-6.58454002210246,57.044941138]]],[[[-6.46539927678655,57.0442910694268],[-6.48972098714239,57.0490592443511],[-6.51119696421237,57.0441213112721],[-6.51309799001221,57.0522185864715],[-6.49725021903949,57.0554479987285],[-6.46539927678655,57.0442910694268]]],[[[-7.32992329014617,57.0061663515053],[-7.3622014632978,57.0122216863106],[-7.36036902955572,57.0134033835561],[-7.35016909770585,57.0187449972338],[-7.33626839629683,57.0104982292962],[-7.33131175681872,57.0138793050441],[-7.33007068777114,57.0135167438432],[-7.32992329014617,57.0061663515053]]],[[[-7.35771583012346,56.9940558811761],[-7.35064838857121,56.9994584872389],[-7.35024714535897,56.9992664598957],[-7.34683410049834,56.9948445976414],[-7.35771583012346,56.9940558811761]]],[[[-7.3618052425434,56.9918868768852],[-7.37711546603848,57.0002228395139],[-7.36798266058822,57.0004813625792],[-7.36575232858106,57.0003872542029],[-7.3618052425434,56.9918868768852]]],[[[-7.40682093464342,56.9878953134017],[-7.41827984837594,56.9909512038241],[-7.40686513269517,56.9881992502812],[-7.40682093464342,56.9878953134017]]],[[[-6.01754626257929,57.0186334248532],[-6.0182311361921,57.0198931253526],[-6.01789842627005,57.0264893736101],[-6.01765648930772,57.03128517043],[-6.02927427612242,57.0401922928803],[-6.03598129189213,57.0525093385975],[-6.02395982581732,57.0704792666052],[-5.99947476624931,57.073921916284],[-6.00817035096824,57.0901052971554],[-5.99999962203825,57.104012118192],[-5.98498749992855,57.1073863592137],[-6.00504479940226,57.1147670864917],[-5.99775586575016,57.1241107885427],[-5.97532070089653,57.1303397943307],[-5.96924685590521,57.139710206126],[-5.96848167103584,57.1401204735658],[-5.96577464405989,57.1415717764772],[-5.94002335951558,57.1464992968393],[-5.92007516149787,57.1618517824745],[-5.87383689214777,57.1704933033294],[-5.86641700239442,57.1713692537343],[-5.83802451348945,57.1897550674858],[-5.87797775463152,57.1760921140566],[-5.89758957960524,57.1796682377702],[-5.90133346424346,57.1720129678624],[-5.91874766210348,57.1736547668098],[-5.93539849602138,57.1760104454775],[-5.9718152604552,57.171190414898],[-5.99167680393843,57.1685566249435],[-6.00293281653941,57.1996108855716],[-6.01126458756987,57.2065422272678],[-6.03688358689875,57.227834626269],[-6.03322034257106,57.205837819515],[-6.02968247063149,57.184563003826],[-6.03657233719714,57.1824715700165],[-6.04994838378201,57.1805858723192],[-6.04975057896412,57.1757619409562],[-6.07386330357092,57.1384278389158],[-6.08377712026037,57.1267505093714],[-6.1087200761974,57.1355567256089],[-6.11266695465731,57.1372117712508],[-6.10194941101918,57.1701115015634],[-6.1107234355459,57.1801731936993],[-6.11032457886537,57.1863291680888],[-6.11903413110016,57.1896977663532],[-6.12338835152863,57.194685690209],[-6.13069972405723,57.1843732880811],[-6.15886537921205,57.1950449093984],[-6.16496154743518,57.1986751246451],[-6.16529603990258,57.1974796391463],[-6.16812859325101,57.1985518737062],[-6.17405761664557,57.1745445321933],[-6.18561348889336,57.175322374268],[-6.20967556567632,57.1778059761359],[-6.30199424704795,57.1633340744252],[-6.32231171291454,57.1601385166999],[-6.30325737445339,57.1741849559569],[-6.28660751048245,57.1864479942433],[-6.28537087930602,57.1968438793354],[-6.28471154781748,57.1974936452428],[-6.28445628118523,57.19774520235],[-6.28525075672413,57.197853457204],[-6.284833901828,57.2013566028671],[-6.29375119964337,57.2051568655629],[-6.30612866683436,57.1988248137723],[-6.31045569911824,57.1966104098162],[-6.31819224786236,57.1926501288369],[-6.3353152412095,57.1866601661556],[-6.34345297804928,57.1860974810904],[-6.35125910426933,57.1885381371439],[-6.35930046788275,57.1949210659803],[-6.37147970896273,57.2045831685694],[-6.38386946348426,57.2227322062778],[-6.38196010590242,57.2255362521322],[-6.35295947930816,57.2283955333552],[-6.35243597916482,57.2296826709495],[-6.34921194387691,57.2299421232155],[-6.34315885601254,57.2529577777616],[-6.35422126630324,57.2401141619594],[-6.3601427601208,57.2362048484478],[-6.40500686047017,57.2322392766252],[-6.45149133309582,57.2624275322642],[-6.45856739563529,57.2862652024183],[-6.47381410994527,57.2896972074052],[-6.48188501744536,57.2923088432963],[-6.482783222021,57.3109793429642],[-6.4782275547835,57.3125952314904],[-6.4334428075883,57.3250133079459],[-6.42685424235553,57.3230651870608],[-6.4306242312873,57.3393499963486],[-6.43065390344992,57.3399847316628],[-6.43028388245609,57.3398717051592],[-6.36760033494943,57.3135547748427],[-6.34777307401269,57.2999215355347],[-6.3347502351429,57.2997348679508],[-6.33080839839122,57.2980752338248],[-6.33276178871153,57.2997062463809],[-6.31790819028501,57.2994914418707],[-6.30620707233337,57.299320991551],[-6.3181395753475,57.3014626425905],[-6.33944184476782,57.3052825090761],[-6.34546372257972,57.3103074893126],[-6.35530230761601,57.3237184523596],[-6.40263586132508,57.3398807261243],[-6.40298346648919,57.3414625807539],[-6.40293032078168,57.3550379818601],[-6.38359912833722,57.3639744507742],[-6.43186923665352,57.3478650828153],[-6.44639082885345,57.3473018013632],[-6.44931240990447,57.3420358644316],[-6.45780124882553,57.3391975142041],[-6.45452324328228,57.3598859589111],[-6.47301166465726,57.364126063113],[-6.47986089800898,57.3666321161793],[-6.47552925279729,57.3707080115767],[-6.46780687196817,57.3779718662658],[-6.48589831110469,57.3805148631522],[-6.48622189587949,57.3831826738716],[-6.48262913418862,57.3956294789422],[-6.48836910619672,57.4008741056102],[-6.48871086886812,57.4036880463544],[-6.49004835157377,57.402408088356],[-6.49206583850137,57.4042508491822],[-6.49407312340141,57.398555811478],[-6.52418182114705,57.3697082968104],[-6.52463488892119,57.3694293323606],[-6.5165547335404,57.3932087394098],[-6.53840481896721,57.4134661342827],[-6.53517496529145,57.398371929193],[-6.54196185728749,57.39321211131],[-6.54218959508486,57.3972552600433],[-6.5521566157701,57.3854580437155],[-6.57297990697965,57.3884914352666],[-6.56897997688006,57.3673437020757],[-6.5635552689854,57.3386188251443],[-6.58212552233246,57.3330044154506],[-6.62464506806198,57.3508250659647],[-6.65051669011967,57.356523599415],[-6.65624559359974,57.3579059056211],[-6.65654118091809,57.3578495360371],[-6.6576509941758,57.3580937531346],[-6.68096405564891,57.3632208116451],[-6.69163882403883,57.3655664880882],[-6.70180178045546,57.3710914834119],[-6.71401898898646,57.3704803545969],[-6.71947763393037,57.3716780590085],[-6.73468298207832,57.3853841796442],[-6.7389254925663,57.3893247886734],[-6.72913587212053,57.3953068046697],[-6.74312246374003,57.4176194155505],[-6.76722869719324,57.4289326610918],[-6.78965218567123,57.4210411257436],[-6.78017598794275,57.4577775793446],[-6.73845741710918,57.4522875196466],[-6.71997627164026,57.449736444668],[-6.74295194215657,57.4646007732915],[-6.7495349959457,57.4836479030087],[-6.74812445422088,57.5000911055239],[-6.71667291511076,57.5137557363016],[-6.71544859064471,57.5126406768274],[-6.6722757426162,57.4728495832031],[-6.63967634651033,57.4427343020501],[-6.61995859103398,57.4319915923732],[-6.61407966725073,57.4412119218763],[-6.60375210831236,57.4459739868806],[-6.60178323383207,57.445576586929],[-6.59690186148884,57.4416799159257],[-6.58493660217073,57.4214533686642],[-6.58186874975075,57.4319334694122],[-6.57386324187991,57.4301677845578],[-6.59518565961672,57.451809856797],[-6.59644086720166,57.4542035384478],[-6.59776325408576,57.4544240494069],[-6.60391220138093,57.4606585036712],[-6.61058191559166,57.456560717412],[-6.62147933774193,57.4583759027837],[-6.62351801677542,57.4591989146696],[-6.61978836822209,57.4625395122176],[-6.61338445235447,57.4674039031034],[-6.63747062203723,57.5025079756773],[-6.62836998468617,57.5023287996148],[-6.61854677084449,57.5015659840844],[-6.59847854574943,57.5099146921476],[-6.56792085218697,57.4933239113162],[-6.56058060825192,57.5080271160055],[-6.62873697686075,57.54505505745],[-6.64165163367648,57.5520584700809],[-6.64231266287592,57.5513144043168],[-6.65380994253267,57.5451672502742],[-6.65444570781089,57.5455300060293],[-6.65228248606715,57.5496335787092],[-6.6407126653394,57.5612317935861],[-6.63901246619912,57.5747873996981],[-6.63474522517084,57.5828688763169],[-6.63537446397678,57.6037650587581],[-6.63477578999133,57.6085301090779],[-6.58268555783395,57.5883566127698],[-6.56551356049656,57.5482273531915],[-6.54746307466391,57.5480152970192],[-6.54088443338989,57.5479373695236],[-6.50431943415905,57.5340497491563],[-6.46336701536569,57.5008675474076],[-6.46567116481219,57.4980691752864],[-6.46217477414962,57.4999003713044],[-6.46175177980027,57.4995572101341],[-6.42709927980833,57.5182554881496],[-6.45263012360464,57.4806599267712],[-6.44176632459558,57.4811805722335],[-6.43873084916736,57.4789009673361],[-6.432417936044,57.470480837319],[-6.43472882378357,57.4840483329456],[-6.42652362644054,57.4960922784874],[-6.39981352855375,57.5088418232926],[-6.39961046382279,57.528702551645],[-6.37483116007993,57.500250914935],[-6.37230067668607,57.5024806786239],[-6.35144033731158,57.4973297675282],[-6.35051575246506,57.4969474739495],[-6.34948322039423,57.4952574320456],[-6.34499366982296,57.4807365604145],[-6.33989446888007,57.4856066301743],[-6.33527874338336,57.4900136841571],[-6.32625065991192,57.4589606939843],[-6.31178994368083,57.4551680530393],[-6.32511814326909,57.4839051049655],[-6.3238427441384,57.4849515655695],[-6.30460418573077,57.4823336775813],[-6.34189223076961,57.5024105606969],[-6.34460577232745,57.5038702875495],[-6.36516044424512,57.5151663711807],[-6.37618380595155,57.5301390850003],[-6.36705979690961,57.531436000498],[-6.38982604209302,57.549276099011],[-6.39279865760108,57.5535016690357],[-6.39520415992122,57.556920288736],[-6.39459258599953,57.5693303797109],[-6.39450798737174,57.5694708125555],[-6.38258477750035,57.5631091878178],[-6.35942755623134,57.5889471963936],[-6.38987965591915,57.58546289096],[-6.39460839331216,57.5851735393878],[-6.39423759517766,57.6127239764927],[-6.42770448904869,57.642150300445],[-6.4062684096784,57.6505200167435],[-6.40914518060124,57.6603009216241],[-6.38279568232635,57.6596651845535],[-6.3617039605302,57.6679958567391],[-6.35357217850538,57.6712057602566],[-6.34235051867666,57.6850235836299],[-6.35265915271001,57.7081143102655],[-6.33073144534343,57.6996048421173],[-6.2969061372663,57.7075720678938],[-6.29670482140068,57.7072329993019],[-6.30162813402136,57.6925714728545],[-6.30320890513379,57.6915908948541],[-6.2510695414345,57.673474713721],[-6.23535224555337,57.6373616683406],[-6.1913090753702,57.6332517973539],[-6.15059408245553,57.5865193450093],[-6.13723707107604,57.5877360507697],[-6.14880205300724,57.5656233369794],[-6.14681166608196,57.5618337082359],[-6.13876785550498,57.5465098010756],[-6.14848051603343,57.4999694612989],[-6.13714354962705,57.4743925804363],[-6.14281171139456,57.4434028834147],[-6.14573215336682,57.430085116113],[-6.14646562865622,57.4296283551923],[-6.18109576733476,57.4126185241474],[-6.19773265083341,57.4121387119878],[-6.20213608527562,57.3904871260543],[-6.18400595104353,57.4062036234639],[-6.18069742645995,57.4062193841014],[-6.17569523794361,57.4022780990841],[-6.13974420102949,57.4054829316315],[-6.13814297856027,57.4044508907781],[-6.12628029981688,57.3902357212536],[-6.12854087227028,57.3844597601607],[-6.13111976624119,57.3825010467518],[-6.14621153964633,57.371033341874],[-6.11694435154653,57.3417447147023],[-6.10426565739336,57.338419644451],[-6.10421321770464,57.3414538671833],[-6.09756112533131,57.3411301542702],[-6.0961102045362,57.3401215884019],[-6.09866451406493,57.3381957482718],[-6.10711554046251,57.3352330716947],[-6.10656007030645,57.3322412348028],[-6.10685130102028,57.332021553361],[-6.10646546892499,57.3317316475491],[-6.10413710713451,57.3191844561813],[-6.1319138247037,57.3162539125122],[-6.16842206028482,57.295387344149],[-6.11743742419735,57.3136809433064],[-6.05703119658808,57.3136642773759],[-6.04164424382592,57.2932671303571],[-6.04612424291041,57.2905034097156],[-6.0778070648572,57.2761544469699],[-6.07556127284973,57.2723294969981],[-6.08304562077369,57.2677048789015],[-6.07446162561552,57.2704563028099],[-6.07380772298779,57.2693423127346],[-6.03611689652248,57.2827348016158],[-6.02064670387119,57.2876829842382],[-6.00818502964299,57.2796510109407],[-5.99786432036768,57.2727430559311],[-5.99728150799757,57.2726193539398],[-5.99387072379498,57.2704189882924],[-5.98225808959482,57.2680819210194],[-5.93663320262818,57.2588864474696],[-5.92204142559339,57.2627484970104],[-5.90468878620965,57.2528828257314],[-5.91423449410046,57.241325267841],[-5.88579217459395,57.2379709185854],[-5.85172973370228,57.2540647592859],[-5.86366113215799,57.2416117453158],[-5.81299863642293,57.2568426218987],[-5.81141750855974,57.2568736213858],[-5.75345843539654,57.274700911311],[-5.71132854139529,57.271239242731],[-5.71385798032553,57.2697903691845],[-5.73200445222854,57.2607665636085],[-5.72930960785416,57.2609360906639],[-5.72961474934926,57.2607611738389],[-5.70863208058869,57.2622348936736],[-5.66708872542592,57.2648337769139],[-5.64913983635668,57.2559159770058],[-5.64757826284445,57.2551397887072],[-5.6489289024224,57.2537844279098],[-5.66723037940422,57.2354079590085],[-5.66838705925926,57.2187053791839],[-5.66855375238744,57.2170370837775],[-5.66936766132996,57.2088896685018],[-5.67323688501053,57.2067121706234],[-5.73763146611735,57.180428577662],[-5.78105976924606,57.1668618963401],[-5.78737888051531,57.1690072726512],[-5.80051779647508,57.1743543956423],[-5.80053587590163,57.1734723074766],[-5.8084727665983,57.1761646133722],[-5.80068165477998,57.1663597148503],[-5.80096285117465,57.1526439609094],[-5.80579388355985,57.1457439054039],[-5.79120875911599,57.1399719605648],[-5.79787388106413,57.1376377425398],[-5.805925730492,57.1370347810975],[-5.80429685454206,57.121081977636],[-5.82789787578906,57.1076086562044],[-5.8532728965949,57.1115604402979],[-5.86001514428945,57.1018273037184],[-5.87927200303013,57.0839834577794],[-5.88852709653557,57.08128235736],[-5.890524448649,57.0735475512854],[-5.896388611754,57.0681062485859],[-5.89330444420161,57.0627769316875],[-5.893719619187,57.0611679095013],[-5.9021385418789,57.0635742235107],[-5.89958877690822,57.0579198596887],[-5.93952359764941,57.0380374797646],[-5.95702172334057,57.0328626960705],[-5.96691789028537,57.0299343622119],[-5.97268472697038,57.0320363625197],[-5.98359664834099,57.0275869382301],[-6.00182246584783,57.0201507770688],[-6.00939488236369,57.0247929531585],[-6.00973040110339,57.0245394718194],[-6.01075767333297,57.0251223734978],[-6.01417783180394,57.021179061059],[-6.01754626257929,57.0186334248532]]],[[[-7.54932584587811,56.9092273430135],[-7.56169202026406,56.921930533007],[-7.56026432087311,56.9219032371147],[-7.54511032045358,56.920816693541],[-7.54161298884927,56.9269808381223],[-7.54655829553799,56.9280295143003],[-7.54657036740212,56.9284712736244],[-7.5555306143853,56.9299314767828],[-7.57305590800257,56.9336440251387],[-7.56123953426432,56.9424926996571],[-7.56542728008661,56.9448717626428],[-7.56787951747827,56.9477354618478],[-7.53280304946576,56.9465391323356],[-7.53631149276349,56.9475342159014],[-7.53190212186398,56.947281379103],[-7.56168866878429,56.9559994352059],[-7.55830500578337,56.9633234017414],[-7.55527839907205,56.9675498738794],[-7.55467698440344,56.9683895908077],[-7.51937176142746,56.9739233205418],[-7.51425128545925,56.9795821898165],[-7.5139196284661,56.9796517421517],[-7.5140963687374,56.9797533664283],[-7.51305738479274,56.9809013558781],[-7.52447247693345,56.9857180339002],[-7.52597762199104,56.9865830245204],[-7.50826173122179,56.9865276913035],[-7.51475324934354,56.9987140409899],[-7.50138374892928,57.0035388879536],[-7.52878849998181,57.0130395183737],[-7.48565835275144,57.0134551034999],[-7.46295938124226,57.0213600016241],[-7.46229313946103,57.0214438375359],[-7.46223735741252,57.0216113241337],[-7.45747108637725,57.0232701888685],[-7.45437729522699,57.0451973076492],[-7.45024573342066,57.0575840890286],[-7.41993295964926,57.0419714472075],[-7.44615202976469,57.0198451456211],[-7.40761834911479,57.0066935431996],[-7.42472588390608,57.0111322145663],[-7.4291531798755,57.0124464061221],[-7.42856227543456,57.0121562159357],[-7.42838755806316,57.0120818135771],[-7.42859300196496,57.0121350884744],[-7.42363595131936,57.0100581110125],[-7.40675862316848,57.0027487737048],[-7.43119259400308,57.0019667314418],[-7.41063160655675,56.9949826536121],[-7.4012406122161,56.9999468137512],[-7.37900462877185,56.9900892196307],[-7.37846606994007,56.9803269392287],[-7.40535779210015,56.9875050072545],[-7.41021991964071,56.9938755404241],[-7.42199995771946,56.9918477635041],[-7.42106843848337,56.9916232788971],[-7.4058484363891,56.9812063473536],[-7.40559755848533,56.9794803767345],[-7.42240066857551,56.9758974340939],[-7.42278122431,56.9758215108624],[-7.4228514503471,56.9758012732583],[-7.42289471749288,56.9753312991438],[-7.4234809196059,56.9733503566213],[-7.42706915172249,56.9612204950111],[-7.43352192427458,56.9612837483807],[-7.44059735637235,56.9624555570381],[-7.44022002767988,56.9613490722025],[-7.44247097161454,56.9613709431367],[-7.43602146947836,56.9486360908026],[-7.48214678577945,56.9461898713118],[-7.48201623650696,56.951909441904],[-7.48179236279396,56.9541085375261],[-7.5012275335129,56.9506363459925],[-7.50204900253077,56.9521805031031],[-7.50468578854953,56.9577331088273],[-7.50460752979725,56.9569889741004],[-7.50516666276956,56.9580396173958],[-7.50400311168213,56.946476371268],[-7.51514767600472,56.9468596541805],[-7.53110753762422,56.947475665966],[-7.54241871374229,56.9394239455016],[-7.49862587653539,56.932393008826],[-7.51528100557023,56.9335304146735],[-7.51771401049434,56.933787756622],[-7.53031997051855,56.9244452616237],[-7.53369462396934,56.9220595086411],[-7.53361660810659,56.9220592313876],[-7.53416193794239,56.9215967579046],[-7.50326234761527,56.9216114176841],[-7.50374600868084,56.9177063383388],[-7.5039060102579,56.9169927501181],[-7.54932584587811,56.9092273430135]]],[[[-7.44549082679731,56.9119007186258],[-7.4512070008047,56.9200741475203],[-7.44321202068021,56.9217874530988],[-7.44058142056744,56.9222100150525],[-7.44177614119013,56.9190118956069],[-7.44549082679731,56.9119007186258]]],[[[-6.31114123002016,56.9348677053187],[-6.36955725532481,56.9522260366953],[-6.37127778068806,56.9565491385709],[-6.37583276249049,56.9731810662632],[-6.46005318884236,57.0073940550762],[-6.44980742719344,57.0118563088436],[-6.40963294881282,57.0293351247266],[-6.3977888796278,57.0426992139742],[-6.36376758081936,57.0518654647637],[-6.35124333445606,57.0489598560448],[-6.32996685675823,57.0603739406963],[-6.288430506646,57.0463228782238],[-6.26020786791556,57.0367614595517],[-6.24753329364186,57.020114770676],[-6.2529197078868,57.0187129747287],[-6.27963824917531,57.0117546264008],[-6.24133799180548,57.0053096290015],[-6.23831751761258,57.0047528122753],[-6.2393592002128,57.001761387486],[-6.25692487391587,56.9670652860011],[-6.27787461279884,56.9546329463176],[-6.31114123002016,56.9348677053187]]],[[[-7.50681026086875,56.8826231012335],[-7.52665045707558,56.8872266458985],[-7.53777835988204,56.8960599018538],[-7.53926789405376,56.8983345874429],[-7.52685667063756,56.9022563255316],[-7.52462731515791,56.9019652262493],[-7.49848893999454,56.8976103912785],[-7.49752981891083,56.8964185904007],[-7.49901528671453,56.8840129624428],[-7.50681026086875,56.8826231012335]]],[[[-5.88615055091042,56.9199412077214],[-5.90024501850096,56.9197488244892],[-5.8883162258683,56.9261319818884],[-5.88615055091042,56.9199412077214]]],[[[-7.56858237676964,56.847453052445],[-7.57918819652885,56.8481319484805],[-7.59811860467916,56.8493414002516],[-7.59351177579222,56.8596066997675],[-7.59320494850571,56.8596502473794],[-7.5810761246873,56.8607722081175],[-7.57710454083418,56.8611393255329],[-7.5612783461006,56.8540069347035],[-7.56858237676964,56.847453052445]]],[[[-6.13908596985186,56.8719844025544],[-6.14879212983552,56.8716834930873],[-6.16285528278402,56.8720008580964],[-6.17015290860052,56.8742057957141],[-6.20752687590375,56.887727288866],[-6.20907413273387,56.8969432851406],[-6.20807340056698,56.9049360320921],[-6.20191877618338,56.9093081095793],[-6.18637253341918,56.9151205605685],[-6.17786928160706,56.9153083797674],[-6.15865344273246,56.9150058643682],[-6.16227837391754,56.9363060418344],[-6.13859311418094,56.9441948646388],[-6.12705992535768,56.9360650455228],[-6.11171763096844,56.9245064178611],[-6.11634643995288,56.8886646735391],[-6.11711759758691,56.8880276026423],[-6.1267746865802,56.889351339716],[-6.13908596985186,56.8719844025544]]],[[[-7.64177986668841,56.7963887754771],[-7.66636142214386,56.7996997410847],[-7.64822572208444,56.8126399340407],[-7.65914243343938,56.8221034573431],[-7.62407047227954,56.8294173698151],[-7.62205064232216,56.8025881580486],[-7.64177986668841,56.7963887754771]]],[[[-7.63700914092041,56.7781532477966],[-7.65343168787322,56.783119047429],[-7.66076946197369,56.7853366711922],[-7.64306327402683,56.789557328769],[-7.61642474898407,56.7847961433447],[-7.61196354123568,56.7839980941928],[-7.63700914092041,56.7781532477966]]],[[[-6.23580518454358,56.822963335704],[-6.24782113090968,56.8328155900686],[-6.26356589307834,56.8294556985275],[-6.27032334193245,56.8280128908417],[-6.27631969027739,56.8340060845529],[-6.27744316259983,56.8353352871681],[-6.26776893192524,56.8383391621978],[-6.26468583766197,56.839296217438],[-6.2624275874829,56.8399971451173],[-6.26563418891588,56.8476155285994],[-6.26572873859011,56.8479728556425],[-6.26567010149698,56.8479306473789],[-6.25498023696619,56.8402336677916],[-6.22301576839615,56.8453229515525],[-6.22186647910743,56.839902735586],[-6.21991350043135,56.8306881991714],[-6.22869392269002,56.8349365740727],[-6.23580518454358,56.822963335704]]],[[[-5.851308537817,56.7859360929267],[-5.88708719487442,56.7920316779815],[-5.8766897308994,56.8106448844941],[-5.8339980719823,56.7958437919506],[-5.80906350167391,56.7944371565208],[-5.851308537817,56.7859360929267]]],[[[-5.93177485943685,56.6579205130904],[-5.9480011758608,56.6583057591821],[-5.94105693454212,56.6677118799872],[-5.9405795235673,56.6670850304165],[-5.94079567368261,56.6591010925428],[-5.93059734810331,56.6675668157825],[-5.92814720070918,56.6694892343559],[-5.91830965986167,56.6648818099291],[-5.90544630267025,56.6588543237566],[-5.91763843302008,56.6584225958091],[-5.93177485943685,56.6579205130904]]],[[[-5.88954097951416,56.6510541302657],[-5.89301245604708,56.6564705166981],[-5.89599572848008,56.6612504489384],[-5.88219807963822,56.6700443923723],[-5.87103454814636,56.6616074811718],[-5.88954097951416,56.6510541302657]]],[[[-6.69485765906684,56.5631382950648],[-6.70975725854564,56.5791451478501],[-6.7090196084154,56.5802069732557],[-6.69940340512319,56.5850214581695],[-6.69609844344065,56.5827694463692],[-6.68531204580502,56.5920729932541],[-6.67879419979771,56.5953332067924],[-6.67568818343724,56.5951110749855],[-6.6740146397719,56.5926167218469],[-6.66001927197115,56.5939892489406],[-6.65585304246809,56.5936906170768],[-6.6371300528169,56.6179548405081],[-6.62566154252712,56.621005944],[-6.61918175681979,56.6222759092965],[-6.61895833693604,56.6227885722162],[-6.61589308899536,56.623603560298],[-6.61223913980169,56.6377628339471],[-6.58478421211955,56.647176684361],[-6.58193092141566,56.6481544234655],[-6.57157763010336,56.6511667333413],[-6.57163370718124,56.6516820257087],[-6.57006443043889,56.652219493763],[-6.54730954242602,56.6600090274948],[-6.53431326881606,56.6735566629575],[-6.52732671148981,56.6765940724036],[-6.50659824364747,56.6786992419925],[-6.50381447020523,56.6856855376975],[-6.49261851989866,56.6818452502242],[-6.49473885791069,56.6905023145997],[-6.47345991851396,56.6868131146963],[-6.47055218589701,56.6916226794246],[-6.46557530291318,56.6905994913396],[-6.45345124121318,56.6878148916729],[-6.45268411840481,56.6747645620219],[-6.47427944009135,56.6512059575842],[-6.50573129440785,56.6168374042361],[-6.50601847580375,56.616650771507],[-6.53410990413694,56.6394211548977],[-6.52330078959606,56.6131906873794],[-6.52914838131705,56.6091623727485],[-6.53096205686182,56.6101544564534],[-6.55407692031274,56.5947280017025],[-6.56310131392095,56.5946798132483],[-6.56555811785483,56.5946665822136],[-6.56671189860836,56.5865007987966],[-6.58010433361057,56.5919034263174],[-6.59351624419057,56.5857021575604],[-6.60011462866637,56.5855278955479],[-6.60094249890906,56.5891087209308],[-6.6109106881778,56.5752729010902],[-6.6249694215761,56.5924902255475],[-6.63560739243671,56.5766357348091],[-6.63823075747154,56.5733209681466],[-6.64809388766292,56.5829080463245],[-6.67064393344987,56.5832892947053],[-6.67212901054869,56.5808839404257],[-6.67815555731676,56.5804336190637],[-6.68159941429799,56.5655375319994],[-6.68196589979179,56.5649434008587],[-6.69485765906684,56.5631382950648]]],[[[-6.7328886355839,56.5601774592441],[-6.71129624302742,56.5684298732283],[-6.70928770787829,56.5662127627404],[-6.70818413015119,56.564245250305],[-6.7328886355839,56.5601774592441]]],[[[-5.397153706932,56.5786002733295],[-5.39755001014061,56.5792841058176],[-5.40253784219783,56.589958419292],[-5.40047353531296,56.5908774647331],[-5.38472525470999,56.5956696563749],[-5.397153706932,56.5786002733295]]],[[[-5.42825194661504,56.5252011939465],[-5.42533837899899,56.5279620074229],[-5.4120120346651,56.5353890640874],[-5.40890409321378,56.5358075147101],[-5.40889903173344,56.5265273285489],[-5.42825194661504,56.5252011939465]]],[[[-6.27852796263801,56.4739556222479],[-6.27999404521212,56.4781768865325],[-6.28170448929272,56.483100439172],[-6.30699688299681,56.4810717131421],[-6.30733485344347,56.4911163699117],[-6.30284733959902,56.4928994017128],[-6.30122896257844,56.4910136032818],[-6.30108796458881,56.4935983688477],[-6.29121067197417,56.4975215087556],[-6.27257291446948,56.4896256507057],[-6.25565597154489,56.4938458170001],[-6.25400761236112,56.4941836411966],[-6.27312637965446,56.4784138475377],[-6.27852796263801,56.4739556222479]]],[[[-6.9327654746046,56.4431123031985],[-6.94045601742559,56.4535972782978],[-6.94276514573694,56.456744157989],[-6.95710888469606,56.4591892405834],[-6.97953387433607,56.452032017669],[-6.98011425032616,56.4518466937705],[-6.98008574628511,56.4520098018156],[-6.97373365249836,56.488330505966],[-6.98630721831518,56.5037412948125],[-6.98769708738347,56.5037123870298],[-6.98769560893225,56.5039688651833],[-6.9913418633259,56.503636504395],[-6.99902746004413,56.5034761433755],[-6.99768755401631,56.50430607822],[-6.98395768358093,56.5072142688426],[-6.97470509108265,56.5176110406553],[-6.93248219981872,56.5304903252646],[-6.87960840718493,56.520227352407],[-6.87287796323515,56.5189188927023],[-6.86965005385291,56.5219821879146],[-6.82204662688726,56.5420172767849],[-6.81797691153381,56.5431719321844],[-6.81435426150634,56.5420397380951],[-6.79765789378853,56.5350817748609],[-6.79602307478939,56.5363079546964],[-6.79565780910872,56.5361936986775],[-6.79500262016087,56.5370732853549],[-6.78978436518049,56.540986326274],[-6.78058827378229,56.5377773065036],[-6.78003834312871,56.5372302875269],[-6.77973105217756,56.5374781105134],[-6.77856554084028,56.5370712966406],[-6.75442103298841,56.5557642835153],[-6.7415431797882,56.5439907027172],[-6.73165824258369,56.543470883923],[-6.72652184836339,56.540584382384],[-6.72560250064605,56.527220116535],[-6.75928750770833,56.5242773229523],[-6.75716350324098,56.5214766781855],[-6.75253614840915,56.515373196162],[-6.76203265850121,56.5109968817531],[-6.77502573275649,56.5250687616891],[-6.80475363255333,56.5236462035728],[-6.8143349753907,56.5125436666752],[-6.79687462249382,56.5067235492032],[-6.79519143701031,56.5057909476043],[-6.81163091450264,56.4888570204034],[-6.86746458378909,56.4907155940432],[-6.8745270287348,56.4865635907923],[-6.87527451667821,56.4865563391182],[-6.8761494906127,56.4865478460624],[-6.8807783504954,56.4828873863488],[-6.89552364955041,56.4742121387097],[-6.89437413043038,56.463476957401],[-6.89423993438563,56.4554322002659],[-6.8940674712988,56.4450810245695],[-6.9327654746046,56.4431123031985]]],[[[-6.20030858574913,56.4613938286823],[-6.20454700168364,56.4619792240168],[-6.20817283438608,56.4721147917144],[-6.20857257877071,56.4720847734793],[-6.20854654094854,56.4726282318635],[-6.21273941155507,56.4717717929678],[-6.22205515027827,56.4710715645787],[-6.22312976644012,56.4701433023802],[-6.22387974601591,56.4694954314108],[-6.24213040171526,56.4657635121452],[-6.24455309590773,56.4669224022537],[-6.24706617475507,56.4722721617887],[-6.26305412705776,56.475768357287],[-6.26860565914685,56.4784213588581],[-6.26844235651437,56.4785752675505],[-6.2512800918776,56.4947425748471],[-6.24570231069187,56.4958853588575],[-6.23283485224207,56.4940825204274],[-6.22967376815985,56.4991675483295],[-6.22710638118709,56.4996930324862],[-6.22639128967264,56.499432677161],[-6.17860975187829,56.4820185043018],[-6.17783692139275,56.4829806725543],[-6.1775660016972,56.4828720216152],[-6.17335593994959,56.4883632180883],[-6.16597496871664,56.4820614789884],[-6.16205826011687,56.4787164076846],[-6.15456881375247,56.4824441748441],[-6.15416134231327,56.4826469546751],[-6.15396217045819,56.4824645007028],[-6.14178206178611,56.4713027782701],[-6.16007170627836,56.4633921890848],[-6.18851765287778,56.4665707736549],[-6.18913858464526,56.4659103567945],[-6.20030858574913,56.4613938286823]]],[[[-6.08006974901003,56.4632379382272],[-6.10028404586712,56.464204140271],[-6.09197026819539,56.4690074246755],[-6.08964404547865,56.4701452884397],[-6.08840902351703,56.4698825778202],[-6.07945335606785,56.4638689988929],[-6.08006974901003,56.4632379382272]]],[[[-5.59791785517909,56.4614186682663],[-5.58413277317973,56.4705391664654],[-5.5763602478997,56.4755521423878],[-5.57456086447127,56.4834422605216],[-5.57129939313932,56.4977358139085],[-5.55918086964868,56.5009636766267],[-5.53303031430106,56.5079232298637],[-5.52852887052631,56.5108337402899],[-5.52236436092298,56.5125114126198],[-5.46783027026532,56.549141228191],[-5.47023266810018,56.5583293566908],[-5.45594265757405,56.5497721240538],[-5.43582521890631,56.5586095663263],[-5.43090756771656,56.5598854122805],[-5.501427533121,56.502607865467],[-5.50700116664999,56.4980719319548],[-5.57341861494178,56.4713089733866],[-5.59791785517909,56.4614186682663]]],[[[-6.16284108233972,56.4360601776911],[-6.16448582146654,56.4387091972583],[-6.16590212529256,56.4433537560065],[-6.15283159083676,56.4473170377878],[-6.16284108233972,56.4360601776911]]],[[[-5.67552444031084,56.4325374553102],[-5.67750546123955,56.433996093845],[-5.67557007790708,56.4347997878843],[-5.67552444031084,56.4325374553102]]],[[[-5.56004743351949,56.370438886284],[-5.55383580334896,56.3786218488541],[-5.56460382326748,56.382109070413],[-5.56504802326928,56.38207771034],[-5.58897001476891,56.3803863808675],[-5.56711522523114,56.4041603071866],[-5.56336207282132,56.4082397380797],[-5.52285905512605,56.4111964692725],[-5.51363007741595,56.4168258020991],[-5.49819148024978,56.4250245396725],[-5.48907696487265,56.421079254187],[-5.55158767285408,56.3727542164143],[-5.56004743351949,56.370438886284]]],[[[-6.42156757399115,56.3068044921324],[-6.43043436471627,56.3080778399134],[-6.4404532315135,56.3096681853824],[-6.42786593730895,56.3224200471087],[-6.4218843616473,56.3251351612286],[-6.42639332608009,56.3373366619522],[-6.39274038454144,56.3490076353065],[-6.386546235154,56.3508927690153],[-6.38641824402186,56.3497472894885],[-6.39744546779863,56.3237662815434],[-6.40706532680589,56.3144734941275],[-6.42156757399115,56.3068044921324]]],[[[-6.36227392216277,56.2844653968771],[-6.37173497446351,56.291618796165],[-6.38542174882622,56.2879594717039],[-6.38518715850838,56.2883052169668],[-6.37882938408108,56.2948394060922],[-6.37352191539305,56.3002922262282],[-6.37027954896111,56.3005275962095],[-6.35445254422621,56.2987720083081],[-6.35616514486411,56.2956402954142],[-6.36227392216277,56.2844653968771]]],[[[-5.66405185722864,56.2894439460432],[-5.65669994197056,56.2946939122443],[-5.65409615918324,56.291018494571],[-5.66102055964721,56.2895521587967],[-5.66405185722864,56.2894439460432]]],[[[-6.26455274334227,56.2643638839006],[-6.26497745985117,56.2649065178607],[-6.26946301787294,56.2739955377132],[-6.32022595120565,56.2696287188148],[-6.32353787683494,56.2706024301953],[-6.32303279353814,56.2826333095403],[-6.32948520953516,56.2826829095055],[-6.32915426550221,56.2847169748178],[-6.34962274792504,56.2848296203415],[-6.34814195021079,56.2959227514415],[-6.34679751255244,56.3059894083611],[-6.37690578622023,56.308803599757],[-6.3512462143131,56.3467073293799],[-6.29645705190381,56.3443223073384],[-6.29461323435821,56.3442113664812],[-6.2896347502492,56.3368657233876],[-6.28930649325373,56.3368637505953],[-6.28652766412008,56.332917270916],[-6.28576874283253,56.3368424422077],[-6.27279396440613,56.3367634307937],[-6.26738253113232,56.3242978454068],[-6.29785112106638,56.32437667293],[-6.23644441099949,56.3157061979166],[-6.24855991240337,56.3430772430376],[-6.20822544124911,56.3355540477359],[-6.19029857150188,56.3322051040238],[-6.1765495923604,56.3343240493023],[-6.18497043966806,56.337717504664],[-6.18383207581707,56.3386216357711],[-6.17774689926757,56.3410331393769],[-6.15883048034808,56.3390606474272],[-6.14542036559163,56.3373273327362],[-6.14497520394921,56.3376139263925],[-6.1419310204147,56.33729583928],[-6.13033013046731,56.3467488497056],[-6.10313308486917,56.3422779068745],[-6.07085770004617,56.3564918339821],[-6.01864855225579,56.3645068691571],[-6.0032950192378,56.3784114432285],[-6.0137711677263,56.3870957795529],[-6.00841383972494,56.3876771328056],[-5.97968346469693,56.3858335972168],[-6.02272772332671,56.3946551700072],[-6.02415540007994,56.3939236063108],[-6.02463130686356,56.3940267448692],[-6.04673973891016,56.3823452124044],[-6.05941788422763,56.3758406521748],[-6.07251187429931,56.3838538695368],[-6.09528210193742,56.3706667113247],[-6.10575627671955,56.3668997198751],[-6.19485369864618,56.3588456085343],[-6.20935439255287,56.372283974721],[-6.20599342369762,56.3852228566336],[-6.15116106044664,56.4130786316603],[-6.13060890336493,56.445984312183],[-6.12520890210553,56.4485802079627],[-6.05476027752628,56.4513704708747],[-5.99680712984474,56.4824924427873],[-5.9984583160468,56.4875785513633],[-6.00008868491991,56.4926364148581],[-6.00009246034444,56.4926853766097],[-6.00791141854751,56.4942514614198],[-6.01326863827336,56.4999222541841],[-6.03257307914817,56.4896369520059],[-6.03599004806789,56.4881342716312],[-6.04750701558797,56.4859865753422],[-6.08654166911257,56.4786976626158],[-6.12320257059321,56.4730737943855],[-6.13589978827779,56.4819617642424],[-6.14678976762871,56.4812574732682],[-6.14930061590749,56.4813362456373],[-6.14779195268609,56.4826710716448],[-6.13789688655259,56.4914232523113],[-6.14872354376533,56.5001767940791],[-6.22535301438958,56.528855678497],[-6.22910349912957,56.5285274714786],[-6.22965973975033,56.5287277959388],[-6.22981852020951,56.5287849787167],[-6.2511160095837,56.5265987411259],[-6.2867937515444,56.5234639588929],[-6.34047091885585,56.5372106123735],[-6.33400057619987,56.5541061992981],[-6.31994330393364,56.5567395210871],[-6.30521337399336,56.558441614362],[-6.27971816216391,56.5773432438137],[-6.28442097425286,56.5773096224031],[-6.28298466669892,56.578431953722],[-6.29910575447924,56.5772034965733],[-6.31520298906719,56.577085160289],[-6.32376728782466,56.6061610904085],[-6.27456820405879,56.6027433878259],[-6.27254929956966,56.6037779800255],[-6.27130931927762,56.6037141615905],[-6.26935865318907,56.6054128525059],[-6.25393240324297,56.6133140646578],[-6.25335867804378,56.613068445197],[-6.23830631086863,56.6059782986187],[-6.18828796183059,56.5823852727318],[-6.20275001989911,56.5913787945305],[-6.18963026203402,56.5857484332265],[-6.22358994550129,56.6046846172722],[-6.21190738163297,56.6031388123995],[-6.22697760667784,56.6141787061897],[-6.22700497617236,56.633437121218],[-6.20898188721591,56.6280430886067],[-6.19737405768779,56.6242208305786],[-6.19787326915321,56.6247163578647],[-6.19460400074948,56.6237369941796],[-6.2081596848055,56.6355067250283],[-6.2022491985351,56.6333830070924],[-6.20024791018652,56.6325278827978],[-6.2002235394654,56.6326550391608],[-6.19852993159102,56.6320463540831],[-6.19825546309408,56.6423393823703],[-6.16617556599058,56.641754431728],[-6.15148392552657,56.6475209132925],[-6.12855196995438,56.6558761619898],[-6.11263040224951,56.6438987369947],[-6.06656016680812,56.6385851008549],[-6.05881377989073,56.6288470360834],[-6.05826524630854,56.6280895286935],[-6.06986629789255,56.6211501244157],[-6.06690496872765,56.6202859796133],[-6.06736674855749,56.6198812267172],[-6.05146615277278,56.6157789526925],[-6.03250673572148,56.6102400094119],[-6.01223013470461,56.5879705280309],[-5.98937144776145,56.5796877218104],[-5.98358191450218,56.5708618116737],[-5.96338549195849,56.5370876615071],[-5.97526403191476,56.5315261976115],[-5.95148996055686,56.5180445744664],[-5.94572473355462,56.5216328799353],[-5.93279724806427,56.5217070900868],[-5.92025182095407,56.5164538933888],[-5.90311650456404,56.518018150366],[-5.86374373142054,56.5216030116678],[-5.84502873055125,56.5142594375582],[-5.83102534950881,56.5084440940635],[-5.83084860404074,56.5086914825488],[-5.8245913627527,56.5062334768747],[-5.82361833539219,56.5172261630726],[-5.79686833244509,56.5150939713607],[-5.77429312492132,56.4946039620369],[-5.76843612508291,56.4892835662121],[-5.74152752200759,56.4819047020072],[-5.7200899450027,56.4851320925033],[-5.71707443580821,56.4830456969724],[-5.71195372833314,56.4740227389137],[-5.69355006559679,56.466758921461],[-5.6801620973725,56.457481554132],[-5.68335970439725,56.4518387000051],[-5.66156011605455,56.4481851503417],[-5.65237191474876,56.4566893393815],[-5.65227808188655,56.4545678844973],[-5.65229250602816,56.4250266121358],[-5.67036552339743,56.4287382223134],[-5.66410597076541,56.4325912254117],[-5.67945664357252,56.4409872588881],[-5.69385728441698,56.4272032496483],[-5.67804322744968,56.4337727687336],[-5.6755012260752,56.431386457643],[-5.67526418625651,56.4196254554853],[-5.66767725255021,56.4232130080038],[-5.66573393221997,56.4222140322187],[-5.66451841478109,56.4210721725217],[-5.66368086590898,56.4211585474163],[-5.6526233638326,56.4154722461238],[-5.67948928431952,56.3837059918961],[-5.71751632419248,56.3906533401746],[-5.71381002016263,56.4042437360084],[-5.71064693633607,56.4140705244348],[-5.71114488388696,56.4140107528719],[-5.71098284444497,56.4146044363984],[-5.71317661215436,56.4137668561883],[-5.73409561338983,56.411253537528],[-5.74819381329033,56.413496632981],[-5.73176793607368,56.3960600999479],[-5.75419778216003,56.394411021303],[-5.75814024357805,56.3812132745554],[-5.79398218217653,56.3664446682878],[-5.78674013303809,56.3679271774125],[-5.7912828696012,56.3658526758286],[-5.72270174898176,56.3810131375125],[-5.70921858684012,56.3837630390032],[-5.69352078179655,56.382781794412],[-5.69128757382167,56.382577571824],[-5.69542027803205,56.3705807919596],[-5.74580242920553,56.3417502645723],[-5.82763450811763,56.3131336543751],[-5.83409388003931,56.3108707428871],[-5.8398967936316,56.3120004850556],[-5.84319063060633,56.3126509917605],[-5.88290608899604,56.3204857865126],[-5.8889582037384,56.3216782913266],[-5.88334585542106,56.3248121394868],[-5.84616829831998,56.3455525924722],[-5.85235285103327,56.3539007533325],[-5.87667389202203,56.3562281895756],[-5.88340561412493,56.3521886672703],[-5.88604788479642,56.3513584347857],[-5.90181676854699,56.3464017624838],[-5.92458412386355,56.327452497313],[-5.93442364930406,56.3215351761576],[-5.98680210793097,56.3228540146481],[-6.01713396200284,56.3071223314186],[-6.04416470772025,56.2930858389611],[-6.0749556622121,56.301198540607],[-6.07897974038859,56.3023818932937],[-6.12660521498177,56.2967274635489],[-6.14288249878907,56.2844018946731],[-6.19859916778062,56.292050200656],[-6.20226519469667,56.290867371804],[-6.20321139832055,56.2909760928787],[-6.20331284854767,56.2909399995309],[-6.2157198517569,56.2865247354102],[-6.22546929461337,56.2833764826063],[-6.24539557429929,56.2885744784214],[-6.2478597698199,56.2854620839653],[-6.24995653674536,56.2857135111348],[-6.26288680845288,56.2664705621623],[-6.26455274334227,56.2643638839006]]],[[[-5.62607412610371,56.2660194385394],[-5.62722808224844,56.2669773826538],[-5.63358564688853,56.2908221793448],[-5.65419234905209,56.2976559446446],[-5.6229913370904,56.3192966203308],[-5.61909612157233,56.3219960634752],[-5.61814265689835,56.3214430771622],[-5.61622770262026,56.3194947852294],[-5.61171803034624,56.3149056761619],[-5.60863783926771,56.3159292070123],[-5.60630506869624,56.3145755769843],[-5.61150342591997,56.3094688423212],[-5.59277298160908,56.3201782574076],[-5.58553526650767,56.3243141975153],[-5.58622926972631,56.3203680134923],[-5.58881770015857,56.3056434740174],[-5.59022823490298,56.3017510181759],[-5.61131735915944,56.2928636194052],[-5.5991607151134,56.2799609992299],[-5.62607412610371,56.2660194385394]]],[[[-5.62371732612883,56.2519972704448],[-5.62547839435096,56.2522263474303],[-5.62485383441121,56.2527484075086],[-5.62371732612883,56.2519972704448]]],[[[-5.61877974270263,56.2513548506938],[-5.62138456543752,56.2516937877288],[-5.62344118097172,56.2539291590029],[-5.60946366091736,56.2656073121956],[-5.61867186624298,56.2515192734471],[-5.61877974270263,56.2513548506938]]],[[[-5.77762995957033,56.2370732255392],[-5.75393983351491,56.2497947474877],[-5.7533904514399,56.2417998414075],[-5.77762995957033,56.2370732255392]]],[[[-5.81878216405914,56.2163853032599],[-5.79986284127658,56.2290179550276],[-5.8017459824693,56.2221551022386],[-5.81878216405914,56.2163853032599]]],[[[-5.69700755331538,56.2019955346519],[-5.70239296915595,56.2130060973336],[-5.70340895736567,56.2129146550023],[-5.70355767452867,56.2132049811023],[-5.70406755004803,56.2128553748765],[-5.71516498732118,56.2118559352484],[-5.70131986131821,56.2259299658861],[-5.69067647572068,56.2366622302661],[-5.69842843437493,56.2237617833958],[-5.68543405843075,56.2030023867784],[-5.69700755331538,56.2019955346519]]],[[[-5.61129218505585,56.1953881436473],[-5.60958116613719,56.2286866244387],[-5.60902899573741,56.2297945328179],[-5.59129462886694,56.2230389420204],[-5.58871702730072,56.207397510211],[-5.61129218505585,56.1953881436473]]],[[[-5.63519874367566,56.1906933334514],[-5.66464452174508,56.2177673222197],[-5.66565870936129,56.2189487042635],[-5.64732827538316,56.254410295041],[-5.63904722551427,56.2699495220573],[-5.63348569979493,56.2548800067639],[-5.61774445863708,56.247736546333],[-5.63439320304952,56.2190136256587],[-5.63302683633219,56.1975760238713],[-5.63519874367566,56.1906933334514]]],[[[-5.70057613400166,56.1596286883037],[-5.74425532268771,56.1614510432494],[-5.74392351302052,56.1771757808498],[-5.74006744441765,56.1805339494803],[-5.6933291077061,56.1996934373303],[-5.68997521553733,56.2007089429322],[-5.67596545960106,56.1917217985068],[-5.6723382573068,56.1682183092339],[-5.70057613400166,56.1596286883037]]],[[[-6.25521146305619,56.0016670703293],[-6.25513285316735,56.007084131401],[-6.25286717214305,56.0135171724043],[-6.26213842117706,56.0186637403812],[-6.26112417628302,56.0186523474555],[-6.26247739136822,56.0188518651857],[-6.26967739428524,56.0228471299138],[-6.23007123152228,56.0283397741015],[-6.2334935176492,56.0321753517833],[-6.24967053503014,56.0342349964514],[-6.24634239331271,56.0453760703814],[-6.26893661227468,56.0387507096794],[-6.27584720198865,56.0376861542608],[-6.25754713197665,56.0491703348069],[-6.25627228591368,56.0498135972883],[-6.25623765494759,56.0499917354267],[-6.24785548065747,56.0552485015715],[-6.25502190991553,56.0562444284087],[-6.25430654640632,56.0599227817126],[-6.24560900729915,56.0633537110952],[-6.25834251135455,56.0657960042025],[-6.24131616874031,56.0725671571473],[-6.25349746146214,56.0753572809603],[-6.24755953364798,56.083382287867],[-6.23519935656157,56.0915382041758],[-6.20879264403226,56.1060323497249],[-6.19736278388024,56.1055455994191],[-6.18421929542056,56.1016301346805],[-6.18351714052871,56.1049545409374],[-6.18297869541319,56.1049315260597],[-6.18126472141877,56.1048582470267],[-6.18128847644009,56.1155028297873],[-6.18083012118032,56.117671564194],[-6.1711333161453,56.1221543240828],[-6.14768461099297,56.1329871192645],[-6.13617252223262,56.1239143911855],[-6.13552369656128,56.1233535857153],[-6.13307992660002,56.1212411595813],[-6.16726600232128,56.07857340716],[-6.17172313228116,56.0757751630634],[-6.1793495881455,56.0714969777595],[-6.19666414138609,56.0617789212324],[-6.19537707661092,56.0609155893962],[-6.19564524147844,56.0607470357371],[-6.19371583397931,56.0598011887193],[-6.18234961742703,56.0521740797418],[-6.18635042264595,56.042700231862],[-6.22093057504374,56.0289551545546],[-6.20905901720677,56.021805782724],[-6.20923861938309,56.0198026757328],[-6.21320777603713,56.0196550452075],[-6.21437972905709,56.020999252959],[-6.22694209397203,56.0191432167445],[-6.23114180085109,56.0189864019154],[-6.2374098233972,56.0072715807602],[-6.25521146305619,56.0016670703293]]],[[[-5.69848926409436,55.9327674006624],[-5.69921959782039,55.9329651297222],[-5.69900464550642,55.9470947057855],[-5.69006868688723,55.9567847328455],[-5.68029637948428,55.951905841403],[-5.67294655535796,55.9581676159701],[-5.66703858035176,55.9631992561039],[-5.67222014079548,55.9581892736308],[-5.69848926409436,55.9327674006624]]],[[[-5.96387260931179,55.7925845262624],[-6.03595817170377,55.795458147309],[-6.06465587212987,55.8060891579277],[-6.08736638514259,55.8312940135029],[-6.08631273193343,55.8634663173392],[-6.09657161892678,55.8718840697755],[-6.09495502660453,55.8768132954407],[-6.08676736819962,55.9002518726327],[-6.02699790578185,55.9469596292801],[-6.02490810612668,55.9471580086123],[-5.9163557099822,55.9574112004088],[-5.9024914588596,55.9625189292994],[-5.85869065446048,55.9776849402415],[-5.88246034159499,55.9698701302046],[-5.88775490929916,55.9786004107296],[-5.8906838181884,55.9781478670208],[-5.89352546233662,55.9823926018768],[-5.89442702271582,55.9775693948479],[-5.91423695082926,55.974505775193],[-5.92407813605777,55.9628774570302],[-5.93878475746403,55.9605645795723],[-5.94037300903399,55.9603717624974],[-5.99437833939044,55.9757162682887],[-6.00634151865517,55.9730257668576],[-6.00054687676062,55.9892786601869],[-5.95000462846141,56.0375331529849],[-5.94026704988678,56.0425325749007],[-5.88175398675911,56.0703687113692],[-5.85842455172899,56.0778009706121],[-5.82135753574684,56.0895949663519],[-5.80044875039578,56.111772655619],[-5.78518667453513,56.1084385464538],[-5.74551429983775,56.1296208005961],[-5.74584265619531,56.1358061375616],[-5.74593894833775,56.1376194686505],[-5.72221375691416,56.1379016040543],[-5.72233203299671,56.1386126833673],[-5.72396051663337,56.1462944429483],[-5.71485479170655,56.1484475237404],[-5.70929391543987,56.1495446162172],[-5.69613074395957,56.13730565698],[-5.68739965037389,56.129182384158],[-5.68755029174336,56.1114330869409],[-5.77663385876902,56.0168006550524],[-5.78342220593118,56.0150355435889],[-5.79306080144617,56.0132107192504],[-5.82037917675614,55.9730798457492],[-5.83268456544616,55.9713295179684],[-5.83543955783646,55.9710873662863],[-5.83548709394495,55.9709306904939],[-5.83643685634802,55.9707955140455],[-5.84146049831427,55.953022762297],[-5.84480671400936,55.941176103322],[-5.84504408799315,55.9403354944575],[-5.87615449461988,55.9052064342997],[-5.87286455730157,55.8898073267497],[-5.88693012098563,55.8790221851469],[-5.88166653476658,55.891499056093],[-5.89739482550041,55.8898863811302],[-5.90144946833446,55.8702376898829],[-5.90236965589426,55.8671692161525],[-5.91714574874061,55.8725685667112],[-5.93651930202918,55.8673993890654],[-5.95113136308184,55.8346170794036],[-5.95089816235196,55.8343965196931],[-5.95091290240484,55.8343635856028],[-5.94547557812164,55.8303365246407],[-5.93964712414833,55.8259239980415],[-5.96387260931179,55.7925845262624]]],[[[-5.15752781922605,55.7769090604032],[-5.16205868174974,55.7821995207011],[-5.16766268075671,55.7905311093539],[-5.16498155787696,55.7971204961867],[-5.16126721672911,55.8046465456551],[-5.15304786969809,55.7927887248209],[-5.14745803218107,55.7847198648961],[-5.15752781922605,55.7769090604032]]],[[[-4.94695611695812,55.7433102315264],[-4.94713168084673,55.7437511551075],[-4.92956997044596,55.7844567790771],[-4.91406896748179,55.7897782447469],[-4.90453060763647,55.7928587374203],[-4.89364940782458,55.7657801958265],[-4.90167118091086,55.7528776317448],[-4.91385164980253,55.7447847547994],[-4.91393781373648,55.7539849402305],[-4.93025565089899,55.7523768014741],[-4.94695611695812,55.7433102315264]]],[[[-5.02916885876837,55.7217253260426],[-5.04332667679356,55.7282868553269],[-5.05375522387613,55.7332426743686],[-5.06095453457867,55.7585308464016],[-5.09355454379995,55.778014107877],[-5.09770924872846,55.7771323851304],[-5.09839370534862,55.7774903065464],[-5.11870219758674,55.7726744722861],[-5.12038348024033,55.7723172480803],[-5.12400937892003,55.7935306363076],[-5.12673673468791,55.8094702956473],[-5.138063755346,55.8020903387749],[-5.14303179521787,55.8127285865082],[-5.12923555935826,55.845221725614],[-5.16922749150157,55.8517244861277],[-5.19847151458386,55.8741641007538],[-5.21232096663262,55.8847792935604],[-5.22140622792082,55.9012142195969],[-5.21265506440549,55.906700172382],[-5.20165933341583,55.9128500512568],[-5.18067608566469,55.924577893918],[-5.1743459733147,55.9239664159805],[-5.16094176955485,55.9222141890808],[-5.11338107070265,55.8922419190672],[-5.07836786467806,55.8814048467318],[-5.08445210507937,55.867948660248],[-5.09209569235642,55.8629254641564],[-5.08701440388446,55.8622789853457],[-5.08728270598276,55.8616852108744],[-5.07536590489586,55.8607960998714],[-5.06191205512502,55.8590818711345],[-5.05888897776574,55.8391969123785],[-5.05729739635817,55.8393991043854],[-5.05719442638152,55.8388767626342],[-5.02467832235407,55.8433773679157],[-5.02231609583014,55.8093318359893],[-5.01523531675997,55.7962488842115],[-5.00106772844023,55.7700236924255],[-5.03178412690002,55.7570998731118],[-5.00568173967613,55.732400980264],[-5.00415240419903,55.7306261294426],[-5.02916885876837,55.7217253260426]]],[[[-4.95464317732514,55.7107139748211],[-4.96787045464884,55.7217043068843],[-4.93825471512022,55.7350710435096],[-4.95464317732514,55.7107139748211]]],[[[-5.76372122382793,55.6458239391138],[-5.75962510233428,55.6680117861369],[-5.77049888821886,55.6677586353482],[-5.77434224908168,55.6768482567356],[-5.74612977036629,55.709197642108],[-5.73857593180417,55.7074829026916],[-5.73859833208176,55.7076728430808],[-5.73692696466997,55.7073083416276],[-5.73980539755079,55.717904406037],[-5.74050601329221,55.7238401289705],[-5.72300415998164,55.7298702713495],[-5.71193400218301,55.7224991981256],[-5.73085288186714,55.7108292858447],[-5.72192855418792,55.6996290328844],[-5.72523252265255,55.6954054789052],[-5.73436821731424,55.6843535557183],[-5.71799852690935,55.6852144349312],[-5.73652750437684,55.6771301561195],[-5.73478559060095,55.6628917531083],[-5.73442147307448,55.6593722390845],[-5.76372122382793,55.6458239391138]]],[[[-6.14227314779571,55.6133544774344],[-6.15302638492001,55.6144052978811],[-6.15034757183001,55.6156924593336],[-6.13879621893025,55.6206077419969],[-6.14227314779571,55.6133544774344]]],[[[-6.26783881647803,55.5790683678979],[-6.26918396843213,55.5791605518422],[-6.31211132770725,55.5820943911966],[-6.31387067752056,55.5879623725579],[-6.31393077999194,55.5883195775568],[-6.31415411429614,55.5889075328113],[-6.33918693775229,55.5910941427076],[-6.33325574542,55.61993328882],[-6.31448873996831,55.6384020774247],[-6.30379156330422,55.6486727363385],[-6.27344782442334,55.6495299630352],[-6.26724582390283,55.6530131968428],[-6.26682428600938,55.6530436694429],[-6.26677310848071,55.6532786523129],[-6.25909042877476,55.6575921355175],[-6.26411489671592,55.6654804769772],[-6.26383900584161,55.6667464935708],[-6.27266074562568,55.6788892467057],[-6.28753650992022,55.7022064317233],[-6.31143280990496,55.7193939061738],[-6.34125520864925,55.7161417703369],[-6.34066182860446,55.7236172739299],[-6.34013588391916,55.7296155270509],[-6.33996080102075,55.7298887055845],[-6.33150153084834,55.7419856069516],[-6.27837980195829,55.7587216312736],[-6.26194683158649,55.7638913740848],[-6.25280281567115,55.7789695547216],[-6.25970378613863,55.7843046426228],[-6.34729816467531,55.7841635871358],[-6.3488805210267,55.781606829289],[-6.35022545513719,55.7815468299512],[-6.36522028831993,55.7556626503861],[-6.36958980585179,55.7481134563358],[-6.37173152839073,55.7446462921125],[-6.41476272034891,55.7060422604897],[-6.45649320629075,55.6861509588063],[-6.48821244830947,55.6710089429317],[-6.50980133857697,55.676835693205],[-6.52569733810186,55.6929383545737],[-6.52055156020945,55.6961241861595],[-6.4994872349655,55.7059704374135],[-6.49823282543531,55.7099337151753],[-6.49312183367854,55.7130941942606],[-6.49676059039102,55.7145842562692],[-6.49632114122127,55.7159722034698],[-6.50696325232147,55.7189402686112],[-6.49892004604301,55.7334379664402],[-6.49754219710974,55.735615546358],[-6.46386119812453,55.7506697230189],[-6.46131961097886,55.7518048893072],[-6.46240561457725,55.7521651653324],[-6.46409661632621,55.752726114282],[-6.46587040266524,55.7533144804709],[-6.47059741703292,55.755586468534],[-6.46553406943896,55.76528163776],[-6.45656040282143,55.7824524845194],[-6.46794273873568,55.7862978236033],[-6.48695066896681,55.7927158908844],[-6.4697522113406,55.8020603030975],[-6.45880902248823,55.8079972157848],[-6.45657333605113,55.8091944326397],[-6.45535289209932,55.825199293992],[-6.46495658196483,55.8277062724825],[-6.45464598790783,55.8524387622913],[-6.42950434936335,55.860206361687],[-6.41929891561102,55.8546752493567],[-6.41503491878669,55.8517777047206],[-6.39209022036788,55.8580779591241],[-6.32866161600612,55.8910559946047],[-6.32759631745993,55.8915899945832],[-6.34609242438747,55.8345117302687],[-6.33453113575474,55.8223372936217],[-6.31878973375565,55.8218675009378],[-6.32821330990737,55.8343381367987],[-6.3126978942235,55.8564332910284],[-6.31164952712158,55.8569876952133],[-6.31176190447162,55.8577653811088],[-6.30537511391593,55.8668524458272],[-6.31630380487018,55.8734682995385],[-6.27965056800136,55.8767109281699],[-6.24211724965626,55.8995016799724],[-6.21474052579071,55.9125592322818],[-6.20576817978805,55.92153795481],[-6.19688705728802,55.926916793638],[-6.1736995026669,55.9257948511918],[-6.16390259546091,55.9283859354802],[-6.12732740267559,55.9380494859276],[-6.12505764246158,55.9330564801087],[-6.12039726102284,55.9216252979167],[-6.13208478035212,55.8897247956317],[-6.10774366248022,55.8529019417454],[-6.10391864723313,55.8169984491273],[-6.10403123780698,55.8128819920927],[-6.08403906636135,55.7826209984398],[-6.05229637008249,55.7663975285422],[-6.0469122045449,55.763643556593],[-6.05207484660175,55.7447392083477],[-6.05279236813169,55.7425584249085],[-6.05274022136629,55.7425255073688],[-6.05283369904816,55.7419590481291],[-6.03199807462896,55.7261231843561],[-6.03676444798882,55.7139233254722],[-6.04029160049138,55.7096514020274],[-6.03957972275724,55.706713992956],[-6.03998434732618,55.7056776228249],[-6.03824179678259,55.7011920165752],[-6.0358772505853,55.6914284414801],[-6.02780011385563,55.6946295350076],[-6.02532241802794,55.6948226285426],[-6.03082372472991,55.6836403589933],[-6.02927051277641,55.6837158724689],[-6.0297804655182,55.682784323019],[-6.02284891786759,55.6840278638819],[-6.02015984839454,55.6841584099372],[-6.02165007361961,55.6834581307327],[-6.04983049458755,55.6715743255772],[-6.05113209022537,55.6695953583307],[-6.0552792939206,55.6676439614683],[-6.05471413127084,55.6641480823065],[-6.05778249928443,55.6594806807031],[-6.07337347432313,55.6633114948146],[-6.07412382846643,55.6441297495961],[-6.07419628243626,55.6423128989072],[-6.08631614760907,55.6489851106144],[-6.13234550334605,55.6319000062803],[-6.14939238476303,55.6255645116647],[-6.16556710480139,55.6308117407397],[-6.18603115114333,55.6233488004674],[-6.18635859832607,55.6237284282677],[-6.19400082724867,55.6329764437287],[-6.21782859832254,55.6305023341318],[-6.21150551986928,55.6202601885605],[-6.24022877191085,55.5924557248107],[-6.25293641072373,55.5901976260848],[-6.25869983790065,55.5894467175408],[-6.26771245407885,55.5792119081038],[-6.26783881647803,55.5790683678979]]],[[[-5.06383135068396,55.512564015712],[-5.08673159173961,55.5258189508072],[-5.083683679064,55.5337254375691],[-5.08228697551827,55.5370768799117],[-5.07177938024614,55.5233122661375],[-5.06383135068396,55.512564015712]]],[[[-5.19644010439663,55.4338342197203],[-5.251422330146,55.4394244354695],[-5.26117126891601,55.4434643141666],[-5.26306074667797,55.4460664153123],[-5.29335518006292,55.4567895138262],[-5.31320332358707,55.464998442263],[-5.32728821888376,55.4981286556244],[-5.35536142878441,55.506685289113],[-5.35488894460604,55.5116066215789],[-5.34898530242866,55.5372643938223],[-5.33758865677841,55.549519896613],[-5.3908887408222,55.6066364748231],[-5.39526813277706,55.611320857276],[-5.39517192007765,55.6270080774482],[-5.36481326253525,55.6783151245713],[-5.32796408188396,55.6891072612516],[-5.31614367719111,55.7058801580297],[-5.28652182643489,55.7023908284259],[-5.28894698144267,55.7056863625125],[-5.28763789155427,55.7056675499689],[-5.29004067724983,55.7071723761167],[-5.29434041437863,55.7130131733235],[-5.29327285107382,55.7139695272441],[-5.26679191287651,55.7210152505924],[-5.26646193361146,55.7210585383847],[-5.20145137453474,55.7023822663387],[-5.18356088094854,55.6919538939327],[-5.16113728467448,55.6788714379916],[-5.12985927264253,55.6135835264508],[-5.12806764715905,55.6098366696507],[-5.14499264004011,55.5961360882661],[-5.15312151112983,55.5901948531501],[-5.15300224777147,55.5896483162566],[-5.16031275608363,55.583724524196],[-5.1512526850901,55.5816288686418],[-5.15119102431648,55.5813461668199],[-5.13346953290831,55.5775128888446],[-5.10879248104525,55.5717955327069],[-5.08289779614906,55.5526679525432],[-5.12885542138279,55.5310299097466],[-5.07925191688265,55.5098644118828],[-5.09477098977083,55.4916772205305],[-5.08358302235038,55.4545211642868],[-5.11236133462523,55.4398636943214],[-5.13789748307103,55.4439063156719],[-5.154317026737,55.4410847144566],[-5.15828560370924,55.44139890105],[-5.16320342883876,55.4397161393774],[-5.16414119034403,55.4393952229356],[-5.19644010439663,55.4338342197203]]],[[[-5.18644672565298,55.4317583129048],[-5.1918820459119,55.4321790388049],[-5.18466932862296,55.4323671059353],[-5.18644672565298,55.4317583129048]]],[[[-5.54224145601937,55.4212933047798],[-5.54586190042658,55.4224211208576],[-5.55126067582561,55.4241025840505],[-5.5454880726961,55.4262284270506],[-5.53871703411133,55.4273169655891],[-5.54122524428052,55.422555657963],[-5.54183820124682,55.421391914538],[-5.54224145601937,55.4212933047798]]],[[[-5.56943050569157,55.2779534597169],[-5.59740079210268,55.2786826393778],[-5.57236219692152,55.2866479713354],[-5.56943050569157,55.2779534597169]]],[[[-5.11814754380523,55.2475682572667],[-5.11984910413199,55.2481284635721],[-5.12202943836479,55.2532944022279],[-5.12140695871606,55.2541953232994],[-5.1202942234272,55.2558056903168],[-5.11475568188705,55.2562449197363],[-5.11134351070575,55.2544522796373],[-5.10889068805806,55.2531634869463],[-5.10675938900604,55.2517760143962],[-5.11814754380523,55.2475682572667]]],[[[-4.87486444030203,54.6332549709359],[-4.92247741817549,54.6434321141917],[-4.96486915680273,54.6640776451635],[-4.97259564345293,54.6897101741944],[-4.94785032278163,54.7000657719252],[-4.96690619885361,54.7175974968097],[-4.96597954933873,54.7186681412667],[-4.95739329804135,54.7285856692572],[-4.9925277053324,54.7349606862841],[-4.9867445458321,54.7499389598598],[-5.0008235025317,54.7540854741555],[-5.00436943202903,54.7552247862521],[-5.01071826353437,54.7834199137978],[-5.04234235779652,54.7921806941417],[-5.0536225195222,54.8098775883187],[-5.11611234066624,54.840421534595],[-5.12124372252767,54.8429261278271],[-5.13826509717306,54.8513405012032],[-5.16903187575179,54.8933437838849],[-5.18504541298366,54.9151664175307],[-5.17773278135461,54.9669434909458],[-5.180490596851,54.9693579629722],[-5.17859148187801,54.9867330633291],[-5.17299203464618,54.9954217599906],[-5.15703885497528,55.0086235279373],[-5.1378629069271,55.0070162570574],[-5.12922984097642,55.0096006745138],[-5.10004338760082,55.0183310727811],[-5.06082340252422,54.9676951514368],[-5.07509865161232,54.9635281404598],[-5.07266324460695,54.9564967924033],[-5.07051846284538,54.9360326551791],[-5.0638836803376,54.9311270845819],[-5.06158417520932,54.9244766569819],[-5.0304656617913,54.9063945806416],[-5.03025525960849,54.9062553270128],[-4.99736955891404,54.9123245047536],[-4.99679293021515,54.9222909305182],[-4.99212948285771,54.9261840865129],[-4.99621523913064,54.9322728157884],[-4.9959818321025,54.9363048566125],[-5.03972403663237,54.9977546477039],[-5.06026896412963,55.0255457232026],[-5.05247830218137,55.0512514698191],[-5.02471305473471,55.0768303124984],[-5.00625741119788,55.0938113643194],[-4.99181704179651,55.1434472669001],[-4.94153296276078,55.1640249197681],[-4.91083202403774,55.1983590001812],[-4.86031331887215,55.2268701400111],[-4.86496628536148,55.2453585194011],[-4.85545203741086,55.2441837854352],[-4.8471587655749,55.2609062723221],[-4.83611398240916,55.2831549615175],[-4.84540054999447,55.3249056396488],[-4.83894660553028,55.3283248618694],[-4.82359607597228,55.3364536847968],[-4.77459787263452,55.3600473683233],[-4.76961837004263,55.400656452282],[-4.75350135348144,55.4162479940306],[-4.71288860158746,55.4329126804315],[-4.64793625708486,55.4371278714288],[-4.64739734929752,55.445183012158],[-4.64665959496453,55.4562060465009],[-4.6450340558133,55.4575655511873],[-4.64601687008126,55.4658051611459],[-4.64576442820271,55.4695743261927],[-4.62833652036361,55.4775077635271],[-4.62029229696465,55.4981968637359],[-4.63073739983935,55.5182573046534],[-4.62253249447412,55.5149970634282],[-4.66346505814782,55.5416373127262],[-4.68593997396525,55.546670767366],[-4.65921959775586,55.5480162929795],[-4.65903011972341,55.5523192580008],[-4.65854248217608,55.5524107721184],[-4.65895309048941,55.5540683729097],[-4.65832336327052,55.5683642262784],[-4.65824276320002,55.5701935276104],[-4.66888183868918,55.5798526688288],[-4.67509738237371,55.5896986820308],[-4.68835841364625,55.59752033025],[-4.69565789184954,55.604136905633],[-4.69822041582498,55.605821584436],[-4.71453933268169,55.6129489701357],[-4.71575275589418,55.613663615795],[-4.71715919249569,55.6140927641255],[-4.73751649619618,55.6229762281709],[-4.75633625721388,55.6311820810148],[-4.77089325015237,55.63046936877],[-4.77841361544039,55.6327583653063],[-4.78548298853845,55.6297532732845],[-4.78920404858609,55.6295703509686],[-4.79857456784868,55.6388059935997],[-4.82167353612513,55.6374081498622],[-4.82153033048746,55.6376648408824],[-4.81652331442906,55.64164987592],[-4.81834130057771,55.643380154251],[-4.8157317292878,55.6480556819519],[-4.86247484936865,55.6841055605681],[-4.86474665302518,55.6849041627498],[-4.90521873670789,55.6991185982086],[-4.90305406192179,55.7222008982874],[-4.8847701384633,55.7290609070991],[-4.88995953884631,55.7328439904006],[-4.88699572209649,55.733353955629],[-4.89295108596413,55.7350243710824],[-4.89475289066183,55.7363374504896],[-4.89419410021841,55.7364845861389],[-4.8733803723441,55.7303348787036],[-4.86898891429216,55.7427629956703],[-4.86878952139353,55.7433271254744],[-4.86904264149884,55.7434935440702],[-4.87743885355752,55.7490126702715],[-4.87598949387938,55.7495842530144],[-4.8759249142867,55.7490318660954],[-4.86939425014115,55.7482751118431],[-4.85738855101729,55.7468829448094],[-4.85566602203997,55.7581485318178],[-4.85638657504857,55.7659405368316],[-4.85518374836971,55.7742133088557],[-4.85742947748336,55.7772121451369],[-4.85759325451307,55.778981606132],[-4.87312760333944,55.798997414102],[-4.87362869008984,55.7996426861273],[-4.888382310221,55.8186306510259],[-4.88893830475191,55.8746908756037],[-4.89275546649508,55.8817869558859],[-4.89641214115447,55.8935764688798],[-4.88086745863631,55.9036824780054],[-4.87119551782091,55.9099668177447],[-4.88169231615516,55.9147913760886],[-4.88238466561279,55.915109520646],[-4.88195543157955,55.9183353202326],[-4.87926024375528,55.9385793908175],[-4.87851227615721,55.9425921164381],[-4.81748903858857,55.9629034286716],[-4.81693373202953,55.9626585171359],[-4.80896506620825,55.9571217418414],[-4.80637341352006,55.9579999264831],[-4.80628761682894,55.9579620706019],[-4.80614915018836,55.9581511211517],[-4.79172335516027,55.9634227945131],[-4.76510130722077,55.9576621760064],[-4.74532891912517,55.9442641433036],[-4.72601685642251,55.9468584288434],[-4.70388122080452,55.9413661456316],[-4.70435501135023,55.9405904708853],[-4.69925541116498,55.9402176825681],[-4.67046180729499,55.9330635377782],[-4.61322738792144,55.9332697745046],[-4.58235781704748,55.9345491770688],[-4.56343835535572,55.9353294336612],[-4.60961537088221,55.9465616309998],[-4.60988603256981,55.9466179300744],[-4.6664371101519,55.9583638949377],[-4.68362132455881,55.970880789568],[-4.70167433801007,55.9672655888531],[-4.7006899603374,55.9752589616301],[-4.68507489429854,55.9755949489106],[-4.69275710333404,55.9835081534644],[-4.70144556679639,55.9924533179351],[-4.72063681958104,55.9975040375916],[-4.72130065685653,55.9986111446927],[-4.73833581838534,56.0021581813677],[-4.78756322178843,56.0150836447981],[-4.78945243934365,56.0179233393817],[-4.78765137082748,56.024371827692],[-4.80278387447876,56.0379488813014],[-4.83074120851203,56.0798705196469],[-4.83712544828077,56.0497530433828],[-4.79284012971246,56.000833187578],[-4.77034647917156,56.0006335507337],[-4.76766441552772,55.9880523533612],[-4.8243976532386,55.9847688780866],[-4.84088735764172,55.9869792806748],[-4.86039357513785,56.0063186336484],[-4.8713193626052,56.0288738452483],[-4.87860672238818,56.0534617729507],[-4.83905967132003,56.113528054354],[-4.79446844120974,56.1610127919278],[-4.7698686875178,56.1871524241883],[-4.74968073863281,56.1954643375281],[-4.75253590759681,56.2037879073444],[-4.78965857033296,56.1819972383744],[-4.80502381018341,56.1607733768635],[-4.83194611778957,56.1235254132568],[-4.86163170360849,56.0998165579705],[-4.88696287669913,56.1091107038417],[-4.88297914144046,56.1419405789337],[-4.89461480495239,56.1587056915463],[-4.90059214515482,56.1673118331873],[-4.9017831255153,56.1690260897823],[-4.91667300540564,56.1645418016543],[-4.9108148035504,56.1583249605794],[-4.89976234664836,56.146589523924],[-4.90867874027663,56.1120903736029],[-4.89570686657816,56.1024339125055],[-4.87405601326792,56.0863026183181],[-4.87419574750994,56.0861691072252],[-4.89324842759002,56.0696844101514],[-4.91444543081027,56.0512428813037],[-4.89770717681604,55.9841239983927],[-4.90313206030866,55.9854804695088],[-4.96090917422888,56.0053037680678],[-4.96085921722365,55.98949508887],[-4.93198132035032,55.9780460596115],[-4.92382128747538,55.9748084225256],[-4.9086287036257,55.9670676687497],[-4.91066163376348,55.9633235471774],[-4.93122111173862,55.9434728220094],[-4.93364800672373,55.943037651186],[-4.97883545049256,55.8617720736686],[-5.03573370819934,55.8695589850135],[-5.04494088388026,55.8709195416171],[-5.06847710316606,55.9521704670972],[-5.10487505028835,55.9713149755556],[-5.10637110816158,55.9737703876594],[-5.1067943619712,55.9744649936217],[-5.12385339257036,56.0096367370322],[-5.12236698315371,56.0000024286304],[-5.12602170577406,56.0059904467463],[-5.1191565338683,55.9791750438842],[-5.11827775026747,55.9734696740493],[-5.11810116598249,55.9723230026742],[-5.08239827866735,55.9384463020956],[-5.07718957020595,55.8981284512362],[-5.11173356090015,55.9015293880359],[-5.17865150134298,55.9328918839634],[-5.18919338062659,55.9716530513798],[-5.19321371122818,55.9864133273263],[-5.1939619816223,55.9715293313702],[-5.19465480553482,55.9577412764753],[-5.19981123626976,55.9559373531171],[-5.19705647294,55.9457773444543],[-5.20353045492992,55.925900933768],[-5.22400791172703,55.9092354144838],[-5.23634789947947,55.9042741706696],[-5.24011495998665,55.8961145875619],[-5.24218754832191,55.8944254648978],[-5.20867117398825,55.8563141905216],[-5.20436317858056,55.8282739581056],[-5.20737499838282,55.8278880949086],[-5.22214750357768,55.8322979368303],[-5.22601262645958,55.8372329892291],[-5.25335924527556,55.8465652547077],[-5.25738410243533,55.8520617532043],[-5.2850609221996,55.8483269171273],[-5.29009348183473,55.8550969991535],[-5.29031156221849,55.8561787939854],[-5.29083789715038,55.85609820321],[-5.29196783024734,55.8576178033231],[-5.31113119384286,55.852988999563],[-5.31196213867572,55.8528616062297],[-5.30441045810084,55.8554410160358],[-5.31269017571294,55.8566474305003],[-5.31156549326154,55.8745770072786],[-5.31116509134625,55.875804714746],[-5.31385291325111,55.8734907489363],[-5.31689319286588,55.8709807357527],[-5.3135837192777,55.8777623320731],[-5.34767852719105,55.8876514995805],[-5.35221807978888,55.8982668439017],[-5.33679098064676,55.9197462614026],[-5.34376026840089,55.9224253697631],[-5.33366893315797,55.9490194013862],[-5.32703816424957,55.9558323344479],[-5.33571977096028,55.9616314999968],[-5.34231848301381,55.9675913401237],[-5.34635105604764,55.9712323793033],[-5.34406485288713,55.9832319987276],[-5.33891630045948,55.9972631667726],[-5.31829093357347,56.0118115397219],[-5.31523055284086,56.0119305283732],[-5.3123564697624,56.0159948638981],[-5.30150654851395,56.0236401468078],[-5.2844610742393,56.0552108282055],[-5.21722954066028,56.1004439591402],[-5.21023790926097,56.1051398398367],[-5.20317295001499,56.1285713379667],[-5.11338197944988,56.1533831348583],[-5.10091275955751,56.1568211007288],[-5.08312978512826,56.1671776478009],[-5.0607829495108,56.2078428343416],[-4.92617033824296,56.265005164948],[-4.93149074041245,56.2693156857528],[-4.99685947032638,56.2423544382207],[-5.03976538672919,56.234084060238],[-5.05448892338583,56.2457677238583],[-5.10418050029932,56.2017980203883],[-5.11741017163334,56.170689592023],[-5.14600137065343,56.156637816046],[-5.17751353282976,56.1517488739486],[-5.19256466801655,56.1494105122988],[-5.22020878650251,56.136087221221],[-5.23612008126973,56.1284117380215],[-5.25671165251388,56.0972375877666],[-5.2821807566316,56.0891276673991],[-5.29486029592927,56.069525529168],[-5.30567179441835,56.0613454187286],[-5.31875769853835,56.0591605599758],[-5.32081902503168,56.0599283102801],[-5.32134413840971,56.0686306027663],[-5.33403358441341,56.0681190342115],[-5.33049275343821,56.0635304561504],[-5.33582005235947,56.0655135313062],[-5.32689131321513,56.0588620768659],[-5.32623530278586,56.0580115845703],[-5.34112394832107,56.0506306776655],[-5.34546089911857,56.0222611922084],[-5.35824993494252,56.0254365110268],[-5.36099335499154,56.0230582185648],[-5.36232159139046,56.0231345693225],[-5.38905209615525,56.0048261232879],[-5.39427641210994,56.007354928028],[-5.39981064717585,56.0039981534996],[-5.40673358475973,56.0011337954071],[-5.41352587946827,56.0044770008207],[-5.42829585020526,56.0172229158349],[-5.4305139530098,56.034859143162],[-5.44059807234943,56.0379521473626],[-5.44333271618168,56.0208102235841],[-5.44605047127021,56.0207069425002],[-5.4483298535646,55.9894499466663],[-5.45112078459378,55.9719162052413],[-5.44473008571868,55.96476768284],[-5.42872111178861,55.9468468790557],[-5.42832966256726,55.9449536951497],[-5.41951307269701,55.8964589822846],[-5.41818491186336,55.8958182117508],[-5.41776541249699,55.893783418311],[-5.40353583588963,55.8887483880933],[-5.40256445546611,55.8882670332932],[-5.41305174736848,55.8898865754576],[-5.39602898355601,55.8705270183276],[-5.41289474580459,55.8643411721954],[-5.41477249934049,55.8636551563774],[-5.41500450605286,55.8635670801961],[-5.39455164154689,55.8628504452422],[-5.38519706319186,55.8624757361565],[-5.33990976227186,55.8273349490342],[-5.31761875557415,55.7884529478778],[-5.31457717642636,55.7831410712069],[-5.32759865604885,55.7645787721838],[-5.35073080300988,55.7661378374897],[-5.39426722288028,55.7520635306807],[-5.45103168974617,55.7071039348605],[-5.44877722899774,55.687679430259],[-5.48360295621756,55.6425847511076],[-5.46906649967793,55.6044476206213],[-5.4584089333756,55.5764364103891],[-5.46681873763494,55.5711773188925],[-5.47020492074917,55.5823739799758],[-5.48783297401059,55.5789726374936],[-5.48851876119599,55.5848018553414],[-5.48882263811385,55.5733955933715],[-5.49271935452492,55.5705220211578],[-5.48993908842217,55.5314755966324],[-5.48998027614255,55.5299287134251],[-5.50422345590785,55.5271705124791],[-5.51033552044577,55.4876323229971],[-5.54350115219962,55.4678022201533],[-5.54359593747315,55.4673161238987],[-5.54555494429972,55.4661256331511],[-5.55052785110817,55.4342664574993],[-5.58055120135503,55.4241297346058],[-5.60373862707626,55.4271488440599],[-5.60128325790061,55.4254692325895],[-5.60362884682103,55.4256425921004],[-5.59666136907604,55.4223070704332],[-5.59473991645941,55.4209922636149],[-5.58419209359873,55.4137724825913],[-5.5799348566857,55.4142956439981],[-5.57903831768201,55.4138660722656],[-5.57684303693623,55.4146754883995],[-5.55239295030619,55.417676285597],[-5.54157127998601,55.4075620824111],[-5.52651441734888,55.3920005446772],[-5.52033471534369,55.3612390007132],[-5.56184879458569,55.323663634232],[-5.60365828192615,55.3075025566162],[-5.68559296441993,55.3091019293701],[-5.71999522154272,55.2932404024214],[-5.75488009518104,55.2895797543558],[-5.78219458505222,55.2972002072155],[-5.79878325745875,55.3018238124466],[-5.80208585501933,55.3029744500609],[-5.79631936249287,55.3911433775699],[-5.79143626114951,55.3939222783211],[-5.75564883569709,55.4142709932505],[-5.7549336014309,55.4161723383515],[-5.7523317478636,55.4230873384023],[-5.75008670893751,55.4247018537923],[-5.72227692582497,55.426690976651],[-5.71507394878979,55.4464761682839],[-5.71367905155254,55.5206898950308],[-5.70432416596708,55.5320097823984],[-5.70379269843715,55.5325684285345],[-5.70408714606983,55.5334886966445],[-5.71617426915804,55.5734784238133],[-5.6927292596878,55.5873719556728],[-5.68794328679999,55.5980527860841],[-5.67232800218331,55.6328614607479],[-5.66307152596793,55.6678373244597],[-5.67654949256995,55.6824409465357],[-5.6199962210593,55.7097221071146],[-5.56982591978098,55.7669257428141],[-5.55344207301994,55.7670505071388],[-5.5493346125712,55.7696067425667],[-5.52409227678818,55.7827005576961],[-5.51066946867322,55.7896576769695],[-5.48175160740395,55.8046327380271],[-5.44063153277178,55.8555195801119],[-5.51183094185905,55.8025516923165],[-5.52013884019634,55.7963592505024],[-5.57638886220214,55.7761448539971],[-5.5808364634806,55.7722455877519],[-5.61477090195276,55.7619254025716],[-5.607473881495,55.7737657453171],[-5.60034650667779,55.7774937253106],[-5.61223228014491,55.780138711209],[-5.62097755523628,55.7820838599975],[-5.61465707875866,55.7884299290134],[-5.60798313067207,55.7950604734073],[-5.63985217286262,55.7868067605239],[-5.66435706398055,55.7992744217131],[-5.6647896566232,55.8315007368474],[-5.65734239978734,55.8503411470574],[-5.63437094153895,55.8806709521664],[-5.59822271470178,55.9148448848508],[-5.57110901737777,55.9334863088392],[-5.57775257300539,55.940301833272],[-5.60910114064034,55.929172070996],[-5.62885456223851,55.9169059268301],[-5.67776701298075,55.8869226207513],[-5.67961368511887,55.8910567903957],[-5.68144319206685,55.9078086211124],[-5.68771735371724,55.9091872655749],[-5.6884742986044,55.9108798504537],[-5.66839075526396,55.9443956129214],[-5.66509932796071,55.9493781575383],[-5.65437918953858,55.9587209060213],[-5.59608219454193,56.0094366197821],[-5.59307425381546,56.0104071966494],[-5.57757253561748,56.0131944717486],[-5.57558660671512,56.0160475166893],[-5.57253432370765,56.0170315539686],[-5.56560454411778,56.0300230232411],[-5.59817227967737,56.0159307687349],[-5.56675781438098,56.0409768299173],[-5.56682732858618,56.0409490159657],[-5.5665620291192,56.0411605995166],[-5.58865469650196,56.0322116202592],[-5.5868193869653,56.0390627867633],[-5.59258475794327,56.0306188510715],[-5.60906396095232,56.0239374182367],[-5.58032355909114,56.0526664652253],[-5.58833510159097,56.0454714890721],[-5.57955368750519,56.0545859508508],[-5.61204107913911,56.0242682977614],[-5.61251182115261,56.0242674806452],[-5.6246185714419,56.0246186736325],[-5.62406864464532,56.0242468380296],[-5.62524110291357,56.0242446837001],[-5.62263958460505,56.0232805289524],[-5.61325753434386,56.0169348862035],[-5.62181829120553,56.0075193360686],[-5.64027807855972,55.989883678289],[-5.6582659538237,55.9837023282518],[-5.63571378422264,56.0129169619758],[-5.63650741749651,56.0123198623753],[-5.63619355824032,56.0127274244544],[-5.63798402448777,56.0112088561701],[-5.6519796856431,56.0006744376352],[-5.67280073613764,55.9784838224149],[-5.67038958787577,55.9731832904747],[-5.65474549195354,55.9772985444755],[-5.6682634758807,55.9639450502043],[-5.68304268660921,55.9578661766302],[-5.6878393685753,55.95589248545],[-5.6862710108781,55.9577696143147],[-5.67672122986152,55.9691953693439],[-5.69872712647718,55.9573955244601],[-5.71412270222086,55.9491337372878],[-5.71488750855842,55.9487906416355],[-5.70837069130846,55.9571051055988],[-5.65669796438205,56.0229009639535],[-5.63582374469164,56.0290946737953],[-5.63264984179024,56.0525377104402],[-5.58469974914484,56.0917271405635],[-5.56796459378188,56.0879866637793],[-5.55058429328,56.0922766394744],[-5.54382749228133,56.0922836638992],[-5.54450600355759,56.0937761452023],[-5.54222310890514,56.0943392251406],[-5.5460234782095,56.0971135910976],[-5.55093743481386,56.1079167721757],[-5.55823262293906,56.1060230077219],[-5.56757246219562,56.1128349299007],[-5.54262042817845,56.1404596886356],[-5.54136846444474,56.1418446182256],[-5.50133162095692,56.1860757840721],[-5.50806802325899,56.1912169758284],[-5.51753817918043,56.1866995481126],[-5.52576490198858,56.187652389715],[-5.53340807552518,56.1791253641751],[-5.53563540231352,56.1780619371351],[-5.53314991364135,56.1811863573757],[-5.54572753459058,56.1741519994914],[-5.55685110744492,56.1679276830653],[-5.57941689590519,56.1571387760487],[-5.59238964588292,56.1403700437012],[-5.5982706766537,56.1327631060827],[-5.61462275598617,56.1315629331042],[-5.60469647106488,56.1400112378328],[-5.59294699034403,56.1500056224915],[-5.591102055076,56.1515719040289],[-5.6005235084428,56.1498081559193],[-5.59747106695812,56.1594181508461],[-5.60243758513117,56.1590754204957],[-5.60176709447869,56.1621925138488],[-5.5573370816735,56.2038566870944],[-5.56266005506516,56.2077556158526],[-5.56654463666654,56.2108168339902],[-5.54954626785499,56.2154709839215],[-5.5409512478384,56.2178229845267],[-5.54719086201538,56.2224677604598],[-5.54868433568268,56.2305397009853],[-5.55102448600547,56.2314319584426],[-5.56580231814269,56.2370644690727],[-5.55185115363771,56.2403479412688],[-5.48134352270854,56.2569096611724],[-5.50520498561137,56.2701105570133],[-5.51727472647436,56.2596104584121],[-5.53301960056175,56.2599180785991],[-5.5537204364809,56.2605067747508],[-5.5618449544632,56.2607369057004],[-5.5816825144644,56.2481509925046],[-5.58305977064956,56.2482421144799],[-5.59601804394184,56.2501365751426],[-5.57919236251642,56.2838852135599],[-5.59080317869425,56.2826667009487],[-5.59189080385369,56.2828487355863],[-5.58130009059786,56.3205107198061],[-5.57773343228387,56.3331785553737],[-5.5613371956149,56.3423517807324],[-5.55277339360224,56.3471404269589],[-5.54271543165916,56.3446562165016],[-5.53911777505607,56.3494632100621],[-5.53693661402847,56.3494948434453],[-5.52080171431035,56.3407161047399],[-5.52044255256491,56.3404392698591],[-5.52031353170644,56.3405125302053],[-5.49891661055867,56.3521249925761],[-5.48043398951695,56.3527217724687],[-5.47670873836006,56.3524443810778],[-5.44919305093932,56.3615854973548],[-5.45415525953572,56.3672266070849],[-5.47660984885034,56.3565936896831],[-5.48130376996901,56.3557383137783],[-5.4970631097129,56.361638226483],[-5.51972131914092,56.345559566897],[-5.52015175708922,56.3453362211129],[-5.53819942695804,56.3596830441679],[-5.51403444776409,56.3956560419904],[-5.47273405354619,56.4129399559745],[-5.48387251581452,56.4358963085653],[-5.48010114275033,56.437943473873],[-5.46142029859249,56.4478586154443],[-5.44682638560428,56.453453791277],[-5.44100366768662,56.4556060502993],[-5.43602206306338,56.4473336659555],[-5.41491102296569,56.4552413315583],[-5.41433524640233,56.4497354365544],[-5.35045525644433,56.4596381545075],[-5.34265597629322,56.4563184343606],[-5.33044361150584,56.4505486077503],[-5.32982912533738,56.4508563995223],[-5.32931678281008,56.4506381684537],[-5.32276538945697,56.4543940080533],[-5.31607344446015,56.4577444492353],[-5.28610746229051,56.4486670530878],[-5.26920922412281,56.4505476048033],[-5.26695322009522,56.457920210403],[-5.24860344045555,56.4374206083358],[-5.24565826690959,56.4372659203109],[-5.23505021364442,56.4367081646888],[-5.23283744631621,56.4399838742064],[-5.22760602548232,56.4455337089413],[-5.22371017503933,56.4400124947007],[-5.19040313618242,56.4484699618787],[-5.15711506902059,56.4719613556236],[-5.13557020310732,56.4769709415896],[-5.1444761570633,56.4823232665513],[-5.13128493620068,56.4926707493454],[-5.11909626362144,56.489002425989],[-5.12919642369727,56.4930605267763],[-5.1105446649183,56.5130223433996],[-5.09604816886625,56.5285209255368],[-5.06466947304198,56.5629051146023],[-5.07865707411314,56.5598823251183],[-5.09752516535687,56.5357337910252],[-5.1238032114233,56.5126892963427],[-5.13433571372422,56.5034435605982],[-5.15591207950298,56.5012697169627],[-5.18355560207402,56.4613308564926],[-5.23022643319778,56.4466360136303],[-5.24742176444886,56.4579213510881],[-5.25674512049514,56.4640364393454],[-5.28819893536967,56.4604438076239],[-5.34647974140525,56.471782443069],[-5.36195531880467,56.4701277530174],[-5.36500272767056,56.4627914472262],[-5.36673725549685,56.4589828320059],[-5.39944283486879,56.4589104519653],[-5.40702630002466,56.4589400556163],[-5.406577848854,56.4657542516765],[-5.40098518631999,56.4706960448969],[-5.40589234653521,56.4761670943739],[-5.40535566426403,56.4843165179821],[-5.4201650404091,56.4920695774856],[-5.42220523446203,56.4943414972222],[-5.4233390409993,56.4937305951011],[-5.42704492859328,56.4956696691291],[-5.42123833316852,56.5048453157697],[-5.41952564019883,56.5075508521307],[-5.42282582687297,56.5048014461217],[-5.45890458278064,56.4747127243365],[-5.45163223367301,56.4879781782269],[-5.47385712009667,56.4819005423268],[-5.47346332097999,56.48230093382],[-5.45057563548206,56.5040325862158],[-5.43205413842826,56.5215976488456],[-5.40189131259544,56.5257091737685],[-5.39835630007077,56.5211854644479],[-5.40062643841574,56.5172284944109],[-5.39334541828718,56.5147710232947],[-5.38977603211758,56.5102003617026],[-5.38539341080766,56.5120862236045],[-5.38163306189273,56.5108163222493],[-5.33369194933776,56.5210000148788],[-5.29643023775214,56.5464496610338],[-5.25516511652561,56.5482988095389],[-5.24970134233143,56.5485426110627],[-5.24589722438212,56.5530361325385],[-5.25562838006116,56.5536924061237],[-5.26111646572792,56.5540621780261],[-5.25581147129417,56.5558221587722],[-5.2314777511664,56.5638901403614],[-5.25586136504768,56.5564023614114],[-5.28209510504525,56.5483378584283],[-5.31996456611515,56.547787798026],[-5.36147341568855,56.52624579237],[-5.38279681972985,56.5241580186848],[-5.39322030555105,56.5437386258965],[-5.41672029623843,56.5390215528175],[-5.40827273064792,56.5606796537577],[-5.39106488731528,56.5687787476008],[-5.39035530189303,56.5595475012234],[-5.3693956825722,56.5659092887765],[-5.38777982941137,56.5752854358151],[-5.38375566639406,56.5821563920077],[-5.32503199253037,56.6206721097734],[-5.29591999493828,56.6389489006359],[-5.29835686569575,56.6429905463891],[-5.29771915703777,56.6435139558338],[-5.29874243299072,56.6436299385829],[-5.30092883557464,56.6472552407245],[-5.32641640002617,56.6471191047484],[-5.31739093011448,56.6534102341996],[-5.27261646915348,56.6696214362909],[-5.26554669842986,56.6686468980708],[-5.25572952902704,56.6672928872441],[-5.25249027529954,56.6655439557633],[-5.22376572385534,56.6861361035486],[-5.18615879772561,56.6887800017578],[-5.14684749432787,56.6771082366194],[-5.11632273783286,56.6808857331085],[-5.10634530703647,56.6918697172971],[-5.10143653351779,56.6930276703277],[-5.05109889341464,56.7048869106654],[-4.96945528880576,56.7145567237272],[-5.01288139925025,56.7140197525192],[-5.12370131865848,56.6924704304627],[-5.16262901072794,56.6848717884104],[-5.16710212954804,56.6913740812589],[-5.16795289637267,56.6926105082106],[-5.18862764541232,56.6918338354475],[-5.18568157862911,56.6996239804161],[-5.1860371244055,56.6996340047845],[-5.18527846405657,56.6999033882882],[-5.24739782078042,56.7030113467219],[-5.22909544149101,56.7294232079955],[-5.21146414602286,56.7431610323663],[-5.11171611842052,56.8194904012675],[-5.11193241657954,56.820482819379],[-5.10887137267666,56.8228545861573],[-5.10216981800944,56.826635826963],[-5.1111579617913,56.8391257233728],[-5.12571814141454,56.84283148526],[-5.14464384302355,56.839435271342],[-5.1535764905595,56.8412561368052],[-5.1681500110582,56.8499018810602],[-5.19205301949793,56.8546919165194],[-5.28193442203706,56.8567141715618],[-5.32910357861796,56.8577493003733],[-5.32131838802137,56.8505495984903],[-5.2809954616526,56.8460001082961],[-5.25362730910151,56.8429040926769],[-5.17981905816295,56.8466007726138],[-5.14822362011021,56.8362298179668],[-5.13016135827334,56.8344812435024],[-5.12013833780498,56.8344357494595],[-5.12452132351873,56.824760274911],[-5.12697222495167,56.8221242606533],[-5.14957574503567,56.8080495777296],[-5.21949182256815,56.7656745256571],[-5.24024017692055,56.7668168734507],[-5.23358510830453,56.7560043780429],[-5.2533526243068,56.7343294222736],[-5.25652072021129,56.7319910296127],[-5.24266154268355,56.7202558256881],[-5.26944224484256,56.7135671520567],[-5.27396973706574,56.7124355797843],[-5.28427484819609,56.7006208266862],[-5.28768796318579,56.709750241938],[-5.29845008179015,56.7121866136268],[-5.30474863954103,56.7080020442925],[-5.30811334109472,56.7078462144967],[-5.32730022641841,56.6948883149812],[-5.3500436115958,56.6865835351119],[-5.36082920047645,56.6826424533883],[-5.35561117899981,56.6757470644119],[-5.38510649616911,56.6557779013344],[-5.39878247225951,56.6468924291577],[-5.43416780236707,56.6427599952417],[-5.47027110312181,56.6152813578993],[-5.48429688811446,56.6171769081666],[-5.48807700378569,56.6101708517211],[-5.49116825268653,56.6106382426278],[-5.51892322123148,56.6165742757172],[-5.51434301663268,56.6141393807797],[-5.52842496215585,56.6162643765585],[-5.50753601154871,56.610519784266],[-5.49485802528323,56.6037754384881],[-5.52686154107775,56.5734485778197],[-5.55209594533762,56.5512040086055],[-5.57341227680881,56.5393888678806],[-5.57961447019238,56.5370387194064],[-5.68406598851546,56.4973698617309],[-5.69515090774196,56.5118721823002],[-5.74569146878135,56.5250919682561],[-5.75471472077069,56.5188215439544],[-5.76463150640302,56.5267465332237],[-5.77140250530389,56.5325410405485],[-5.74043687612237,56.5622552544381],[-5.74816958643335,56.5648632487293],[-5.78384773187889,56.5327661014711],[-5.88447872880455,56.5480156272074],[-5.90450182020651,56.5511249871147],[-5.90665524658687,56.552349131622],[-5.95962102314394,56.5824204657513],[-5.97835203301632,56.6103765732143],[-6.0009705600845,56.6198111296977],[-6.00174485648447,56.6254295102006],[-6.00401746110043,56.6493519807459],[-5.95013531941875,56.6560666191115],[-5.92838303618492,56.6511493902822],[-5.92417149443104,56.6524031718531],[-5.92357476935856,56.6523173463418],[-5.91901810701571,56.6539370393077],[-5.91722767097848,56.6544698713186],[-5.9060785329447,56.6577869292896],[-5.89147397948057,56.6393486413502],[-5.87923330642227,56.6391113389371],[-5.83276330574993,56.6234599031846],[-5.84119362227262,56.6345783574748],[-5.86894257780868,56.6425481809264],[-5.87661782683844,56.6501510123139],[-5.87657385082094,56.6537514198635],[-5.8505263602783,56.659735374811],[-5.83977671377853,56.6605807458052],[-5.83227762124208,56.6639234300682],[-5.81914623025106,56.6669348571296],[-5.80553014038559,56.6734803141832],[-5.74675909959165,56.701689857508],[-5.7477515650283,56.701529336864],[-5.74681710198878,56.7019443539219],[-5.72106375120967,56.6967878622254],[-5.70419272540286,56.6821866213455],[-5.68733174355702,56.6846999930593],[-5.66358351111445,56.6777435569737],[-5.65956985655825,56.6765671489571],[-5.64069421378397,56.6784160626428],[-5.5934719304785,56.6830281745412],[-5.54459599449072,56.6877816916124],[-5.59401210372692,56.6886902926704],[-5.61601628590376,56.6890884843189],[-5.66395934708532,56.6800924747394],[-5.71803990680648,56.7098568478863],[-5.77097256649855,56.7081286337825],[-5.777021042609,56.7150518127571],[-5.7790121590154,56.7058166836214],[-5.83262405610212,56.675971334923],[-5.83545162735959,56.6748803989016],[-5.86077302503541,56.6809035189092],[-5.89338248825525,56.6738035719438],[-5.89566145792053,56.6739099637459],[-5.90410906530231,56.6799956999541],[-5.91957091322163,56.6770114376862],[-5.92622817571748,56.6757258007705],[-5.93460085451108,56.686011385525],[-5.93821105460073,56.6836945182156],[-5.94561899808245,56.6886506700825],[-5.972355733169,56.6818423043598],[-5.97419323485609,56.6724209156217],[-5.98745094118518,56.6848778777967],[-6.03020307396271,56.6803074280434],[-6.05152051814323,56.693040433698],[-6.09633596425687,56.687880750867],[-6.10181992137992,56.689051972326],[-6.11145434288042,56.6929992955562],[-6.10990426418107,56.6974662385205],[-6.11563229656263,56.6947105603633],[-6.11730469077301,56.6953954822112],[-6.14222560165519,56.6831701295065],[-6.18811579556187,56.6880159927729],[-6.21831868736389,56.7031497752263],[-6.21873735078224,56.7041833454149],[-6.22666359214861,56.7260166262915],[-6.21121473158114,56.7257300763812],[-6.20162768305262,56.7381783194038],[-6.19995792697689,56.7380616117168],[-6.18510026835147,56.7354884883624],[-6.18517381318948,56.7370272548455],[-6.18396952012033,56.7369429172217],[-6.18146949538188,56.744177935293],[-6.18557808936833,56.7454823813686],[-6.1860192429281,56.7547021241338],[-6.17972347977025,56.753906758455],[-6.1677969381631,56.7514966686867],[-6.11796873955339,56.7656011788854],[-6.06495301861682,56.7586252541726],[-6.04972056273422,56.7666079415455],[-6.01742552976463,56.7638945093384],[-6.01376689624467,56.7722503468996],[-6.01189689165099,56.7722561256847],[-5.98239137242272,56.7690359477027],[-5.97868824886844,56.7723540950433],[-5.97133087233547,56.7723746101408],[-5.96658131500341,56.783197697488],[-5.96532676377947,56.7843209259563],[-5.92838290091372,56.7614963603988],[-5.90945849588089,56.7497890641901],[-5.88622700090707,56.7633207692674],[-5.86969355893934,56.7554778264612],[-5.87704202575765,56.7454751554766],[-5.85243845556299,56.7525780836497],[-5.84937072957083,56.7602241437723],[-5.88959984391121,56.7664839679512],[-5.88700131715467,56.7852725538817],[-5.88624202424582,56.7850764822471],[-5.86232513236442,56.7781364200846],[-5.86097618533598,56.7785482861741],[-5.85800558769396,56.7777802514366],[-5.83691628953915,56.7780765366111],[-5.823709318991,56.7857337821384],[-5.8138630152502,56.7853147635892],[-5.80380170029351,56.7839925360844],[-5.80173838096668,56.7866341696899],[-5.79284485921468,56.7925987667499],[-5.79750978006595,56.7920467580272],[-5.79523941221092,56.7949521378135],[-5.86500348876463,56.8106616765306],[-5.86279072702466,56.8206557673667],[-5.85794309525505,56.8301424155999],[-5.82909304921056,56.8347841196384],[-5.8166417361258,56.8280087301908],[-5.81378455926164,56.8315436630821],[-5.7952064941367,56.8370228204853],[-5.78593187699164,56.8366779363919],[-5.75722799360106,56.8482103595002],[-5.75668192354682,56.848371085585],[-5.71918018796584,56.8436282591375],[-5.70599758323793,56.8563070045726],[-5.69855985644566,56.8634561282683],[-5.67600180488185,56.8706726279857],[-5.67649815510495,56.8727882369398],[-5.66617492947533,56.8753767083752],[-5.67756659657477,56.8773414109199],[-5.678128417343,56.8797351282607],[-5.68868512030044,56.8795448159149],[-5.68897897538486,56.879308427356],[-5.69035191324237,56.8795449794776],[-5.72015818696631,56.8558850188073],[-5.7262661413119,56.8510320560645],[-5.75335543673018,56.8548903848573],[-5.7887732214243,56.859924805418],[-5.78761814374175,56.8607048117173],[-5.75571101416959,56.8791927835261],[-5.73144806323115,56.8842182655779],[-5.72353255198492,56.8849111144992],[-5.72586755479,56.8853732612858],[-5.72559616789465,56.8854294214907],[-5.73291679687904,56.8867681211124],[-5.74044765422115,56.888257707649],[-5.72987638210731,56.8923594598571],[-5.73772159738022,56.8961481660279],[-5.78870009745174,56.8913440697149],[-5.8049650615747,56.8899927961337],[-5.8053999189601,56.8897655241764],[-5.82729343883291,56.8876925385057],[-5.82758053044265,56.888343346975],[-5.83027126690349,56.8874102791444],[-5.8637131257432,56.8842353546137],[-5.88728080791724,56.8741833180598],[-5.91834852643948,56.8828354459741],[-5.92280826536521,56.8879172370475],[-5.92342946720572,56.8901993000971],[-5.91040289975482,56.8937053506584],[-5.89979633164405,56.8950715969735],[-5.89400926674063,56.9042575279978],[-5.86173730680677,56.899132734835],[-5.86168371417609,56.8936854616339],[-5.85310303193323,56.8999857623122],[-5.85113128150176,56.899694265502],[-5.85133655758212,56.9012824511014],[-5.84363271826801,56.9069361746622],[-5.85056992672492,56.9132663370907],[-5.87253117244866,56.909736490121],[-5.88340280445975,56.9199997688933],[-5.87600502605777,56.9254351114753],[-5.87477240346529,56.9252525401989],[-5.87171460388956,56.9284376897439],[-5.85596151568477,56.926891072578],[-5.86676776227428,56.9335892798091],[-5.86543637296035,56.9349755028524],[-5.85280630575666,56.9408463051339],[-5.85943296121269,56.9461995278888],[-5.85947605815367,56.9475252013545],[-5.8464270386122,56.9647079590369],[-5.84322418918245,56.9664695802947],[-5.81731518387492,56.959496564517],[-5.82537960265394,56.9747957034219],[-5.84718620781725,56.9725755526355],[-5.83554496833399,56.9972620275249],[-5.82447386122601,57.0085575038297],[-5.72744144309722,57.0183048959528],[-5.72427851132482,57.0138900558694],[-5.70858015670074,56.9909898133926],[-5.63477123850864,56.9698675502133],[-5.62443716780578,56.9750867709893],[-5.62171131572445,56.9763093951266],[-5.60351809967511,56.9844660630516],[-5.58929462557687,56.9803218135431],[-5.52402412512162,56.9943971783236],[-5.5352922191776,57.0009966306949],[-5.55182942584354,56.9988960829302],[-5.6127434376859,56.9837666921885],[-5.62264281749161,56.9858825479356],[-5.65904343665172,56.9936538033804],[-5.66120214359858,56.9943684261729],[-5.67109670271278,57.0031697213316],[-5.67903027840239,57.011068798086],[-5.68272682584178,57.0234449762019],[-5.68046887820759,57.025840391745],[-5.66412780429712,57.0296990040022],[-5.68126019668646,57.0342316871883],[-5.68357735241646,57.0367860155795],[-5.68401439015977,57.0372677389421],[-5.7013260102125,57.0395360237251],[-5.70755084140213,57.0411805696618],[-5.72738860744682,57.0354873589479],[-5.74371459731827,57.0307983526544],[-5.74845349710965,57.0348585691425],[-5.7561201456037,57.0414248580938],[-5.76199043538451,57.0513950281695],[-5.78160847077205,57.0442804299299],[-5.79677402220999,57.0658916875625],[-5.79485185563521,57.0669005950128],[-5.72549637915092,57.1012171350414],[-5.72205283103003,57.1181772128513],[-5.65394048586556,57.1271103724157],[-5.63622458977759,57.124886267362],[-5.59224803858449,57.119353277894],[-5.5919710417699,57.1193109555813],[-5.56720996549238,57.0960063413143],[-5.5199792492987,57.0814294810026],[-5.50970349205652,57.0976095928953],[-5.5020992836289,57.0967527527348],[-5.48625156756319,57.0992088509034],[-5.48242176381091,57.1011673362364],[-5.39181296905517,57.1089321854556],[-5.42669720231651,57.1151874294712],[-5.48013125112357,57.1051865054653],[-5.48732405602266,57.1012009738619],[-5.49092791952828,57.1053713354864],[-5.52676691642636,57.1018765736086],[-5.52744493733639,57.1018889550867],[-5.55280852867216,57.1124810528927],[-5.56150333397268,57.1335969181607],[-5.61109263309627,57.1457628016885],[-5.6380984562476,57.1439694212618],[-5.66051626792438,57.1424761876996],[-5.68243657478347,57.1530400962569],[-5.68908248643639,57.163118213886],[-5.68806206475574,57.1676282806472],[-5.69177850073128,57.1672048330573],[-5.69304374808455,57.1691223487068],[-5.6890607768594,57.1727388089738],[-5.66250509786242,57.1893181352585],[-5.64323772500437,57.1961778190463],[-5.63165042347076,57.2003006185768],[-5.62425477115376,57.2183257737381],[-5.62355230884201,57.2200369807538],[-5.64613155559524,57.2254993343702],[-5.65439779713275,57.227497664786],[-5.65641219469773,57.2279989682958],[-5.6473827629985,57.2381566233298],[-5.63688220644854,57.2499615606256],[-5.61561496594531,57.2548824174453],[-5.59596509283344,57.2587097119772],[-5.58424909727547,57.2556486500663],[-5.53133143018955,57.2712710854898],[-5.47674140753974,57.2332455626876],[-5.45206988217275,57.2231841124417],[-5.42737757905855,57.2131037033361],[-5.42538697273471,57.2145500384375],[-5.42308778152261,57.2136910178402],[-5.42492085456845,57.2148886901183],[-5.411989083502,57.2242809752233],[-5.39539174047644,57.2363267345228],[-5.41536505486982,57.2300043769246],[-5.45119072840043,57.2372124705973],[-5.51366108060121,57.2780056776477],[-5.5048486827483,57.2871279987684],[-5.486610691528,57.2967940400572],[-5.48600235253224,57.3049109772893],[-5.48554915906791,57.3062463104086],[-5.46042402660258,57.3106535448655],[-5.48430163239649,57.309921668107],[-5.48797259576008,57.3078252295564],[-5.4979388282732,57.2943416891968],[-5.5108502664591,57.2903960248644],[-5.51504009127166,57.2895572182954],[-5.51691100271287,57.2846031290061],[-5.52171567486393,57.2777001072144],[-5.52616430299067,57.2792115177675],[-5.52646218381306,57.2805988666474],[-5.52908967220697,57.2802052527001],[-5.53486506737452,57.2821667724735],[-5.55528305225415,57.2767346458598],[-5.5582436973426,57.2836027319945],[-5.59252522661994,57.2707996558191],[-5.60025004238568,57.2808829675312],[-5.61816845945528,57.2743334522849],[-5.6479437174677,57.2871370460986],[-5.65212167406738,57.2860071511954],[-5.65543023620433,57.2851122277372],[-5.72521932099527,57.2828815113206],[-5.72741179408156,57.2829889525816],[-5.71822252903162,57.283527497386],[-5.72944961696913,57.2966303946298],[-5.71669547029021,57.3151654065248],[-5.69734064066964,57.3266783163554],[-5.69261055807182,57.326792335656],[-5.68055019220538,57.3259667152207],[-5.68098634212983,57.3270717786973],[-5.6709482851725,57.3273122255608],[-5.68147052512116,57.3282984579471],[-5.68502291713363,57.3372957344264],[-5.68588277937894,57.3414100531335],[-5.66370472685234,57.3404016031959],[-5.65784079934821,57.3435457805404],[-5.65573643057928,57.344673927378],[-5.64614631673745,57.3456633501686],[-5.64596429699178,57.3445371564264],[-5.65725163846161,57.337628642874],[-5.66169717600446,57.3349067372346],[-5.65696042185535,57.3347028978171],[-5.65042233677436,57.3344212401858],[-5.58258655682987,57.3434276817989],[-5.57723365970113,57.3538046278148],[-5.53453607668741,57.3528820512131],[-5.50770887360068,57.3662372622073],[-5.47256871412727,57.3827917977046],[-5.47135883258449,57.3843089099509],[-5.45735822711051,57.3912618992612],[-5.45448948896841,57.4029096959888],[-5.4531948516529,57.4081639935514],[-5.45876698133609,57.4041938078115],[-5.47414117189506,57.4086384659219],[-5.47420685342222,57.4086012532241],[-5.48852288162662,57.4019699098675],[-5.5056565851515,57.3940160618611],[-5.50237025258556,57.3911943834186],[-5.55607184489076,57.3579469991439],[-5.60163569825334,57.3552491010552],[-5.60420568360089,57.3561229533269],[-5.60754452110686,57.3616584040835],[-5.59958825936618,57.3651411716571],[-5.61683363687771,57.3658523500105],[-5.63538805614935,57.3690564557452],[-5.63394239029137,57.3800609464703],[-5.62545675199674,57.3823852873105],[-5.6027305015123,57.3879786946382],[-5.60319267259512,57.3884795969429],[-5.59405300117001,57.3909796583013],[-5.60810718084483,57.3985964902198],[-5.61696589019011,57.4033967809441],[-5.63294371932873,57.3978816695742],[-5.66224470308423,57.387701555047],[-5.68876201136782,57.3784778249551],[-5.71678048447683,57.3625081243347],[-5.73843287754363,57.3536159347301],[-5.78843854457056,57.3463828918539],[-5.80813697251697,57.3762475063941],[-5.81338070753872,57.3622755269987],[-5.82198422134668,57.3634887976436],[-5.83125281358423,57.3910656606965],[-5.83012441809437,57.3908258439012],[-5.82253063634943,57.3868782074606],[-5.82225805161607,57.3891536427947],[-5.81915407251114,57.3884936301547],[-5.81955351016623,57.392351820074],[-5.82050970295793,57.4015838064325],[-5.80794381767207,57.3927038841205],[-5.80599656794199,57.3913273166117],[-5.80697568077327,57.3927331974873],[-5.81217018959626,57.4001898546035],[-5.8074780198825,57.3989095864195],[-5.81464019371207,57.4037343342966],[-5.82341354465418,57.4163180475779],[-5.82090481336054,57.4237778324615],[-5.80613788677674,57.4390162967825],[-5.82857455592796,57.4406145892549],[-5.82966166472273,57.4414188911273],[-5.85439310295323,57.4433001206073],[-5.87287766749811,57.4741414229627],[-5.83885647730046,57.5715849116432],[-5.83625397258317,57.5790187973304],[-5.82912543682315,57.5782321358907],[-5.82395371415495,57.5767264465698],[-5.82283233705278,57.5775372954976],[-5.8202515616916,57.5772522450201],[-5.81447168500591,57.5835813090154],[-5.81173940026788,57.5855559633123],[-5.79089380205961,57.5730359992147],[-5.76827367206401,57.5594361633204],[-5.74335471007929,57.5539822227604],[-5.74272260395148,57.5439735206518],[-5.74177205267407,57.5441980453271],[-5.74161400537613,57.5431910172302],[-5.7271355127818,57.5476178785974],[-5.70660687013954,57.539704630014],[-5.70975737952558,57.5558226238138],[-5.70815312984986,57.5547001326217],[-5.69909563501747,57.5324093118318],[-5.67572074149728,57.5220563164521],[-5.65004333429762,57.5106715294062],[-5.65066176384915,57.514413170892],[-5.64729815229063,57.5120524490313],[-5.65152458872499,57.5196316522643],[-5.65582362181252,57.5456060873004],[-5.62160726589582,57.5211427444651],[-5.62314012333748,57.53228677773],[-5.58066404643871,57.534700537572],[-5.57402432916332,57.5293737150431],[-5.57733771775422,57.536318758326],[-5.56253857123475,57.5319822615647],[-5.56203603104025,57.5386444117182],[-5.53492152426814,57.5312256097246],[-5.52377939571359,57.5438583949787],[-5.53377268758194,57.5522276764126],[-5.59005980089602,57.5564963085533],[-5.63431798762921,57.5555282703991],[-5.66639164530081,57.5462646094452],[-5.67024545707518,57.5531614580053],[-5.67936989577077,57.5582220537974],[-5.70151715664345,57.5704966447169],[-5.70145210629136,57.5706804479224],[-5.68145041255987,57.5675564059306],[-5.68532339481915,57.576163541753],[-5.68565981039588,57.5769109693757],[-5.72781861698145,57.5855104676932],[-5.73332887183713,57.6067448396592],[-5.75562156067148,57.6235971303141],[-5.76316505623523,57.6264719674187],[-5.78404708273784,57.635789268032],[-5.7887630602102,57.6362205818286],[-5.80039691200727,57.6406476689662],[-5.81887729321806,57.6389775254586],[-5.81879308292324,57.6391458007937],[-5.78742623907014,57.6834134262766],[-5.78921134617071,57.6974051211016],[-5.73813540026813,57.708415792274],[-5.72871971287134,57.7000369186952],[-5.73087030835104,57.698529683236],[-5.70714593672826,57.6994386107926],[-5.69440345372546,57.6937446944665],[-5.69305826742126,57.69314083778],[-5.68385956105983,57.6890105815132],[-5.68784603939939,57.6991213010944],[-5.67170121545402,57.7014362694131],[-5.67791222266287,57.7125835910727],[-5.69381737985586,57.7116755458279],[-5.69440663054656,57.7157991628661],[-5.69641430786119,57.7301296806829],[-5.69683366160474,57.7301414177818],[-5.75987754034816,57.7314051607157],[-5.81297971728518,57.7498873532777],[-5.81234118448763,57.7522048772205],[-5.80091160766932,57.7934115297886],[-5.81427205826031,57.8581605944413],[-5.77938856874948,57.8588551134661],[-5.76101556077603,57.8702756735682],[-5.73997200997322,57.8660166449095],[-5.72592815187916,57.8680253053284],[-5.71088531573233,57.8670574399523],[-5.68398952136513,57.865322357574],[-5.68351708614937,57.8650688129454],[-5.69255871806611,57.8437628710787],[-5.69168544496673,57.8436898417188],[-5.68281732383484,57.8377494815918],[-5.68486618113731,57.8345040537943],[-5.67632293928643,57.8333975172866],[-5.66209038917762,57.8238551860392],[-5.66137333716903,57.8227223473919],[-5.66884246114828,57.8000677258612],[-5.62348364458141,57.7683182448224],[-5.62281045301004,57.7682152315081],[-5.62241017685085,57.7679309505527],[-5.62100245082975,57.767938548576],[-5.60315002413896,57.7652049210448],[-5.59629382514353,57.7732066323413],[-5.62226260313558,57.7897895445611],[-5.60854061446009,57.7964118426508],[-5.6047439859039,57.7869723779106],[-5.58473947353531,57.789732989711],[-5.57937235540162,57.7904127174394],[-5.57941222757363,57.790437567603],[-5.57909427519517,57.7905113760231],[-5.5804882091473,57.7988485940027],[-5.59768640645316,57.8018760405241],[-5.58190795594635,57.8360869322519],[-5.60500093582623,57.8505572819265],[-5.64266811870282,57.8560309299765],[-5.65606383684001,57.8784272916401],[-5.6557748580589,57.8786406997615],[-5.64338900291342,57.8832361750732],[-5.64717035614639,57.8849936332516],[-5.64687994996162,57.8852079986213],[-5.65230145704797,57.8873779584881],[-5.65587732042832,57.8890392878749],[-5.65220745445975,57.8940606716143],[-5.62061373309348,57.9226155559932],[-5.61840170939109,57.9243381811147],[-5.58134253997598,57.9195373683157],[-5.5777088132849,57.910310555971],[-5.56144869729891,57.9177834684983],[-5.54051221097332,57.8695404816355],[-5.53658417314672,57.8686163117903],[-5.53624169148896,57.8679363950551],[-5.50749099239896,57.8617660999646],[-5.46813892495036,57.8524855746096],[-5.45209647200947,57.85302686117],[-5.45679714138565,57.8651958256051],[-5.44170755016088,57.8698177388397],[-5.42336903071855,57.9070850226493],[-5.42223815504814,57.909208391777],[-5.37607279409195,57.8944388048467],[-5.34737235472292,57.8852420178235],[-5.32544322675956,57.8658310551605],[-5.23155073424993,57.8470754625562],[-5.24745843126417,57.8670947214999],[-5.31105114639206,57.8787799310605],[-5.34008642570998,57.9064611131082],[-5.37759359457578,57.9106265047936],[-5.39367406791826,57.9124086342174],[-5.39400719471734,57.9126079130595],[-5.40439032775853,57.9313381587305],[-5.37942393142485,57.9300885102703],[-5.37237007126309,57.9297345479534],[-5.37184899394258,57.9301497928576],[-5.37125799381896,57.9301281325159],[-5.37047293238767,57.9312463136564],[-5.36232586159566,57.937736701072],[-5.34011050213956,57.9222494183918],[-5.33040826207343,57.9143423169409],[-5.30915379653153,57.91180024673],[-5.29869582716129,57.9104715216299],[-5.29837928208376,57.9105100928561],[-5.2972771448078,57.9103780641886],[-5.23965636150098,57.9176505265056],[-5.15122132887792,57.8756076841518],[-5.12711499491136,57.874901993867],[-5.08609222659824,57.8299382545005],[-5.07127920267496,57.8271771625914],[-5.10049619365408,57.8701017867788],[-5.13282484824119,57.8799730987535],[-5.15233879755956,57.8959517601068],[-5.16555738487781,57.8926916944743],[-5.18753504287836,57.9048251270429],[-5.16661087403975,57.9016470013379],[-5.22356755142455,57.9248338115504],[-5.17945572203612,57.9410092141317],[-5.17654524430434,57.9495216700114],[-5.17424817723341,57.9562372792421],[-5.18485207460993,57.9493136258066],[-5.19255773627921,57.9442801254735],[-5.1924386559813,57.9491231701458],[-5.19223375123337,57.9574555984802],[-5.225604184801,57.9580235381919],[-5.24614522908707,57.9708700466925],[-5.31073333945573,57.9792739468749],[-5.30982396799453,57.9824041471363],[-5.30754302113843,57.9883954344709],[-5.33085368321068,58.0068086422982],[-5.35220927815831,58.0064237701683],[-5.35498443364915,58.0064030707861],[-5.35512252264845,58.0077471196777],[-5.34814692498886,58.0145741984646],[-5.35665613748205,58.0226663742573],[-5.35703836048653,58.0263824782959],[-5.36100171222978,58.0267973063284],[-5.36240947620885,58.0281352961044],[-5.38888566817145,58.0303016297046],[-5.41486072448719,58.0324213472155],[-5.42014751079298,58.0329720694676],[-5.4190761476067,58.0359677838834],[-5.41257292304923,58.0528461313476],[-5.44399075503931,58.0620738980199],[-5.45785437797575,58.0770068158058],[-5.44648490216024,58.080015614791],[-5.44614016963294,58.0977150742992],[-5.43643765748813,58.1020974215644],[-5.42673305271895,58.105907478575],[-5.39484995324345,58.0931348515123],[-5.38057517026302,58.0874106899871],[-5.35703053476832,58.0575764501261],[-5.35267738478382,58.0749356883504],[-5.34051875769751,58.080120895513],[-5.33932855355339,58.0802753740639],[-5.32390554448799,58.0679786851333],[-5.30058041371913,58.0641863092525],[-5.29957615845032,58.0654318153451],[-5.28224239181221,58.0737822829817],[-5.27919602844744,58.0737274976236],[-5.28626616085345,58.0809556015834],[-5.28746130072868,58.0830856321946],[-5.27510792452792,58.0843508041873],[-5.27518758572137,58.0844816899888],[-5.27721830789338,58.0969985703444],[-5.26669962324122,58.1018043379402],[-5.2744764229295,58.1108802733841],[-5.28581705528327,58.1078017294235],[-5.28412296453881,58.1094655894886],[-5.27896107113166,58.1142207939048],[-5.2792199709204,58.1142801012505],[-5.2788706498549,58.1146230631504],[-5.3025538125816,58.119622363826],[-5.30291421933518,58.119704832007],[-5.26218257606629,58.1211052852983],[-5.27471102216132,58.1267923292095],[-5.29719272677439,58.1369896830461],[-5.26922546098253,58.1375109022355],[-5.25801698932338,58.1374218628197],[-5.25203834160173,58.1474607098651],[-5.24453699655962,58.1476192702364],[-5.23961817690836,58.1467433975776],[-5.23765438485982,58.1554711848916],[-5.2695118055167,58.1475849717452],[-5.3096648380916,58.1549923700967],[-5.27911441286062,58.1668401716276],[-5.27880106699193,58.166962686075],[-5.2824687004726,58.1663522248903],[-5.30997437125969,58.1623457321465],[-5.31807418870439,58.1698739758405],[-5.30413494018043,58.1757458839485],[-5.30581273878214,58.1760375180425],[-5.30551140153163,58.1761865662662],[-5.31601660446606,58.1778105707132],[-5.33223915192086,58.180627385972],[-5.36162453366375,58.2178932124476],[-5.40419474100431,58.2355788035185],[-5.40371386304006,58.2368554841519],[-5.37604028390095,58.2642182171261],[-5.36773748943799,58.2512381033783],[-5.33741399579823,58.251752596712],[-5.33761083989925,58.2513074076021],[-5.34349651609089,58.242816135439],[-5.31978013708236,58.2398075924299],[-5.31025877281135,58.2242024526326],[-5.24276536276255,58.2497540100979],[-5.2800616916131,58.2577990716407],[-5.26225413753605,58.2685566747512],[-5.2579658831081,58.2599923890715],[-5.24010358414534,58.2615882570735],[-5.24134541721694,58.2520115197078],[-5.24168820310362,58.2493665489947],[-5.24007438855023,58.2548784956471],[-5.23964288578486,58.2547958859462],[-5.22737028695846,58.2499525938573],[-5.22730442552324,58.2524329406909],[-5.22449523235058,58.2518947404675],[-5.22723576047016,58.2550187942011],[-5.22717768106262,58.2572058349242],[-5.20747544694495,58.2484723993661],[-5.20364746660617,58.2464608110717],[-5.18110851622701,58.251052251731],[-5.18005467786594,58.2502410393982],[-5.17323689399096,58.2417538212092],[-5.17331973799916,58.2415743361971],[-5.15848334925251,58.2336257983725],[-5.17210711193265,58.2441217182579],[-5.17192700754431,58.2445116229461],[-5.16552822053913,58.2583588690467],[-5.15408145899826,58.2527419431034],[-5.15235240427604,58.2535907474259],[-5.15172901169734,58.2533213292929],[-5.1318944485825,58.2578497101441],[-5.12569069983612,58.2554659407067],[-5.12520161845715,58.2548003482768],[-5.1298910502872,58.2514141021039],[-5.11906865117673,58.2476706346899],[-5.12223441746722,58.2594296358338],[-5.12934941206127,58.2604442356554],[-5.13138474435205,58.26321298494],[-5.10911044212807,58.2700988545127],[-5.09247493853769,58.2627812100908],[-5.06908286919053,58.2523269646261],[-5.05627155563382,58.2465969267696],[-5.05583752509766,58.2466465881717],[-5.05395438092049,58.2458165866616],[-5.05316437609678,58.2469524102174],[-5.02690949123815,58.2499528619464],[-5.02371822440534,58.2497358938088],[-5.02552107986881,58.2502645928206],[-5.02094270762133,58.2575798112255],[-5.00746691699566,58.254896333222],[-4.99824542557534,58.2389861734047],[-4.93895261240172,58.2170032203974],[-4.95025911609695,58.232038817686],[-4.99500776454499,58.2509024793243],[-4.92061458600638,58.255865930116],[-5.00907467969133,58.263899337176],[-5.03181236799714,58.2621661623809],[-5.02191141410782,58.2587431716909],[-5.03069731270266,58.2552052070663],[-5.04713813122706,58.2566007066358],[-5.07003280002685,58.2633047949393],[-5.10896737237872,58.2746903669749],[-5.1084160709369,58.2806560274822],[-5.10809540509288,58.2832947493938],[-5.11665501704341,58.2814795844115],[-5.13425696125542,58.2778746791054],[-5.13379144757554,58.2856930845381],[-5.12609239625563,58.2844989266586],[-5.12211537102917,58.2831801064257],[-5.12031196966775,58.2836019987559],[-5.12004366494112,58.2835603590033],[-5.12004657166925,58.2836118800242],[-5.11965980888367,58.2837545570161],[-5.12058777530057,58.2931983614964],[-5.12063351827062,58.2938067475675],[-5.1396076326396,58.2910707635038],[-5.1342954047857,58.2981574774592],[-5.14470482962665,58.3014090597989],[-5.14706659868832,58.30223944359],[-5.12836030121595,58.3102200313356],[-5.12730900537291,58.3106683561441],[-5.14115433610837,58.3114687183439],[-5.14674647328974,58.3119432570452],[-5.1275479758084,58.3199401639834],[-5.14312050931517,58.327468807046],[-5.14452621298322,58.3263433977561],[-5.14636131495338,58.3271194742436],[-5.15905742800524,58.3205282227313],[-5.16937556609749,58.3219012467966],[-5.16960316539609,58.3220322103352],[-5.15837612778735,58.3352938239767],[-5.17507848162097,58.346054730367],[-5.17467173837827,58.3505520263014],[-5.18229828176342,58.3507035448716],[-5.18287559327829,58.3510752031862],[-5.15459429117255,58.3528751206128],[-5.17592895733377,58.3619521463166],[-5.14446097400776,58.385283623076],[-5.15334776129516,58.4007570015838],[-5.14222585590892,58.4121988064774],[-5.13964080566075,58.4106468451887],[-5.11635557912424,58.3958752677485],[-5.08980444489094,58.3940027804649],[-5.08943167634734,58.3940042921026],[-5.0914571146585,58.3900084911705],[-5.08123784084544,58.3921485606132],[-5.0755418260884,58.3933409257947],[-5.07143464419705,58.3923985602247],[-5.06584344048448,58.3825094705897],[-5.01959588163359,58.3768175998559],[-5.04485965068171,58.3862348850907],[-5.04451768516527,58.3862181523931],[-5.03224519652864,58.3928589209795],[-5.06021656665108,58.3998946716389],[-5.05481997952592,58.404009632896],[-5.07035240089494,58.4024419820708],[-5.07092100889991,58.4025848478044],[-5.05234801780764,58.4114514728218],[-5.03248127519239,58.4098387411386],[-5.06661063143212,58.41468006629],[-5.06883534149234,58.4078622910302],[-5.08256148711857,58.4072929074841],[-5.08865808809072,58.4070395321522],[-5.10454353874835,58.4110261103216],[-5.11013709233488,58.4134731013545],[-5.08322171763559,58.4148411654329],[-5.07242781658109,58.4153881789217],[-5.08355189749548,58.4186156369741],[-5.1157043005232,58.4279352650598],[-5.10276883676711,58.4386386302356],[-5.08521144445404,58.4375766088135],[-5.08352377220447,58.4375083184526],[-5.08365972648847,58.4375330465373],[-5.08344134918749,58.4375192832107],[-5.10025792681127,58.4405507387336],[-5.08724646041211,58.4460292186895],[-5.08595240560233,58.4460264133574],[-5.06514604914792,58.4459794941741],[-5.07742319905991,58.4509019568233],[-5.07704967317448,58.45106136884],[-5.04623740643635,58.4497791692097],[-5.03192376180426,58.4486701390459],[-4.99393262130403,58.4234015000042],[-5.00123631992052,58.4360618903306],[-4.99100711785542,58.4403156333455],[-5.01570980904132,58.4450861440656],[-5.0165925392254,58.4523078663151],[-5.07707092839049,58.4569667936301],[-5.0557487358202,58.4639102383169],[-5.08637671874911,58.4692494920906],[-5.08707452162539,58.4698573343827],[-5.08818816296147,58.4715136886647],[-5.09242100261367,58.4778077748844],[-5.09633030948111,58.4779174735508],[-5.1018503308924,58.4827223141018],[-5.1149121934552,58.4785526905539],[-5.12581512144863,58.4890584638808],[-5.12544443805126,58.490037897],[-5.11342864586054,58.5217586930547],[-5.09378538743086,58.5351213252231],[-5.09121544186188,58.5368686060287],[-5.08611103025376,58.5373595947972],[-5.07217758809212,58.5365306103954],[-5.06560500879192,58.5393298894961],[-5.05058257187676,58.5407711024651],[-5.04396013490323,58.551040127241],[-5.01708525538492,58.5762883932767],[-5.01394066470849,58.5777998507098],[-5.0152746914736,58.5792770325071],[-5.01339864970689,58.5900190225554],[-5.01066211046669,58.5911995727547],[-5.00705036894017,58.6256896585321],[-5.0022484394845,58.6243476607212],[-4.95619537723427,58.6104874996747],[-4.95467795962768,58.6110378520926],[-4.9461288235737,58.6086429176381],[-4.93629251077087,58.616915503828],[-4.87638748490624,58.6149593128092],[-4.84891092897609,58.5994595776665],[-4.82468155125111,58.5969215425581],[-4.82157577521902,58.572127243086],[-4.82219858971193,58.5719639907316],[-4.82117608296058,58.5689334875545],[-4.82038534185184,58.5626129726414],[-4.81926490033581,58.5632675794093],[-4.81892666656453,58.5622646362778],[-4.81060055011711,58.5542549117045],[-4.79848762642101,58.5510195532004],[-4.79336835871276,58.5459955865785],[-4.83118627848672,58.5225114541046],[-4.80225187794942,58.5342269900102],[-4.81281364405585,58.510785693497],[-4.77815551317557,58.5511184313547],[-4.78951296507849,58.5530034185568],[-4.80573653627215,58.5638010173929],[-4.79671553332673,58.5764346241899],[-4.76798072602761,58.5763815750279],[-4.76561884680855,58.5835016642764],[-4.79190888093784,58.6002387334961],[-4.79180117069256,58.6007717955969],[-4.76806996563113,58.6051773138851],[-4.76673381702034,58.5906528128597],[-4.76417768878596,58.5899617075725],[-4.76413340685583,58.589760792899],[-4.7572588489372,58.5880906572271],[-4.75418703553199,58.587259768654],[-4.74251095812606,58.5841004843958],[-4.74031066179283,58.5792966564763],[-4.73597190718449,58.568567947884],[-4.73542380053108,58.5686223110245],[-4.73438756114452,58.5663579667167],[-4.71773860586782,58.5702778467882],[-4.70563932613266,58.5574169977734],[-4.67587988815663,58.5492178080863],[-4.65550422010198,58.5514045168017],[-4.65437809505209,58.5512601286511],[-4.70625275085743,58.499573494017],[-4.71167989807203,58.49619650797],[-4.74438389075915,58.4620877100887],[-4.7570637627822,58.4488433098944],[-4.74338731346627,58.4493118343631],[-4.7363350509396,58.4495528549272],[-4.72464929838948,58.4654462036728],[-4.66443685515834,58.4827381091191],[-4.66968583190738,58.4976348769683],[-4.6663710473113,58.5004084985601],[-4.64439165871933,58.5187860334947],[-4.63621971749096,58.5213202119823],[-4.6179094888627,58.5237984183116],[-4.62047819637703,58.5095355995533],[-4.59481081542223,58.5341478954061],[-4.59326120772148,58.534627494985],[-4.5945639189105,58.5369742576932],[-4.59871024959682,58.5635866426107],[-4.59182569685114,58.5742065317291],[-4.58494904989593,58.5778421876185],[-4.54065214181599,58.5784958876329],[-4.50933789283184,58.57739624785],[-4.49704174080332,58.573718371168],[-4.49232211585212,58.5680970346654],[-4.45691327074432,58.5616521014696],[-4.45612591335323,58.554373551983],[-4.45570373445556,58.5474632866059],[-4.43671062958153,58.556305783776],[-4.42402472515036,58.5496332347898],[-4.43064177267948,58.5295827795704],[-4.42056514916414,58.5260929627402],[-4.42039233383563,58.5249016332043],[-4.41907969809023,58.5255783828548],[-4.4090622699455,58.5221073691219],[-4.43936156125736,58.504927064837],[-4.45497568191281,58.4960643039856],[-4.45032147654092,58.4969973811891],[-4.45562989364544,58.4938073980779],[-4.45998134847166,58.4731220121242],[-4.45176577833629,58.4839087777257],[-4.4441351936647,58.4749607434093],[-4.47869925753192,58.452811766765],[-4.45945385240938,58.4615126549439],[-4.48382821429351,58.4468938751118],[-4.47311828373681,58.4484113176428],[-4.47606332968672,58.4399773306591],[-4.44627395596233,58.4726791900397],[-4.43495957818856,58.4783509603317],[-4.42313533118399,58.4742318626251],[-4.42961023219865,58.4810997327968],[-4.44292697424793,58.4758372081507],[-4.45048177516952,58.4922122138948],[-4.44300792807079,58.4859081528835],[-4.43994762307902,58.4913842933326],[-4.42679969534043,58.4887681204632],[-4.44997046053397,58.4952184401979],[-4.43550004185879,58.4938183675696],[-4.43624591214237,58.494333768776],[-4.43422322725799,58.4942032611769],[-4.43455920213742,58.4941102677451],[-4.43363012267332,58.4941649848319],[-4.42105667777508,58.493352911293],[-4.41073914731218,58.5006999285543],[-4.41054216069877,58.5007543960858],[-4.41065603381822,58.5007590988637],[-4.40438323162733,58.5050619779343],[-4.40359678074433,58.5056013556329],[-4.40205022119084,58.5066619831999],[-4.3832551780323,58.5104186977857],[-4.35225787258807,58.5373702752579],[-4.32252891485524,58.5415535751819],[-4.30549407954811,58.5432908991426],[-4.27158849499279,58.5382836566069],[-4.26256540709595,58.5257123870181],[-4.23796554366725,58.5261840943391],[-4.24075010577861,58.5365162918692],[-4.24037194454653,58.5373637698702],[-4.21338789561968,58.5300682709439],[-4.21394038361598,58.5414378797018],[-4.20966044055992,58.5418233900766],[-4.21195189004598,58.5515472235631],[-4.20833906460435,58.5520366050682],[-4.18539642767088,58.5453944222103],[-4.17601564754782,58.5410622224901],[-4.15664013003694,58.5480237603118],[-4.15284898531664,58.5634094280814],[-4.13282879528996,58.5620230207827],[-4.13252282301713,58.5623585515914],[-4.13193626679824,58.5623242157837],[-4.12867670603319,58.5665756218615],[-4.12609790700855,58.569402514623],[-4.09395808176134,58.5567334584832],[-4.09040433795424,58.5593790505595],[-4.08118390774648,58.5567494595653],[-4.07353066876926,58.5505321616903],[-4.07288529269712,58.5543818517309],[-4.07201598771516,58.5541337889472],[-4.07124954802605,58.5640678356233],[-4.06466566558228,58.5662260713862],[-4.04742299081447,58.5718754778219],[-4.04350410442679,58.5910889762116],[-4.02563691197943,58.5908544574732],[-4.01900334770052,58.6016095975416],[-4.01802066556073,58.5992935648152],[-4.00459620521303,58.5636168963399],[-3.95762960140909,58.5742201897993],[-3.95707575794004,58.5742621473116],[-3.94522769833586,58.5683058219545],[-3.94458308943137,58.5677738515863],[-3.94439476439191,58.5678869633655],[-3.94290109134586,58.567135797678],[-3.93329600616169,58.573042130925],[-3.90476453109895,58.552135341602],[-3.90699137320835,58.5625016789742],[-3.90580031472444,58.5630596737694],[-3.89340010603002,58.5686861795184],[-3.87901155417265,58.5662407210641],[-3.86357562736093,58.5632970848661],[-3.86262977708968,58.5634541844096],[-3.85907911475108,58.562849884958],[-3.80081159635039,58.57362220301],[-3.80055824423628,58.5735319247883],[-3.77935293629429,58.563889454086],[-3.77786513777388,58.5672397188975],[-3.73716788971094,58.5893542598427],[-3.72224502673386,58.5958250324675],[-3.71896269957147,58.5972477498993],[-3.67376775546065,58.606443121392],[-3.6737011980882,58.6064290156301],[-3.67365616906887,58.6064664123239],[-3.67240965573837,58.6067333351546],[-3.66923435216562,58.6101383374086],[-3.65789176881322,58.6195531130643],[-3.63115786668464,58.6147208867757],[-3.53589517696581,58.6229281330838],[-3.53786510570712,58.6208563195878],[-3.55205209590466,58.6084378512835],[-3.52520814600015,58.5968960531826],[-3.51296413892821,58.5993429245124],[-3.52698778955743,58.5876679496941],[-3.50250768916544,58.6033763228688],[-3.47269991289735,58.6099995691162],[-3.45991158735907,58.6123699426984],[-3.38537367857012,58.5973895597578],[-3.37183569921694,58.5945398429663],[-3.37178837670128,58.594591728642],[-3.37062770119102,58.5944192733004],[-3.34931519349383,58.6191164698469],[-3.37942522427666,58.629326830183],[-3.41345815381559,58.6408517748306],[-3.40407778562639,58.6611102216125],[-3.38766285916151,58.6681108939744],[-3.38105416215102,58.6705886986161],[-3.37680302116917,58.672182213898],[-3.35481301472968,58.6639599230765],[-3.35451649769321,58.6635247102707],[-3.3444130649236,58.646716149316],[-3.31026117860279,58.6428728600821],[-3.2773883967942,58.6532282954553],[-3.22715052588487,58.6498569240844],[-3.18993144710635,58.6601791797796],[-3.17594414589654,58.650195650078],[-3.16127224439653,58.6379882677643],[-3.1592969268368,58.6383040896895],[-3.15779567486675,58.6372311957087],[-3.10034611038207,58.6467353258859],[-3.04435434397198,58.6447923067116],[-3.03542042914804,58.6443178258948],[-3.0246486122017,58.6437448906171],[-3.03465983137939,58.6186184027855],[-3.04283224825341,58.5980799519324],[-3.07285301263285,58.5919219491295],[-3.06016742441411,58.5813532477354],[-3.06812826322877,58.564071950629],[-3.12590008143843,58.5273750919458],[-3.12738885780849,58.523158533175],[-3.12816910600441,58.5209482898897],[-3.12936043684713,58.5201142527005],[-3.12898585903616,58.5186343356328],[-3.13515988814369,58.5011327101944],[-3.12054805456121,58.4852632288545],[-3.11925651514561,58.4801494888271],[-3.11386716992257,58.4780019628475],[-3.11184283861445,58.4758011108594],[-3.10857615451552,58.4758931414094],[-3.10411135307461,58.4741132574965],[-3.07976634299339,58.4767011956625],[-3.05028758017546,58.4775214333403],[-3.04914494122426,58.4757173361294],[-3.0604849021861,58.4418247254046],[-3.08180014386861,58.440935284814],[-3.070450717758,58.4321832904795],[-3.08542808877047,58.4188055800196],[-3.08725099267844,58.4149364473319],[-3.09139415516738,58.4114858530688],[-3.10791884785896,58.3711802717036],[-3.15586722302423,58.3432648134928],[-3.22072472711351,58.3054061095347],[-3.29105744977078,58.2977895186721],[-3.29602084027381,58.2908130722555],[-3.29740787045243,58.2892774504899],[-3.36557887136832,58.2739443766547],[-3.38137310598297,58.2703848503104],[-3.38536106520741,58.2674132691714],[-3.42408160282373,58.2462351565933],[-3.42811717483974,58.2466016425706],[-3.50621601606791,58.1737933658957],[-3.50843842115767,58.1717925495244],[-3.50975039795402,58.1712329272817],[-3.54009079629232,58.1595607822578],[-3.61263250005455,58.1315927553579],[-3.62243507850298,58.1230506533986],[-3.63794304321756,58.11640168011],[-3.64337508676423,58.1153903328892],[-3.65874560167737,58.120093247873],[-3.65116545808579,58.1141891459238],[-3.65199526722406,58.1137848196033],[-3.65835041784185,58.1126007118483],[-3.71608533028367,58.0825128846046],[-3.74536155155803,58.068199087613],[-3.80426880893597,58.0570554970674],[-3.83330381295687,58.0388940602106],[-3.8475899004694,58.0065801698578],[-3.87163754495439,57.9963990954317],[-3.96181670627707,57.9740875684965],[-3.96609654794813,57.9730264205888],[-3.98327371820671,57.969562177544],[-4.00380659082652,57.9347068163381],[-4.02824387544168,57.9344535307267],[-4.02990668449585,57.9344361258406],[-4.02832362906829,57.9358671435614],[-4.00866463752167,57.9536270596991],[-4.02903894065137,57.9485427626973],[-4.04684122621227,57.9440964679523],[-4.05451522393825,57.9546423631514],[-4.08190151242056,57.9513243298161],[-4.06898509540056,57.9367964577749],[-4.0332737934535,57.9269253900789],[-4.02783631735232,57.9272281435378],[-4.00466225412064,57.9285157926542],[-4.00947061880113,57.9323892775185],[-4.0013688181553,57.9263890571513],[-3.99220805031044,57.9030799587818],[-4.01309935043133,57.8907473468808],[-4.01138220107882,57.8593474007939],[-4.02424868897437,57.8635036111172],[-4.03675816750922,57.8675423094633],[-4.07285043642789,57.8671723747324],[-4.11168839534279,57.8484988253624],[-4.12108721677114,57.8557039522908],[-4.14112209378142,57.8553951948205],[-4.14419185635884,57.8561527346257],[-4.1344503294164,57.8591904205623],[-4.13527757003396,57.870163826966],[-4.16112529965245,57.8603295682349],[-4.16658600282284,57.8616758241453],[-4.1750642070426,57.8682687121493],[-4.21063854457916,57.8725239889745],[-4.21240384646322,57.8729582475065],[-4.21312657331965,57.8728211864866],[-4.23249441148258,57.8751328480209],[-4.27163049665723,57.8697434763084],[-4.27112993544364,57.8618043645187],[-4.27324165358827,57.8614026509522],[-4.2894311690878,57.8619544523428],[-4.33692148162872,57.8799462845156],[-4.30016546962024,57.861815730151],[-4.29695071939512,57.851899597734],[-4.2670634371966,57.8550446682099],[-4.26208891086209,57.8544732694506],[-4.19378359537527,57.8626424329595],[-4.16384486902147,57.8336761307772],[-4.11934748418265,57.8292068329887],[-4.13868945957551,57.8439977590449],[-4.11278088170818,57.8341573390627],[-4.11062879117226,57.8396748917153],[-4.10983680460838,57.8395078013837],[-4.10893965519806,57.8348664083113],[-4.09901431046997,57.837223861737],[-4.04417490492536,57.8136869574293],[-4.02193796454561,57.8223080266958],[-3.9608533983506,57.8459489230142],[-3.92985514182912,57.8335905458542],[-3.9188846078421,57.8379212015249],[-3.89356066266979,57.8251401610277],[-3.91239061893544,57.8272742644101],[-3.94739237712379,57.8135255547355],[-3.90914918048648,57.8226648339536],[-3.85923561198319,57.8245162956586],[-3.82838279581235,57.8353666830422],[-3.81295496240969,57.8602194334055],[-3.78449095624245,57.8648767797073],[-3.77205315621794,57.8668596246968],[-3.79331743582049,57.8364521682795],[-3.85265400388829,57.7960478995154],[-3.91632248161045,57.7525629375041],[-3.97498251767279,57.6946609543148],[-3.9827432264839,57.6944814827707],[-4.0148333668671,57.6949590682369],[-4.03587046967002,57.6952676809258],[-4.03630311950358,57.696805410541],[-4.01622054723798,57.7199090516056],[-4.0078053414483,57.7295806886574],[-4.00946304347009,57.7423285226724],[-4.01732948736653,57.7398212839783],[-4.04996209241466,57.7294115593805],[-4.0730843830146,57.7322864900879],[-4.1677868310373,57.6851268253355],[-4.20742551585537,57.692650887125],[-4.2393505282986,57.6879924547794],[-4.23811807362969,57.6804377151137],[-4.2394160108375,57.6799903968013],[-4.28893790270396,57.6812193673859],[-4.30106604163839,57.6676262976431],[-4.28383742232962,57.6652190260811],[-4.28418718933928,57.6647402731638],[-4.29899353210777,57.6650842968595],[-4.30498355541838,57.6564606435822],[-4.33785535125267,57.650070187843],[-4.34713808052945,57.6439886119972],[-4.38090573682374,57.6218431248419],[-4.39249035299646,57.6072916711833],[-4.39429153314453,57.6050280688651],[-4.39978964327659,57.5981158573299],[-4.40341580455124,57.5935550291187],[-4.39321669680081,57.598270731707],[-4.39246830744306,57.5941682467216],[-4.38924974222753,57.600104213101],[-4.37289140878155,57.6076615755586],[-4.36050473292148,57.6133804791176],[-4.35980409747764,57.6123706271208],[-4.34549849715611,57.618573322872],[-4.23182688602508,57.6677288261074],[-4.16568933241144,57.6758686823691],[-4.1653030324586,57.656935706754],[-4.12781435705818,57.659114115908],[-4.08569238907032,57.6647865062407],[-4.03634205220781,57.6838230487891],[-4.01399784376803,57.6799075318582],[-3.99451460013293,57.6764894223892],[-4.01313741789593,57.6643910347402],[-4.04507342473267,57.6436186747586],[-4.0939564853209,57.6125930992148],[-4.1020348152745,57.6074590473801],[-4.11294367731738,57.590095177031],[-4.09133065109807,57.5741315089104],[-4.13294079650673,57.5783184004318],[-4.13635635356406,57.5771687474249],[-4.1405390509161,57.5774575523208],[-4.17444647760771,57.5662064842475],[-4.18793165096055,57.5460860994928],[-4.19790362883846,57.5362491744297],[-4.23440764978362,57.5007763426806],[-4.33841970234171,57.5083754148266],[-4.38297076516092,57.5116029674594],[-4.37138872794559,57.5030403715318],[-4.37146298261178,57.5030345551192],[-4.37333066046742,57.4974784611202],[-4.38789047078793,57.504157575392],[-4.39571097877379,57.4993401644208],[-4.36016519658077,57.4948195352815],[-4.35992595064258,57.4946433613891],[-4.3724674928543,57.4928202749721],[-4.35846090915206,57.4935644930087],[-4.35213837775942,57.488907668353],[-4.37283638241025,57.4856249203884],[-4.35180504734684,57.4886621160385],[-4.34929818364476,57.4868154764261],[-4.33297864647892,57.4861908792258],[-4.28866255109261,57.481154194527],[-4.24287113871577,57.4940226525888],[-4.23653458859154,57.4955970577332],[-4.22238742988084,57.4963667192291],[-4.192132704929,57.4837077728515],[-4.17832080213911,57.4852743365819],[-4.14832094608698,57.5016871574732],[-4.14738308108805,57.5184295746691],[-4.11277161369453,57.5160605272173],[-4.10237632169203,57.5350686813615],[-4.04071338044426,57.5601493577562],[-4.04736428615241,57.5767733012362],[-4.07628546941682,57.5826148519251],[-4.058278470443,57.590855751979],[-4.0168865406212,57.5926070644414],[-4.00952584367012,57.599094033688],[-4.00824745248535,57.6002204009287],[-3.97054991777725,57.5935901819579],[-3.93098222518998,57.5858725611151],[-3.8694569724713,57.5896417511395],[-3.84934099318575,57.5991446551581],[-3.84766749887244,57.5999348589684],[-3.80639056100338,57.6170313302272],[-3.78380424030258,57.62637390718],[-3.76296453198972,57.6305522140348],[-3.76235080301605,57.6306751998634],[-3.73053609221682,57.6469727456618],[-3.71187007835047,57.6469885972383],[-3.71694539796676,57.6491836021834],[-3.71124023101269,57.6500728617621],[-3.71716246942829,57.6492774725061],[-3.72193145116199,57.6513395512635],[-3.68955158389873,57.6578134911608],[-3.67760707121799,57.6592193983556],[-3.6440294813031,57.6631649781702],[-3.61964200364767,57.655268328322],[-3.62125226738287,57.6383598076412],[-3.6077330361751,57.6557722388762],[-3.62428991989996,57.6627749454017],[-3.58895266861445,57.6633868251533],[-3.58195081588807,57.6624654437011],[-3.54510939477918,57.6641322502279],[-3.52848611047669,57.6644109011555],[-3.49665763796686,57.6791041344072],[-3.49760012254937,57.7041806000759],[-3.46026581309402,57.7036465745517],[-3.34479818123961,57.7243763732868],[-3.34196911351054,57.7248826627931],[-3.27950669257979,57.7246936355452],[-3.28313610134126,57.7177084504261],[-3.25898087117606,57.7055693830251],[-3.27942901670635,57.7192146830255],[-3.23058875521146,57.7015726019388],[-3.19873341112775,57.6952599024259],[-3.1757400029616,57.6887292798091],[-3.12108723519911,57.6798299919656],[-3.10591163427397,57.6768071652003],[-3.10536135737324,57.6685297467616],[-3.09249003537589,57.6710417015979],[-3.10019883039529,57.675699054004],[-3.02725011659205,57.6636069050886],[-3.00746367602361,57.6691379739781],[-2.99461034443228,57.6727284172056],[-2.93352625405932,57.6872004798767],[-2.92924911834441,57.6909552934445],[-2.88037237955429,57.7045514096525],[-2.86915553101103,57.7055849860583],[-2.84796452304066,57.7061281735831],[-2.83668539930758,57.6986199588257],[-2.83018354346359,57.6937559848399],[-2.82946720937192,57.6938128068323],[-2.8276600740965,57.6926090310494],[-2.80150732092034,57.6951408410958],[-2.79818556472587,57.6971209012086],[-2.79062126035002,57.6996415075259],[-2.77788463175289,57.6924146420765],[-2.76808205506988,57.6934069789083],[-2.74320196793641,57.6837945125817],[-2.74043100343591,57.6818819236513],[-2.71428279825834,57.6926626894401],[-2.71152836450345,57.6918235972578],[-2.68358379637703,57.6828019863433],[-2.67254285514002,57.6881506668199],[-2.6675124928043,57.6905867417904],[-2.63821649015356,57.6802051037539],[-2.58386053959576,57.6775088974919],[-2.58161133211793,57.6786567759801],[-2.5815149149084,57.6786526779184],[-2.58073158391882,57.6791831923118],[-2.57417416777091,57.6826912895488],[-2.56941451414815,57.6799051078108],[-2.56155040401994,57.6735814977675],[-2.55849706743959,57.6735120052986],[-2.55364087504331,57.670667259324],[-2.51133189481238,57.6661770485261],[-2.51125634586203,57.6661452430244],[-2.49720698259706,57.6731099517483],[-2.39650245648291,57.6682882311068],[-2.36211074409411,57.676041734406],[-2.34869674624792,57.6713283388285],[-2.34684683160099,57.670482796696],[-2.34656404846075,57.6705787080713],[-2.34463573744071,57.6699008603347],[-2.33696209646211,57.6728866780534],[-2.32493692857342,57.6775637886729],[-2.32566118350233,57.6804250102704],[-2.32547297184818,57.6868955542914],[-2.29754875592422,57.6962031526027],[-2.28591305239346,57.6904609220716],[-2.27082186386113,57.6817876690427],[-2.26818425282782,57.6817061865175],[-2.26332627184929,57.6793060699543],[-2.21169002220509,57.6795432931588],[-2.19190583338822,57.6713094558797],[-2.11808930386673,57.7011152907994],[-2.04231020920961,57.6917169313863],[-2.00429922287297,57.6988803549623],[-2.00167007794594,57.6940344220543],[-1.99446571765921,57.6807486865244],[-1.98698570108609,57.680159711817],[-1.98640062919183,57.6795040945996],[-1.95720650000217,57.6770509447677],[-1.95591542374385,57.6777083194952],[-1.92885915058473,57.6755671700513],[-1.90829665472429,57.6586023438999],[-1.89076986432134,57.6342917792388],[-1.8866822875985,57.6385000727255],[-1.88144319783818,57.6364183737178],[-1.87829493102821,57.633815403706],[-1.86621528595327,57.6298709724362],[-1.85925802872773,57.6275982701406],[-1.82642123884719,57.6145284177096],[-1.82626789995584,57.5678743379258],[-1.80413647234022,57.5563913078504],[-1.80230538080548,57.5460060690492],[-1.80471783348544,57.5292115875941],[-1.79864787313742,57.5252443373448],[-1.79728443740552,57.5174988094384],[-1.77466737761834,57.5095596784676],[-1.76794039155633,57.505156570802],[-1.771887506058,57.4972394982646],[-1.78222465429375,57.5035189087025],[-1.78833249772912,57.5015776618864],[-1.7906777115546,57.502202551751],[-1.79218911784608,57.4947579500811],[-1.78225638214905,57.4918521549429],[-1.78270588841481,57.4915508912294],[-1.7960899553075,57.4846602772908],[-1.79427961461103,57.4837917755828],[-1.79455648707067,57.4836061055885],[-1.77619625920289,57.4727594762319],[-1.77927501722868,57.4652918106334],[-1.7976186677493,57.4549880982085],[-1.80107005716472,57.4536745158707],[-1.80391212516202,57.4501401209477],[-1.83193306050702,57.4152530592377],[-1.8397033307686,57.4127590891611],[-1.84901578587385,57.4162581357285],[-1.86057751644457,57.4070705005347],[-1.85860839325059,57.3921625569086],[-1.8588067798753,57.38967878139],[-1.91016835638165,57.3658759416168],[-1.92134731993049,57.3577921317073],[-1.96874905910448,57.3257211295426],[-1.96944778947419,57.3248434573182],[-1.97439883248833,57.3214552990157],[-1.9780971590681,57.3166844267416],[-1.98678248954388,57.3103827289576],[-1.9898595415709,57.3061116501186],[-2.00164829015351,57.29053370576],[-2.01668998826412,57.2706363193491],[-2.0607712058506,57.2121903295199],[-2.06098236781459,57.2119098709262],[-2.07683882294804,57.1775781999932],[-2.07630676807753,57.1493440397955],[-2.0782155592784,57.1412983671642],[-2.06172686304583,57.1432490967396],[-2.0467883617533,57.1400612991146],[-2.07257238172597,57.1036867776505],[-2.07306812856577,57.1036870316797],[-2.08175935539911,57.0909510282384],[-2.08523784349245,57.0858509875425],[-2.08644033215201,57.08264066993],[-2.09209775082302,57.0679964725392],[-2.16130442884981,57.0180461352814],[-2.17735313782234,56.9795270564036],[-2.20915358245818,56.9676404907484],[-2.19124677301383,56.9509177848609],[-2.19127439059571,56.9506903935792],[-2.20058572851202,56.9481288125907],[-2.19672207391408,56.9111601303973],[-2.19647674377759,56.9088102694186],[-2.19662013745502,56.9086308143049],[-2.21582992663984,56.89471043088],[-2.22376575656138,56.8746244300028],[-2.22970567483216,56.8671742166923],[-2.2687632141068,56.8450560358207],[-2.27457493440628,56.8455407661915],[-2.27726193142482,56.829619003125],[-2.28014144558637,56.8276343783886],[-2.28791777271063,56.8274526503768],[-2.30608180167659,56.8097431291959],[-2.32553957863478,56.7963079619015],[-2.32904538200906,56.7947287894722],[-2.33707191380757,56.791112403805],[-2.35684756008489,56.7865752789721],[-2.37149536205696,56.7755890175936],[-2.37591522543587,56.7735942456423],[-2.40117991286769,56.7737950217008],[-2.42410240799947,56.7549430897436],[-2.42492858903508,56.753467927593],[-2.43757113980765,56.7308793433431],[-2.45223927335909,56.7046360462688],[-2.46551846547582,56.7022101813817],[-2.44235418117192,56.7011775811369],[-2.44020773720537,56.6924612751179],[-2.44464022717115,56.6842805391199],[-2.45993001099555,56.6770595053364],[-2.48357533417551,56.6716501463695],[-2.5113063847027,56.6516061174841],[-2.50233517028474,56.6304229709006],[-2.49489678981327,56.6297769604888],[-2.48024514179153,56.6213540370026],[-2.48230220071921,56.6193265077403],[-2.52246347459988,56.5807249228349],[-2.53752169251335,56.5759818473417],[-2.53750488143704,56.5668884338595],[-2.60556850281233,56.5504985836639],[-2.6061929010227,56.5503479892344],[-2.63674047102983,56.5268086925908],[-2.65172422436894,56.5208745443863],[-2.71603748778778,56.4953617640208],[-2.73315769296913,56.4661094422717],[-2.74980282987774,56.4684096431666],[-2.79496140314926,56.4804914672037],[-2.8386563698689,56.4740704417784],[-2.83969287624206,56.4736881226382],[-2.87017009483002,56.4624392356993],[-2.87095406701199,56.4625276254298],[-2.89004567732502,56.4683880509129],[-2.90980733021237,56.466901430667],[-2.91525830931735,56.4675139943826],[-2.92231191846192,56.4659589954788],[-2.93930222014745,56.4646762544374],[-2.97515121376607,56.4571296112756],[-3.0031188743664,56.4512332734291],[-3.03929873039,56.4510049905693],[-3.05202260756161,56.4583480388159],[-3.0520688270219,56.4583311612233],[-3.12656285156958,56.431086980227],[-3.22881764121656,56.368237592694],[-3.25405864264332,56.3689049023607],[-3.26342690314581,56.3658559187562],[-3.29621082287418,56.3551766662411],[-3.30122383256318,56.3535423990954],[-3.29615901147831,56.3536525461522],[-3.26280784283666,56.3543725885738],[-3.26597651552781,56.3534953676689],[-3.27634606384651,56.3510357928957],[-3.27320251592758,56.3514944534833],[-3.27553365735941,56.3508488126019],[-3.2771104190765,56.3504120717308],[-3.27462755015855,56.3506402581373],[-3.22631587081346,56.3550699498874],[-3.19099343856801,56.3665729251873],[-3.03964719475919,56.4156684866713],[-2.98998701180567,56.4207197958183],[-2.9743978542476,56.4277265904532],[-2.92127337166179,56.4515706977109],[-2.91811563516901,56.4516415929581],[-2.87818810825077,56.4499459440175],[-2.85507801864789,56.4386942606213],[-2.81584017024868,56.4449076347022],[-2.80305819607012,56.4383695502509],[-2.81475340439271,56.3888031749179],[-2.83752047400839,56.3737869072824],[-2.84964759606289,56.3693828587541],[-2.86407809076195,56.3641394226662],[-2.83878903862318,56.3529648142944],[-2.82076478427223,56.3670752545766],[-2.80616779403299,56.3444996519164],[-2.79048633733276,56.3415163275156],[-2.77847737491524,56.3352008435723],[-2.77789964163009,56.3328773990785],[-2.6603826237155,56.3183236811436],[-2.64809174499253,56.3078980742627],[-2.63039377580609,56.2928737594539],[-2.5889075855074,56.280182721582],[-2.59577673394833,56.26986733973],[-2.60285545005227,56.2635189129774],[-2.62951031450553,56.2575038879071],[-2.64706904931428,56.2473813798439],[-2.69244114885363,56.2211886522769],[-2.6973953981526,56.2200477022664],[-2.70411878776907,56.2226601229907],[-2.70660145349,56.2179268527634],[-2.77043607945582,56.2031955629409],[-2.77073228386039,56.2030388021605],[-2.7816044243165,56.2008855964973],[-2.8010012256087,56.1900170781268],[-2.81225875458439,56.1837049897698],[-2.81355932129651,56.1837815617487],[-2.8189374191029,56.1896610453395],[-2.83371659159011,56.1849665652259],[-2.86917084727979,56.1870426899531],[-2.86783771660858,56.1895653575274],[-2.86603027072072,56.1929850179872],[-2.87638040549872,56.1928634058704],[-2.87850441052571,56.1946401650034],[-2.8725786617922,56.1978580770349],[-2.88995169259315,56.2059093209309],[-2.91303221922437,56.2091907544966],[-2.91411827902083,56.2094730014251],[-2.91482787127274,56.2094458431529],[-2.94334837424615,56.2134935128897],[-2.95764988830399,56.2077992850331],[-2.96165918574481,56.2076443597459],[-2.96870249609134,56.2034555117357],[-2.9690037934259,56.2032762922523],[-2.9963081922418,56.1923905601387],[-3.01436832054118,56.1941880060149],[-2.99665413610771,56.1905081537845],[-2.99859171875347,56.1885782152046],[-3.00586360575497,56.1813329675093],[-3.00737625694371,56.1804316809182],[-3.00489645602711,56.1855833783773],[-3.04620044866849,56.1676007658258],[-3.05438725834909,56.1627448926067],[-3.05444745253804,56.1627047063185],[-3.10731626613255,56.1312423177231],[-3.14601668047733,56.1183647780097],[-3.14946018702418,56.1178948388361],[-3.14981972211617,56.1170982014362],[-3.15101599569896,56.116699748493],[-3.15144494081793,56.1134967205192],[-3.17437959615684,56.0626004661124],[-3.21675312300501,56.0638510615892],[-3.23423760444559,56.0546636326534],[-3.24357633287116,56.0551090408337],[-3.26618305446057,56.0594043466535],[-3.2842705934874,56.0561711952903],[-3.28391953179678,56.0531135155127],[-3.28602279064758,56.0520307583724],[-3.28753849500412,56.0512504280103],[-3.29496189156625,56.0529577530577],[-3.32225679205496,56.0335779573543],[-3.33450176296944,56.0395707427578],[-3.3501320176095,56.0302366197843],[-3.37414048759566,56.027448662009],[-3.3954193707384,56.0291559790613],[-3.40277321818981,56.0241439580251],[-3.38805717936686,56.0225015171587],[-3.39141567344756,56.0061069402164],[-3.41282840955934,56.0165881496468],[-3.41837023449438,56.0161086716214],[-3.4384599666347,56.0237807464096],[-3.44886403016361,56.0216084438253],[-3.44280256349378,56.0179090411476],[-3.455939413778,56.0203704535529],[-3.4632991619831,56.0302341904543],[-3.52168191930203,56.0417325589627],[-3.54068342206258,56.0402402343302],[-3.54991458992407,56.0417912705635],[-3.57552389259849,56.058864702276],[-3.59043279882699,56.0594615242179],[-3.59384834131956,56.0458246210767],[-3.60691106585368,56.0461417979335],[-3.60808063327111,56.0461701282778],[-3.61751015366271,56.0559626928513],[-3.6863454433034,56.0480517435626],[-3.73991096910169,56.076564050598],[-3.74507557548598,56.0724192489438],[-3.73278120113809,56.0615471790238],[-3.729178023844,56.047619276076],[-3.72339306458056,56.025235601378],[-3.68205690018524,56.0356594418337],[-3.68044411544349,56.0302764241525],[-3.67146677695276,56.0157234472717],[-3.67503744286986,56.0117121814004],[-3.60582438510426,56.019981819718],[-3.59753999315767,56.0209688118558],[-3.52365998416381,56.0035090122308],[-3.51632935632186,56.0017733249655],[-3.50899298063703,56.0011349184098],[-3.42596434638537,55.9938774521483],[-3.42534776450794,55.9938233352938],[-3.42059700065219,55.9952669324207],[-3.41405164689939,55.9946454772705],[-3.41473799476452,55.9926991689267],[-3.38969103062902,55.9897893708194],[-3.38346518681602,55.9917364606078],[-3.38227496359008,55.9916230989109],[-3.37200538288172,55.9953191281269],[-3.35196599482099,56.0015800368501],[-3.30377967345667,55.9752629299848],[-3.29800156257886,55.9824388702886],[-3.28366759512687,55.9811039197977],[-3.26278992882888,55.979156506133],[-3.22585579621595,55.9871312671044],[-3.22257499252953,55.9876800096095],[-3.22191706374844,55.9807871648077],[-3.22071864353903,55.9878687055919],[-3.21824581707089,55.9805503701117],[-3.1993435932997,55.9803261049177],[-3.18233677967985,55.9913950889902],[-3.11626445590357,55.9568457610059],[-3.10038865052506,55.9527114508272],[-3.09908280416675,55.951924589066],[-3.09633800469308,55.9516561276238],[-3.0776803626568,55.9467927490882],[-3.0769907361844,55.946849176011],[-3.04956880600201,55.9490895890338],[-3.0526972760216,55.9429242332164],[-3.04294903683823,55.9536877571711],[-3.0139983273945,55.9529502620896],[-3.01206997196955,55.9526937715619],[-3.01155900668521,55.95288780945],[-3.01009143790934,55.9528502135854],[-3.00162143565076,55.9566607982714],[-2.96402076375617,55.9709228610796],[-2.9628858322216,55.9710235714545],[-2.91528998319617,55.9752371133644],[-2.88605250448539,55.9951331154843],[-2.89059394567731,56.0097077824486],[-2.89075547103192,56.0102259183754],[-2.84229359400955,56.0150427429584],[-2.86410575129535,56.0231247184487],[-2.86578158063238,56.0364057391101],[-2.85455942658525,56.0390947085209],[-2.83835708532166,56.0412325784449],[-2.81588080613585,56.0623591386736],[-2.78648039995175,56.0656758401362],[-2.75712434850255,56.058896349824],[-2.66064367030527,56.0593172668434],[-2.64384695694706,56.0553053219304],[-2.63755930359761,56.0538026978005],[-2.62043225603374,56.0479754977206],[-2.61391946946901,56.0330377707554],[-2.58366035674204,56.0210244025648],[-2.58968816416866,56.0115127323241],[-2.59847466578403,55.997639060842],[-2.51212242687697,56.0064481674186],[-2.50785124823478,55.9993049919683],[-2.47295100901504,55.9929576710484],[-2.46307843637232,55.9892066450757],[-2.45502048477875,55.9896919895794],[-2.44525552503395,55.9879121680547],[-2.41947517425086,55.9705696641672],[-2.40810185801235,55.9713896224626],[-2.39972229269965,55.9667633825552],[-2.39347226741883,55.9564777035763],[-2.36674550153262,55.9459556157108],[-2.3653776312148,55.9453643505252],[-2.33043714202322,55.9302499835946],[-2.32166984377562,55.9294590329674],[-2.25915625713783,55.923800272099],[-2.22370023215498,55.9330029889817],[-2.17515875152573,55.9162215896681],[-2.13793525562245,55.9170054237387],[-2.13726776175653,55.915872451691],[-2.13270113349672,55.8935391776426],[-2.13453576217634,55.8917181101649],[-2.1320670446904,55.8904360676909],[-2.13195065866667,55.8898664319584],[-2.12965760453626,55.8891846787143],[-2.10362178252377,55.8756543512711],[-2.0916618791972,55.8778784061756],[-2.09106433304715,55.8777004500469],[-2.08903313682842,55.8700196740003],[-2.07690339436871,55.8726280115251],[-2.06978037055851,55.8426831002804],[-2.05917468463464,55.83321508884],[-2.03453334116233,55.8111957241053],[-2.08612309427019,55.793045271488],[-2.08563914903876,55.7620403339433],[-2.10764153176145,55.7598881515839],[-2.11763747623683,55.7387750010784],[-2.1440192719196,55.7393488758754],[-2.15057590272696,55.7231544092576],[-2.17651977447433,55.7188375136977],[-2.16723105928949,55.7060351656943],[-2.2186591607188,55.6759071381416],[-2.21845272805107,55.6642602692339],[-2.24834586160378,55.6521497554078],[-2.23436858586758,55.6410421018838],[-2.30578970416839,55.6470437745825],[-2.33600510128932,55.6324814837827],[-2.32431056016351,55.6261659078182],[-2.30862602968368,55.6288759781345],[-2.3160941125707,55.6204584689942],[-2.28923229505333,55.6037736976922],[-2.28881057092811,55.5803072667808],[-2.24030650591669,55.555627170165],[-2.22884551552221,55.5095187818006],[-2.20264927507782,55.4895412894695],[-2.2013358331861,55.4752675207087],[-2.16552123212145,55.4683818998743],[-2.18807797550291,55.4621152762314],[-2.19485820048131,55.4445902861234],[-2.23128191247241,55.4284292928827],[-2.26061128927204,55.4329339989058],[-2.31325356259943,55.4067893351075],[-2.33562914471265,55.4082080643391],[-2.34494682160794,55.399313431888],[-2.33002052064814,55.3812415681135],[-2.34623321175054,55.3730610542629],[-2.33752995734802,55.3671909676835],[-2.37891180668306,55.3491694380124],[-2.39950503983204,55.3482214019491],[-2.41499664354288,55.3589219038862],[-2.47539346393944,55.3547399208929],[-2.52026965851613,55.3230470920814],[-2.55900833851598,55.3178528230182],[-2.57336309653362,55.2968843981579],[-2.60923810325275,55.2832480274005],[-2.62665606674879,55.2622209394175],[-2.64677118122793,55.2600438647232],[-2.61145085823108,55.247134430211],[-2.63022898083156,55.2447914977189],[-2.63141420723571,55.223698086694],[-2.66681478936403,55.2215803917584],[-2.68979023468094,55.1889842117909],[-2.70340462668594,55.1732113018482],[-2.78487492211835,55.1417752174784],[-2.82550257522399,55.138314073192],[-2.82760794396969,55.124836869601],[-2.85854005903919,55.1083488051246],[-2.88629245338617,55.0948098956192],[-2.89687924721877,55.0779496478709],[-2.94042911606649,55.0691281621337],[-2.93640742375779,55.0595859281934],[-2.95859356801056,55.0492945929747],[-3.05092854163158,55.052803598944],[-3.05341969197789,55.0472840389931],[-3.0258749316412,55.0364588169844],[-3.05432366136424,54.9900402142059],[-3.05345175565949,54.992804538826],[-3.0916148254037,54.9754759800673],[-3.11427645494109,54.9772070569392],[-3.14933213894352,54.9637250731804],[-3.2047845762341,54.978311940386],[-3.24103479857733,54.9680447366461],[-3.25127217433957,54.9718868978473],[-3.25372479559999,54.9728071441547],[-3.26911472452694,54.9655089525568],[-3.330775394889,54.9794595977712],[-3.37066365141478,54.9706433018762],[-3.40853916083418,54.9744289199778],[-3.43728958397749,54.9890299858153],[-3.47607008352193,54.9667824019146],[-3.52249459339898,54.9654406689836],[-3.56031404182196,54.9785869497883],[-3.56425657872322,54.9855334549682],[-3.57684879192805,55.0077027806641],[-3.59098088804435,54.9983564144915],[-3.57621588935496,54.9792105666318],[-3.5870626495153,54.9764535570745],[-3.5778624367872,54.9621071004988],[-3.58971650848177,54.9261570517112],[-3.57772853740227,54.9244374328269],[-3.57257788980551,54.9236981835031],[-3.56296612639235,54.9072107178218],[-3.59493194424661,54.8839544026013],[-3.59492160745486,54.8727605555629],[-3.68840535147918,54.8795002080635],[-3.68602207331389,54.8908873873859],[-3.72747705590821,54.8805769154411],[-3.75991133188951,54.8580083052482],[-3.765059011417,54.8564064320579],[-3.78839106286204,54.8531934325209],[-3.8122270837628,54.8713871075563],[-3.81997571385295,54.8867103158712],[-3.82621077972632,54.8614709635014],[-3.80722985607287,54.8453235198579],[-3.82298079844696,54.8469853819167],[-3.84249218299576,54.8667866472389],[-3.85566075808138,54.865308130515],[-3.83528711138093,54.845990220111],[-3.85295148938929,54.850865666744],[-3.86374630204553,54.845925242508],[-3.82767593507726,54.8254903696934],[-3.83144672804047,54.8212458584475],[-3.86861875243822,54.8084662339087],[-3.98442207928821,54.7685284602516],[-4.00598778381614,54.7745707994642],[-4.04533821557913,54.7699426683017],[-4.05173949179055,54.7735903250643],[-4.06386551827976,54.7837711111979],[-4.04565060020989,54.8154250638863],[-4.05516995403887,54.8255467155357],[-4.0681299123701,54.8136652441576],[-4.0720577297519,54.8176699546726],[-4.06397062628439,54.8334314688548],[-4.09132883436072,54.8143642079634],[-4.0898931369674,54.7818864210599],[-4.10621263686968,54.7784185999337],[-4.08998442504919,54.7738445701116],[-4.0900590233974,54.7735673964144],[-4.09435671325474,54.7658211726059],[-4.10647594553071,54.7678883883122],[-4.11159393912128,54.7775125148211],[-4.12061082644616,54.7776978917716],[-4.12405959123857,54.7806756090944],[-4.12235515531232,54.7878913898339],[-4.1389080350972,54.7759311106108],[-4.15970093064761,54.7803066399343],[-4.16062395301384,54.7808613212083],[-4.17935235248721,54.7993856093486],[-4.17987176583867,54.7998990755044],[-4.18050773707116,54.8086157169325],[-4.20919214824961,54.8135663400316],[-4.21314971688101,54.8180842969864],[-4.21301577552766,54.8185738324078],[-4.21350284503497,54.8184873706948],[-4.21954091181303,54.8253780299301],[-4.21252171812702,54.8369440876735],[-4.2246990081368,54.8396786994882],[-4.2232319625093,54.8489979035573],[-4.20307624622766,54.86768379903],[-4.22780544041115,54.8642025368218],[-4.25742155472908,54.8372867062828],[-4.27204495676142,54.8390670985712],[-4.30708734997894,54.8447209836707],[-4.36268898127152,54.8631823889027],[-4.38339600149096,54.8777206055113],[-4.39171633848708,54.8982725830793],[-4.39388796462919,54.8990432394238],[-4.39633842405901,54.9110509856099],[-4.39781004239237,54.9182585232704],[-4.40052980015387,54.9109683284772],[-4.40525589160471,54.8982937779431],[-4.39626427727757,54.8937802367514],[-4.42060515512837,54.8867582491159],[-4.43070504671317,54.867537055978],[-4.42226554337879,54.863950138156],[-4.41223811595871,54.8279812039689],[-4.35449319749891,54.8133613888804],[-4.34123034935772,54.7991191217173],[-4.34666853214213,54.7905897110649],[-4.3694060800316,54.7929324400456],[-4.36018221218982,54.7776559335653],[-4.37109239546527,54.7720470633928],[-4.36050367076656,54.7688560414337],[-4.36498872397786,54.7410376701025],[-4.36466543232892,54.7318952308696],[-4.36464195514148,54.7312311070186],[-4.3669425941919,54.7228625663229],[-4.34968480630606,54.7086398889451],[-4.39290141532892,54.677408917109],[-4.48399731385274,54.699819612496],[-4.48443172168385,54.6999967311496],[-4.51263750808444,54.7114901627579],[-4.52790418907049,54.7204160800451],[-4.5332989535205,54.7199010066037],[-4.54125306179454,54.7231370739825],[-4.54318697670143,54.7282810179762],[-4.54503456841624,54.7331940478597],[-4.5715876621152,54.7381045100733],[-4.60081169684553,54.7769596861088],[-4.67231576926702,54.8003066272274],[-4.70903677610137,54.8240847407652],[-4.77725648192072,54.8319519069315],[-4.78494383617176,54.8356867815523],[-4.80560868940981,54.8553748861749],[-4.817838460277,54.8670157036448],[-4.85607770053388,54.8703419850868],[-4.85229729196082,54.8585138699088],[-4.93609412717784,54.8326335668168],[-4.9611098741929,54.8040210741849],[-4.91750253453521,54.743222458861],[-4.91104242655045,54.7200012861882],[-4.90581521425962,54.7011909479263],[-4.8669218035777,54.6820078721165],[-4.88373368176,54.653546497071],[-4.87727182678986,54.6391890115859],[-4.85301870536292,54.6372385491297],[-4.85271536553277,54.6372068963481],[-4.87486444030203,54.6332549709359]]]]},"properties":{"OBJECTID":11,"ITL121CD":"TLM","ITL121NM":"Scotland","BNG_E":277744,"BNG_N":700060,"LONG":-3.97094,"LAT":56.17743,"Shape__Area":78654826320.818,"Shape__Length":9816914.7983310446,"GlobalID":"b111fe1e-771e-4a35-bdab-cca58fcf17e4"}},{"type":"Feature","id":12,"geometry":{"type":"MultiPolygon","coordinates":[[[[-6.18991594869724,55.2584649530643],[-6.20082189074935,55.2753929179206],[-6.1930358610339,55.2926274351854],[-6.28609463649531,55.2934492708116],[-6.27000453971483,55.306963340963],[-6.2399627106718,55.3120797201995],[-6.16976043857174,55.3015780943379],[-6.18991594869724,55.2584649530643]]],[[[-5.52451559152586,54.6689614299492],[-5.54541862179215,54.6728668110707],[-5.53399350916429,54.6817324741412],[-5.52130681350634,54.6763980628907],[-5.52451559152586,54.6689614299492]]],[[[-6.06272153791029,54.0227361083666],[-6.10757095911421,54.0401736460887],[-6.09850854030411,54.048565148579],[-6.07307548337557,54.0459044270337],[-6.09494940355491,54.0626422695916],[-6.15938706246341,54.0649566843393],[-6.1831935189542,54.073649020909],[-6.19809850043,54.098170061891],[-6.25408551114497,54.0963536352351],[-6.28452467384191,54.1098568596909],[-6.29088218767922,54.1126750162251],[-6.30902232580748,54.1067085415914],[-6.31801232054094,54.0909620602998],[-6.33635474719602,54.0947223139299],[-6.33994727679151,54.1119075983758],[-6.36639048946198,54.113642954275],[-6.36352618245028,54.0726056958541],[-6.39126985865415,54.0588355652513],[-6.41199494482935,54.0630749348322],[-6.44352624932341,54.0564653965045],[-6.45603934175166,54.0725438538254],[-6.47775779166534,54.0771101490942],[-6.47127143322683,54.0662947127334],[-6.51052802644449,54.0526709547541],[-6.53196711287595,54.0596523889312],[-6.55794197470512,54.0492800794145],[-6.58492600633418,54.0570659563713],[-6.58661444902679,54.0575528313855],[-6.59494294969931,54.0445960763751],[-6.62383843800906,54.0364871488216],[-6.6689790287571,54.0728072786138],[-6.65816569629924,54.0762026413059],[-6.65888409696322,54.0961329863678],[-6.64507324724208,54.095949396956],[-6.66122274969651,54.1226652641825],[-6.64854717235095,54.1216122077459],[-6.64602833320951,54.1258619328663],[-6.62975009380272,54.1533050034589],[-6.64405486238958,54.1797542896742],[-6.69185994092017,54.2002286755499],[-6.71010228459993,54.1980400242396],[-6.72103447895283,54.181992092977],[-6.74080426483726,54.181913450597],[-6.75594648969665,54.1990362705866],[-6.7755827636695,54.1989002414153],[-6.8010176137442,54.2131949682166],[-6.80040621165624,54.2211043689734],[-6.81616846653068,54.2230075553295],[-6.82774251481747,54.2614464515017],[-6.87801918636478,54.2790616644097],[-6.87501568908235,54.287331586423],[-6.86146216780861,54.2811132381321],[-6.85095257292832,54.2919803802269],[-6.85288186973708,54.297653894701],[-6.86392370940211,54.3300912993271],[-6.87604222383113,54.3465722071935],[-6.90637099583797,54.3504297188629],[-6.91118846894316,54.3747005477342],[-6.9288891628012,54.3772794645217],[-6.93271843463362,54.377836985398],[-6.9291941184683,54.379817611479],[-6.92375216508397,54.3828753655963],[-6.92974990142824,54.3844423931161],[-6.95964882501701,54.392247750669],[-6.97879497001986,54.4085898208672],[-6.99582333781805,54.4053695215691],[-7.02907277361943,54.4213258057242],[-7.05731646669507,54.4110244717404],[-7.0723990336052,54.38835071238],[-7.10970473296794,54.3683160205709],[-7.10350091377046,54.3559022591088],[-7.15271951725625,54.3352258827355],[-7.18883022761483,54.3376489461982],[-7.17914877779829,54.3096899993998],[-7.19786709731945,54.3110650358266],[-7.21219347850517,54.2996019194678],[-7.17290746336668,54.2860659265939],[-7.17375176897462,54.2842836720707],[-7.17929558052329,54.2725774758131],[-7.16064553484886,54.2736163937031],[-7.14224373046421,54.2556213291848],[-7.15899118829546,54.2436668863563],[-7.14604061613307,54.2397503064081],[-7.14495174680615,54.2247154746579],[-7.17110982867385,54.2175920839615],[-7.1882735224296,54.2248727278948],[-7.19878653125569,54.2156114135009],[-7.21670294287246,54.2157740276127],[-7.22084650877721,54.2158112540254],[-7.23185492617844,54.2055694460051],[-7.2480617635609,54.2044169719802],[-7.24921327333455,54.197899295139],[-7.23297728668328,54.1977969400791],[-7.25905874263635,54.1922420991821],[-7.25824823551583,54.1773765201962],[-7.24026995808636,54.1696848129107],[-7.25814341613478,54.164486907519],[-7.252518307072,54.155682904326],[-7.27950622084661,54.1223799991732],[-7.30070608243159,54.1214883920195],[-7.3089364255133,54.1321126032578],[-7.2854412870308,54.1363599109645],[-7.30133062260096,54.1443265438644],[-7.2838007292864,54.1538523719057],[-7.27976515005401,54.16762681425],[-7.31021417692711,54.1673091622057],[-7.33949504529969,54.1466895067174],[-7.30532907405189,54.123355628365],[-7.31882791463597,54.1133465202044],[-7.32706512389662,54.1245944009944],[-7.34617283959833,54.1165026297472],[-7.36352050626414,54.1314395504023],[-7.39189821542397,54.1202016990981],[-7.37278393591374,54.1395220071436],[-7.4203894036907,54.1368537683529],[-7.40955331328967,54.1562131329523],[-7.44233997579956,54.1539028105886],[-7.46850236125282,54.1407850204133],[-7.4793288762712,54.1222484764628],[-7.51260489455486,54.1314600130271],[-7.5281411349466,54.1357561489957],[-7.54738750046423,54.1221115259741],[-7.56572847135703,54.1265865965144],[-7.57456954333734,54.1414980060292],[-7.61040436291889,54.1437969797738],[-7.62850235361996,54.1692405078947],[-7.65612031685476,54.1856634753167],[-7.67653487144104,54.1819765166177],[-7.68542757746016,54.2077618193112],[-7.73919279041999,54.2035228309339],[-7.76799527689191,54.209423834688],[-7.81147150795377,54.2008866906212],[-7.82985707684095,54.2071737522976],[-7.86024218473215,54.2175535516136],[-7.860425408922,54.2527687271105],[-7.86046471120236,54.2602601274475],[-7.87280332492432,54.2662087355036],[-7.87320720150303,54.2795200850969],[-7.86188555461547,54.2934868672309],[-7.88093744324972,54.2918933217357],[-7.901500205233,54.3014286974874],[-7.91088753781309,54.2959999081144],[-7.96165131898818,54.3124348820642],[-8.00028816203082,54.3580955956059],[-8.03135168846062,54.356682437536],[-8.05739402513679,54.3657415572166],[-8.08413725874873,54.3973973768306],[-8.12323440458695,54.4197543750953],[-8.16152873907109,54.441615263794],[-8.14305595082018,54.4509201200416],[-8.17557244324223,54.4640075024739],[-8.17748428241518,54.4647764407689],[-8.17570708964048,54.4648981936165],[-8.11474984464609,54.4690580752843],[-8.11318277445764,54.4763797013341],[-8.09111345060056,54.4763465623801],[-8.09861391344695,54.4842129600388],[-8.08903810543802,54.4870898940622],[-8.04260603070889,54.4877233155215],[-8.04175544639434,54.5064922702983],[-8.00596571136952,54.5459418315675],[-7.97031661793301,54.5472898677962],[-7.94972356429179,54.5336450692052],[-7.87638084819217,54.5331786198106],[-7.85051187442264,54.5330034424757],[-7.82390895335624,54.5444047827603],[-7.83324202177037,54.5523421121136],[-7.79659126993712,54.5716240481424],[-7.79404163873645,54.5815883000879],[-7.76229314599286,54.5858683035735],[-7.75147497886598,54.5987990265961],[-7.70348193244229,54.6084590737989],[-7.69348361906111,54.6191113545065],[-7.70639606634845,54.6195812849148],[-7.70648604435143,54.6202807423088],[-7.70836787720627,54.6349023548588],[-7.74014754777531,54.6186847493401],[-7.74159461592633,54.6179457949048],[-7.74298386958169,54.6185498166965],[-7.75788087274282,54.6250245751177],[-7.77246359861682,54.6215020516954],[-7.81325914546056,54.643883996582],[-7.82833417363988,54.6330407547422],[-7.85452714641011,54.6319238021733],[-7.85658899607321,54.6504753478437],[-7.89328184947149,54.6565230445935],[-7.89433541673106,54.6572639821904],[-7.90986291618991,54.6681795845857],[-7.91386707262378,54.6759515708186],[-7.89872439737547,54.6874496693455],[-7.89804120398098,54.6879682388056],[-7.89884037028417,54.6882465645937],[-7.9210129254369,54.6959648972564],[-7.91811315974202,54.70271680223],[-7.90094440133447,54.7026969936975],[-7.87947186678759,54.7026687861409],[-7.83667410573548,54.7364293549993],[-7.81769741912034,54.733808611808],[-7.8047088315451,54.7186520454801],[-7.78867311292549,54.7196163836646],[-7.74994675840576,54.7042537602884],[-7.73530255087124,54.7169131070913],[-7.71160962797056,54.7260965576792],[-7.69703140024267,54.723770178707],[-7.63662067766314,54.7515008447956],[-7.61759779920657,54.7433604208882],[-7.59567963752717,54.7436133583382],[-7.58855084344894,54.7436947696092],[-7.57928324190895,54.7504396174932],[-7.57840150556591,54.7417519575049],[-7.54333131919408,54.7426737975962],[-7.53420899555007,54.7470881530021],[-7.54754787558453,54.755347778463],[-7.5493055859769,54.7893537473401],[-7.5282570482859,54.8076933557707],[-7.52539020728747,54.8087389744966],[-7.48402569082471,54.8238124778312],[-7.44309544336464,54.871342026834],[-7.44733861797536,54.9350416821123],[-7.39208421520729,54.9454326617752],[-7.40745593226813,54.9636559610515],[-7.40704598781881,54.9829862092623],[-7.39481183364803,54.9946492205715],[-7.39145871224321,54.9978444533259],[-7.40558090822482,55.0033098735681],[-7.39144386240263,55.0223467564738],[-7.34620532699638,55.0505036837453],[-7.32438952967145,55.0462618528587],[-7.3183461546542,55.0450859261378],[-7.29943214354826,55.0561250004358],[-7.28920053213694,55.0474115970289],[-7.26486583394657,55.0666355018601],[-7.2543781054879,55.0600113755762],[-7.2555477884299,55.0654509630782],[-7.24553286572439,55.0635122881756],[-7.25176910790016,55.0441696853451],[-7.23280866116843,55.0482121205093],[-7.22486611323556,55.0610638903355],[-7.15651892733259,55.0590313598671],[-7.14703863785252,55.0467238746553],[-7.11015905209584,55.0425167582021],[-7.05140702786115,55.0495379433815],[-7.05000149108029,55.0569018563001],[-7.0417119087322,55.0530363400142],[-7.0458998782759,55.0582735359229],[-7.01470072162818,55.0765563083005],[-7.01380637168049,55.0770800421207],[-7.01560525754917,55.0837669548733],[-7.02008917661941,55.100423811243],[-7.01778354350174,55.1011233515209],[-6.98999286254769,55.1095498927835],[-6.9688224043102,55.1478886087121],[-6.96603438388505,55.192928862913],[-6.96592115068433,55.1947570244943],[-6.96167744274002,55.1931066585022],[-6.91368308557788,55.1744215779715],[-6.87472061554582,55.1680703785114],[-6.75262324907807,55.1685470567638],[-6.72458284780606,55.173218448459],[-6.72188237154486,55.1899018125852],[-6.71452157209727,55.190952353634],[-6.65949589010717,55.1987899455026],[-6.6610109090372,55.2049933783329],[-6.66288812308621,55.2126768297517],[-6.65019502900935,55.2054070203374],[-6.6495913444646,55.2050611652569],[-6.60643759207617,55.2059195336843],[-6.60136558759118,55.2072622739056],[-6.55289962661861,55.2200779144485],[-6.54612682802143,55.2160217081446],[-6.52852047210679,55.2249790824042],[-6.53058763893029,55.2337192385355],[-6.47588465818254,55.2521588102759],[-6.45495074152445,55.2390595834363],[-6.40930689281313,55.2322768059034],[-6.40473257411467,55.2337843767759],[-6.36813927689115,55.2458343615278],[-6.33256540277683,55.2396448948965],[-6.31266544447089,55.2298131597187],[-6.28942674611265,55.2302465732126],[-6.26844238406646,55.2193876272799],[-6.23618491046875,55.2026761066815],[-6.17805897620753,55.2138297275261],[-6.15675367531996,55.2232499527782],[-6.14595369484933,55.2280221274591],[-6.13921652404707,55.2238474743128],[-6.1161348881972,55.2095353759888],[-6.08682961050651,55.2037470813533],[-6.06222813386567,55.1988810591308],[-6.05112740443924,55.1757580888988],[-6.02689292504773,55.1612260001697],[-6.02548622817366,55.1404473938965],[-6.04119285708092,55.131015154718],[-6.03596824653533,55.1032469874882],[-6.05873073570126,55.0812325805111],[-6.05281537882682,55.0657457133718],[-6.06224944358356,55.060088368511],[-6.0424656598533,55.0529660359783],[-5.97692873094826,55.0562971809219],[-5.96934539528918,55.0496103816669],[-5.96319065139563,55.04418123659],[-5.99007301125634,54.984514642232],[-5.91898707001458,54.9617533994697],[-5.87805459518433,54.9076396726483],[-5.85828274057395,54.8987432761377],[-5.8442956930328,54.9007536788139],[-5.83719906014456,54.8806754336047],[-5.82827483273595,54.8742519300265],[-5.79760395007116,54.8521544729954],[-5.78332982522922,54.8510840317552],[-5.77980646227525,54.858682725001],[-5.76590091267552,54.8522784519505],[-5.76261892764346,54.8593453749257],[-5.73938368823413,54.8523234245639],[-5.72514938983868,54.8480182114262],[-5.68964873981269,54.8037059119921],[-5.68804706275384,54.7669586146604],[-5.71010896761564,54.745930234978],[-5.72862724814815,54.7357674204008],[-5.7548816396339,54.7213456529428],[-5.79024095702048,54.720926416872],[-5.85711820892519,54.6934507082431],[-5.86825366605302,54.6888687324182],[-5.89570256393835,54.6740597475948],[-5.91286240825532,54.6479813168351],[-5.85510332711835,54.633675575597],[-5.80539824508262,54.6590488402742],[-5.74101399428131,54.6776229061749],[-5.72240274893474,54.6679350827123],[-5.72066293751517,54.667029058347],[-5.68001508909411,54.6688454403564],[-5.67253108468942,54.6629724938877],[-5.65601284180713,54.6709739828482],[-5.63912148478252,54.6672054529463],[-5.63257114108482,54.6796384571418],[-5.58390160268635,54.6776755826889],[-5.53018929572445,54.6449747684061],[-5.5340731355435,54.6224450674119],[-5.52161466863824,54.5976168612403],[-5.47724932775527,54.5640537071292],[-5.48576535864182,54.546621467349],[-5.47585688598431,54.5251337762467],[-5.46356476965468,54.4984426368465],[-5.43278427013932,54.4873271377049],[-5.4420049101522,54.4756195602176],[-5.43562299898684,54.4571098171493],[-5.48004618574141,54.428435557175],[-5.46423845353013,54.414606369198],[-5.4601850946866,54.3863509856524],[-5.48969052757792,54.3763940217539],[-5.49302614653041,54.3653084133808],[-5.4812757662327,54.3566770175653],[-5.49817245137628,54.3514881327925],[-5.49764220290205,54.3446357389369],[-5.49676413593182,54.3332820519878],[-5.51597184422536,54.3243388640101],[-5.53163079912326,54.315804496465],[-5.52578296286449,54.3103493378856],[-5.55054113027578,54.3063507320996],[-5.56032038742777,54.2864827679973],[-5.59057669574586,54.2637919955376],[-5.60797162809922,54.2654211608839],[-5.6087629680478,54.2487138069314],[-5.6181740179411,54.2461734411116],[-5.62402351162284,54.255782731172],[-5.63437927947072,54.2524310237516],[-5.63980565711528,54.2629886441689],[-5.63635612150266,54.2422697912543],[-5.66018062375627,54.225614697697],[-5.67709921765285,54.2465934813577],[-5.6845146053335,54.248828985333],[-5.69275391768905,54.2513120454368],[-5.82157185257948,54.2428568075122],[-5.83383195010691,54.2566624525912],[-5.81586122868444,54.2591468544325],[-5.81438348807952,54.2864800457757],[-5.8500904366515,54.2533196301091],[-5.8333194524155,54.251250855628],[-5.82972710783383,54.2419447182668],[-5.89286626882186,54.2054256278785],[-5.87177602650751,54.1676037220933],[-5.877576741265,54.1531127055037],[-5.89692617276888,54.1047041628946],[-5.95194553347635,54.0777935844416],[-5.96304560931326,54.062724190445],[-5.97376970204422,54.0622624375182],[-5.99615549378157,54.0612954501382],[-5.98816416601028,54.0575978267555],[-6.0137004764891,54.04189065295],[-6.06272153791029,54.0227361083666]]]]},"properties":{"OBJECTID":12,"ITL121CD":"TLN","ITL121NM":"Northern Ireland","BNG_E":86544,"BNG_N":535337,"LONG":-6.8557,"LAT":54.61501,"Shape__Area":14331860006.300526,"Shape__Length":829125.171864821,"GlobalID":"bade4b3a-a047-49d3-9685-abfd0679fd70"}}]}